============ 21989826621 3316039825
24791625834
24791625835
24791625836
24791625837
24791625838
28584658551
28584658552
28584658553
28584658554
28584658555
28715674765
28715674766
28715674767
28715674768
28715674769
20234636191
20234636192
20234636193
20234636194
20234636195
18435690772
18435690773
18435690774
18435690775
18435690776
18593452332
18593452333
18593452334
18593452335
18593452336
27529562871
27529562872
27529562873
27529562874
27529562875
15666975297
15666975298
15666975299
15666975300
15666975301
22509268883
22509268884
22509268885
22509268886
22509268887
16790415887
16790415888
16790415889
16790415890
16790415891
19064970743
19064970744
19064970745
19064970746
19064970747
19064970748
19064970749
19064970750
19064970751
19064970752
19064970753
19064970754
19064970755
19064970756
19064970757
19064970758
19064970759
19064970760
19064970761
19064970762
19064970763
19064970764
19064970765
19064970766
19064970767
19064970768
19064970769
19064970770
19064970771
19064970772
22776752528
22776752529
22776752530
22776752531
22776752532
22776752533
22776752534
22776752535
22776752536
22776752537
22776752538
22776752539
22776752540
22776752541
22776752542
22776752543
22776752544
22776752545
22776752546
22776752547
22776752548
22776752549
22776752550
22776752551
22776752552
22776752553
22776752554
22776752555
22776752556
22776752557
22821102588
22821102589
22821102590
22821102591
22821102592
22821102593
22821102594
22821102595
22821102596
22821102597
22821102598
22821102599
22821102600
22821102601
22821102602
22821102603
22821102604
22821102605
22821102606
22821102607
22821102608
22821102609
22821102610
22821102611
22821102612
22821102613
22821102614
22821102615
22821102616
22821102617
26577628239
26577628240
26577628241
26577628242
26577628243
26577628244
26577628245
26577628246
26577628247
26577628248
26577628249
26577628250
26577628251
26577628252
26577628253
26577628254
26577628255
26577628256
26577628257
26577628258
26577628259
26577628260
26577628261
26577628262
26577628263
26577628264
26577628265
26577628266
26577628267
26577628268
16275084464
16275084465
16275084466
16275084467
16275084468
16275084469
16275084470
16275084471
16275084472
16275084473
16275084474
16275084475
16275084476
16275084477
16275084478
16275084479
16275084480
16275084481
16275084482
16275084483
16275084484
16275084485
16275084486
16275084487
16275084488
16275084489
16275084490
16275084491
16275084492
16275084493
28892089791
28892089792
28892089793
28892089794
28892089795
28892089796
28892089797
28892089798
28892089799
28892089800
28892089801
28892089802
28892089803
28892089804
28892089805
28892089806
28892089807
28892089808
28892089809
28892089810
28892089811
28892089812
28892089813
28892089814
28892089815
28892089816
28892089817
28892089818
28892089819
28892089820
23878786946
23878786947
23878786948
23878786949
23878786950
23878786951
23878786952
23878786953
23878786954
23878786955
23878786956
23878786957
23878786958
23878786959
23878786960
23878786961
23878786962
23878786963
23878786964
23878786965
23878786966
23878786967
23878786968
23878786969
23878786970
23878786971
23878786972
23878786973
23878786974
23878786975
18786674928
18786674929
18786674930
18786674931
18786674932
20029216835
20029216836
20029216837
20029216838
20029216839
27747048564
27747048565
27747048566
27747048567
27747048568
15090351347
15090351348
15090351349
15090351350
15090351351
15559557393
15559557394
15559557395
15559557396
15559557397
27870544262
27870544263
27870544264
27870544265
27870544266
26711206587
26711206588
26711206589
26711206590
26711206591
17198959352
17198959353
17198959354
17198959355
17198959356
25410566451
25410566452
25410566453
25410566454
25410566455
15074038222
15074038223
15074038224
15074038225
15074038226
27748324460
27748324461
27748324462
27748324463
27748324464
28927103730
28927103731
28927103732
28927103733
28927103734
24676424177
24676424178
24676424179
24676424180
24676424181
28399077279
28399077280
28399077281
28399077282
28399077283
26311959023
26311959024
26311959025
26311959026
26311959027
24566279600
24566279601
24566279602
24566279603
24566279604
21278116603
21278116604
21278116605
21278116606
21278116607
28274420105
28274420106
28274420107
28274420108
28274420109
15698653491
15698653492
15698653493
15698653494
15698653495
21552750920
21552750921
21552750922
21552750923
21552750924
22544213410
22544213411
22544213412
22544213413
22544213414
18820619051
18820619052
18820619053
18820619054
18820619055
25739698040
25739698041
25739698042
25739698043
25739698044
23458506050
23458506051
23458506052
23458506053
23458506054
18908645692
18908645693
18908645694
18908645695
18908645696
16621722367
16621722368
16621722369
16621722370
16621722371
22383337022
22383337023
22383337024
22383337025
22383337026
27420402097
27420402098
27420402099
27420402100
27420402101
17871240611
17871240612
17871240613
17871240614
17871240615
16553149162
16553149163
16553149164
16553149165
16553149166
25413832703
25413832704
25413832705
25413832706
25413832707
20340145871
20340145872
20340145873
20340145874
20340145875
18417932808
18417932809
18417932810
18417932811
18417932812
26219938059
26219938060
26219938061
26219938062
26219938063
26969958008
26969958009
26969958010
26969958011
26969958012
24189910986
24189910987
24189910988
24189910989
24189910990
27975475514
27975475515
27975475516
27975475517
27975475518
14864948522
14864948523
14864948524
14864948525
14864948526
15239235907
15239235908
15239235909
15239235910
15239235911
25045595006
25045595007
25045595008
25045595009
25045595010
22257764226
22257764227
22257764228
22257764229
22257764230
15626682435
15626682436
15626682437
15626682438
15626682439
28048571479
28048571480
28048571481
28048571482
28048571483
20879085067
20879085068
20879085069
20879085070
20879085071
17608264776
17608264777
17608264778
17608264779
17608264780
19696568179
19696568180
19696568181
19696568182
19696568183
23701220841
23701220842
23701220843
23701220844
23701220845
15731641218
15731641219
15731641220
15731641221
15731641222
20894546354
20894546355
20894546356
20894546357
20894546358
23276557665
23276557666
23276557667
23276557668
23276557669
18317891731
18317891732
18317891733
18317891734
18317891735
22535856712
22535856713
22535856714
22535856715
22535856716
28963768466
28963768467
28963768468
28963768469
28963768470
15206001855
15206001856
15206001857
15206001858
15206001859
25679617911
25679617912
25679617913
25679617914
25679617915
16412862719
16412862720
16412862721
16412862722
16412862723
15656148668
15656148669
15656148670
15656148671
15656148672
15074059943
15074059944
15074059945
15074059946
15074059947
28318855848
28318855849
28318855850
28318855851
28318855852
19603782066
19603782067
19603782068
19603782069
19603782070
14813699223
14813699224
14813699225
14813699226
14813699227
24084817581
24084817582
24084817583
24084817584
24084817585
15039982321
15039982322
15039982323
15039982324
15039982325
26265460441
26265460442
26265460443
26265460444
26265460445
16466800145
16466800146
16466800147
16466800148
16466800149
15214490925
15214490926
15214490927
15214490928
15214490929
18381503451
18381503452
18381503453
18381503454
18381503455
17741309890
17741309891
17741309892
17741309893
17741309894
15230891302
15230891303
15230891304
15230891305
15230891306
29311608414
29311608415
29311608416
29311608417
29311608418
25428874191
25428874192
25428874193
25428874194
25428874195
24257455400
24257455401
24257455402
24257455403
24257455404
16107978044
16107978045
16107978046
16107978047
16107978048
26709672432
26709672433
26709672434
26709672435
26709672436
16738774787
16738774788
16738774789
16738774790
16738774791
15340553859
15340553860
15340553861
15340553862
15340553863
26855783740
26855783741
26855783742
26855783743
26855783744
29402673010
29402673011
29402673012
29402673013
29402673014
16786838570
16786838571
16786838572
16786838573
16786838574
22387565802
22387565803
22387565804
22387565805
22387565806
17170368155
17170368156
17170368157
17170368158
17170368159
17828306170
17828306171
17828306172
17828306173
17828306174
16884986570
16884986571
16884986572
16884986573
16884986574
28100857840
28100857841
28100857842
28100857843
28100857844
18299951401
18299951402
18299951403
18299951404
18299951405
25428028541
25428028542
25428028543
25428028544
25428028545
25408163672
25408163673
25408163674
25408163675
25408163676
24903355886
24903355887
24903355888
24903355889
24903355890
17422692223
17422692224
17422692225
17422692226
17422692227
16846358274
16846358275
16846358276
16846358277
16846358278
26761404418
26761404419
26761404420
26761404421
26761404422
28368803354
28368803355
28368803356
28368803357
28368803358
16529049861
16529049862
16529049863
16529049864
16529049865
28492811753
28492811754
28492811755
28492811756
28492811757
29404667063
29404667064
29404667065
29404667066
29404667067
17403961473
17403961474
17403961475
17403961476
17403961477
17204764018
17204764019
17204764020
17204764021
17204764022
22244654950
22244654951
22244654952
22244654953
22244654954
17036878718
17036878719
17036878720
17036878721
17036878722
16997575263
16997575264
16997575265
16997575266
16997575267
16696845500
16696845501
16696845502
16696845503
16696845504
26968555924
26968555925
26968555926
26968555927
26968555928
23453856549
23453856550
23453856551
23453856552
23453856553
29286358458
29286358459
29286358460
29286358461
29286358462
23792673277
23792673278
23792673279
23792673280
23792673281
14931743921
14931743922
14931743923
14931743924
14931743925
23688278474
23688278475
23688278476
23688278477
23688278478
18473522452
18473522453
18473522454
18473522455
18473522456
15342649669
15342649670
15342649671
15342649672
15342649673
28792750031
28792750032
28792750033
28792750034
28792750035
20811319809
20811319810
20811319811
20811319812
20811319813
16540135392
16540135393
16540135394
16540135395
16540135396
14995683131
14995683132
14995683133
14995683134
14995683135
16980790775
16980790776
16980790777
16980790778
16980790779
21501694906
21501694907
21501694908
21501694909
21501694910
14853314516
14853314517
14853314518
14853314519
14853314520
17430310117
17430310118
17430310119
17430310120
17430310121
19234261083
19234261084
19234261085
19234261086
19234261087
21119544504
21119544505
21119544506
21119544507
21119544508
28333506811
28333506812
28333506813
28333506814
28333506815
16614372475
16614372476
16614372477
16614372478
16614372479
25263505018
25263505019
25263505020
25263505021
25263505022
19908349746
19908349747
19908349748
19908349749
19908349750
26910860377
26910860378
26910860379
26910860380
26910860381
16169748329
16169748330
16169748331
16169748332
16169748333
21266202466
21266202467
21266202468
21266202469
21266202470
18524293757
18524293758
18524293759
18524293760
18524293761
18524293762
18524293763
18524293764
18524293765
18524293766
18524293767
18524293768
18524293769
18524293770
18524293771
18524293772
18524293773
18524293774
18524293775
18524293776
18524293777
18524293778
18524293779
18524293780
18524293781
18524293782
18524293783
18524293784
18524293785
18524293786
18524293787
18524293788
18524293789
18524293790
18524293791
18524293792
18524293793
18524293794
18524293795
18524293796
18524293797
18524293798
18524293799
18524293800
18524293801
18524293802
18524293803
18524293804
18524293805
18524293806
18524293807
18524293808
18524293809
18524293810
18524293811
18524293812
18524293813
18524293814
18524293815
18524293816
18524293817
18524293818
18524293819
18524293820
18524293821
18524293822
18524293823
18524293824
18524293825
18524293826
18524293827
18524293828
18524293829
18524293830
18524293831
18524293832
18524293833
18524293834
18524293835
18524293836
18524293837
18524293838
18524293839
18524293840
18524293841
18524293842
18524293843
18524293844
18524293845
18524293846
18524293847
18524293848
18524293849
18524293850
18524293851
18524293852
18524293853
18524293854
18524293855
18524293856
18524293857
18524293858
15697212913
15697212914
15697212915
15697212916
15697212917
15697212918
15697212919
15697212920
15697212921
15697212922
15697212923
15697212924
15697212925
15697212926
15697212927
15697212928
15697212929
15697212930
15697212931
15697212932
15697212933
15697212934
15697212935
15697212936
15697212937
15697212938
15697212939
15697212940
15697212941
15697212942
15697212943
15697212944
15697212945
15697212946
15697212947
15697212948
15697212949
15697212950
15697212951
15697212952
15697212953
15697212954
15697212955
15697212956
15697212957
15697212958
15697212959
15697212960
15697212961
15697212962
15697212963
15697212964
15697212965
15697212966
15697212967
15697212968
15697212969
15697212970
15697212971
15697212972
15697212973
15697212974
15697212975
15697212976
15697212977
15697212978
15697212979
15697212980
15697212981
15697212982
15697212983
15697212984
15697212985
15697212986
15697212987
15697212988
15697212989
15697212990
15697212991
15697212992
15697212993
15697212994
15697212995
15697212996
15697212997
15697212998
15697212999
15697213000
15697213001
15697213002
15697213003
15697213004
15697213005
15697213006
15697213007
15697213008
15697213009
15697213010
15697213011
15697213012
15697213013
15697213014
24310355674
24310355675
24310355676
24310355677
24310355678
24310355679
24310355680
24310355681
24310355682
24310355683
24310355684
24310355685
24310355686
24310355687
24310355688
24310355689
24310355690
24310355691
24310355692
24310355693
24310355694
24310355695
24310355696
24310355697
24310355698
24310355699
24310355700
24310355701
24310355702
24310355703
24310355704
24310355705
24310355706
24310355707
24310355708
24310355709
24310355710
24310355711
24310355712
24310355713
24310355714
24310355715
24310355716
24310355717
24310355718
24310355719
24310355720
24310355721
24310355722
24310355723
24310355724
24310355725
24310355726
24310355727
24310355728
24310355729
24310355730
24310355731
24310355732
24310355733
24310355734
24310355735
24310355736
24310355737
24310355738
24310355739
24310355740
24310355741
24310355742
24310355743
24310355744
24310355745
24310355746
24310355747
24310355748
24310355749
24310355750
24310355751
24310355752
24310355753
24310355754
24310355755
24310355756
24310355757
24310355758
24310355759
24310355760
24310355761
24310355762
24310355763
24310355764
24310355765
24310355766
24310355767
24310355768
24310355769
24310355770
24310355771
24310355772
24310355773
24310355774
24310355775
19693884785
19693884786
19693884787
19693884788
19693884789
19693884790
19693884791
19693884792
19693884793
19693884794
19693884795
19693884796
19693884797
19693884798
19693884799
19693884800
19693884801
19693884802
19693884803
19693884804
19693884805
19693884806
19693884807
19693884808
19693884809
19693884810
19693884811
19693884812
19693884813
19693884814
19693884815
19693884816
19693884817
19693884818
19693884819
19693884820
19693884821
19693884822
19693884823
19693884824
19693884825
19693884826
19693884827
19693884828
19693884829
19693884830
19693884831
19693884832
19693884833
19693884834
19693884835
19693884836
19693884837
19693884838
19693884839
19693884840
19693884841
19693884842
19693884843
19693884844
19693884845
19693884846
19693884847
19693884848
19693884849
19693884850
19693884851
19693884852
19693884853
19693884854
19693884855
19693884856
19693884857
19693884858
19693884859
19693884860
19693884861
19693884862
19693884863
19693884864
19693884865
19693884866
19693884867
19693884868
19693884869
19693884870
19693884871
19693884872
19693884873
19693884874
19693884875
19693884876
19693884877
19693884878
19693884879
19693884880
19693884881
19693884882
19693884883
19693884884
19693884885
19693884886
21370105544
21370105545
21370105546
21370105547
21370105548
21370105549
21370105550
21370105551
21370105552
21370105553
21370105554
21370105555
21370105556
21370105557
21370105558
21370105559
21370105560
21370105561
21370105562
21370105563
21370105564
21370105565
21370105566
21370105567
21370105568
21370105569
21370105570
21370105571
21370105572
21370105573
21370105574
21370105575
21370105576
21370105577
21370105578
21370105579
21370105580
21370105581
21370105582
21370105583
21370105584
21370105585
21370105586
21370105587
21370105588
21370105589
21370105590
21370105591
21370105592
21370105593
21370105594
21370105595
21370105596
21370105597
21370105598
21370105599
21370105600
21370105601
21370105602
21370105603
21370105604
21370105605
21370105606
21370105607
21370105608
21370105609
21370105610
21370105611
21370105612
21370105613
21370105614
21370105615
21370105616
21370105617
21370105618
21370105619
21370105620
21370105621
21370105622
21370105623
21370105624
21370105625
21370105626
21370105627
21370105628
21370105629
21370105630
21370105631
21370105632
21370105633
21370105634
21370105635
21370105636
21370105637
21370105638
21370105639
21370105640
21370105641
21370105642
21370105643
21370105644
21370105645
24383709528
24383709529
24383709530
24383709531
24383709532
24383709533
24383709534
24383709535
24383709536
24383709537
24383709538
24383709539
24383709540
24383709541
24383709542
24383709543
24383709544
24383709545
24383709546
24383709547
24383709548
24383709549
24383709550
24383709551
24383709552
24383709553
24383709554
24383709555
24383709556
24383709557
24383709558
24383709559
24383709560
24383709561
24383709562
24383709563
24383709564
24383709565
24383709566
24383709567
24383709568
24383709569
24383709570
24383709571
24383709572
24383709573
24383709574
24383709575
24383709576
24383709577
24383709578
24383709579
24383709580
24383709581
24383709582
24383709583
24383709584
24383709585
24383709586
24383709587
24383709588
24383709589
24383709590
24383709591
24383709592
24383709593
24383709594
24383709595
24383709596
24383709597
24383709598
24383709599
24383709600
24383709601
24383709602
24383709603
24383709604
24383709605
24383709606
24383709607
24383709608
24383709609
24383709610
24383709611
24383709612
24383709613
24383709614
24383709615
24383709616
24383709617
24383709618
24383709619
24383709620
24383709621
24383709622
24383709623
24383709624
24383709625
24383709626
24383709627
24383709628
24383709629
15337258357
15337258358
15337258359
15337258360
15337258361
15337258362
15337258363
15337258364
15337258365
15337258366
15337258367
15337258368
15337258369
15337258370
15337258371
15337258372
15337258373
15337258374
15337258375
15337258376
15337258377
15337258378
15337258379
15337258380
15337258381
15337258382
15337258383
15337258384
15337258385
15337258386
15337258387
15337258388
15337258389
15337258390
15337258391
15337258392
15337258393
15337258394
15337258395
15337258396
15337258397
15337258398
15337258399
15337258400
15337258401
15337258402
15337258403
15337258404
15337258405
15337258406
15337258407
15337258408
15337258409
15337258410
15337258411
15337258412
15337258413
15337258414
15337258415
15337258416
15337258417
15337258418
15337258419
15337258420
15337258421
15337258422
15337258423
15337258424
15337258425
15337258426
15337258427
15337258428
15337258429
15337258430
15337258431
15337258432
15337258433
15337258434
15337258435
15337258436
15337258437
15337258438
15337258439
15337258440
15337258441
15337258442
15337258443
15337258444
15337258445
15337258446
15337258447
15337258448
15337258449
15337258450
15337258451
15337258452
15337258453
15337258454
15337258455
15337258456
15337258457
15337258458
27032700319
27032700320
27032700321
27032700322
27032700323
27032700324
27032700325
27032700326
27032700327
27032700328
27032700329
27032700330
27032700331
27032700332
27032700333
27032700334
27032700335
27032700336
27032700337
27032700338
27032700339
27032700340
27032700341
27032700342
27032700343
27032700344
27032700345
27032700346
27032700347
27032700348
27032700349
27032700350
27032700351
27032700352
27032700353
27032700354
27032700355
27032700356
27032700357
27032700358
27032700359
27032700360
27032700361
27032700362
27032700363
27032700364
27032700365
27032700366
27032700367
27032700368
27032700369
27032700370
27032700371
27032700372
27032700373
27032700374
27032700375
27032700376
27032700377
27032700378
27032700379
27032700380
27032700381
27032700382
27032700383
27032700384
27032700385
27032700386
27032700387
27032700388
27032700389
27032700390
27032700391
27032700392
27032700393
27032700394
27032700395
27032700396
27032700397
27032700398
27032700399
27032700400
27032700401
27032700402
27032700403
27032700404
27032700405
27032700406
27032700407
27032700408
27032700409
27032700410
27032700411
27032700412
27032700413
27032700414
27032700415
27032700416
27032700417
27032700418
27032700419
27032700420
23644468217
23644468218
23644468219
23644468220
23644468221
23644468222
23644468223
23644468224
23644468225
23644468226
23644468227
23644468228
23644468229
23644468230
23644468231
23644468232
23644468233
23644468234
23644468235
23644468236
23644468237
23644468238
23644468239
23644468240
23644468241
23644468242
23644468243
23644468244
23644468245
23644468246
23644468247
23644468248
23644468249
23644468250
23644468251
23644468252
23644468253
23644468254
23644468255
23644468256
23644468257
23644468258
23644468259
23644468260
23644468261
23644468262
23644468263
23644468264
23644468265
23644468266
23644468267
23644468268
23644468269
23644468270
23644468271
23644468272
23644468273
23644468274
23644468275
23644468276
23644468277
23644468278
23644468279
23644468280
23644468281
23644468282
23644468283
23644468284
23644468285
23644468286
23644468287
23644468288
23644468289
23644468290
23644468291
23644468292
23644468293
23644468294
23644468295
23644468296
23644468297
23644468298
23644468299
23644468300
23644468301
23644468302
23644468303
23644468304
23644468305
23644468306
23644468307
23644468308
23644468309
23644468310
23644468311
23644468312
23644468313
23644468314
23644468315
23644468316
23644468317
23644468318
15970253100
15970253101
15970253102
15970253103
15970253104
15970253105
15970253106
15970253107
15970253108
15970253109
15970253110
15970253111
15970253112
15970253113
15970253114
15970253115
15970253116
15970253117
15970253118
15970253119
15970253120
15970253121
15970253122
15970253123
15970253124
15970253125
15970253126
15970253127
15970253128
15970253129
15970253130
15970253131
15970253132
15970253133
15970253134
15970253135
15970253136
15970253137
15970253138
15970253139
15970253140
15970253141
15970253142
15970253143
15970253144
15970253145
15970253146
15970253147
15970253148
15970253149
15970253150
15970253151
15970253152
15970253153
15970253154
15970253155
15970253156
15970253157
15970253158
15970253159
15970253160
15970253161
15970253162
15970253163
15970253164
15970253165
15970253166
15970253167
15970253168
15970253169
15970253170
15970253171
15970253172
15970253173
15970253174
15970253175
15970253176
15970253177
15970253178
15970253179
15970253180
15970253181
15970253182
15970253183
15970253184
15970253185
15970253186
15970253187
15970253188
15970253189
15970253190
15970253191
15970253192
15970253193
15970253194
15970253195
15970253196
15970253197
15970253198
15970253199
15970253200
15970253201
20553519755
20553519756
20553519757
20553519758
20553519759
20553519760
20553519761
20553519762
20553519763
20553519764
20553519765
20553519766
20553519767
20553519768
20553519769
20553519770
20553519771
20553519772
20553519773
20553519774
20553519775
20553519776
20553519777
20553519778
20553519779
20553519780
20553519781
20553519782
20553519783
20553519784
20553519785
20553519786
20553519787
20553519788
20553519789
20553519790
20553519791
20553519792
20553519793
20553519794
20553519795
20553519796
20553519797
20553519798
20553519799
20553519800
20553519801
20553519802
20553519803
20553519804
20553519805
20553519806
20553519807
20553519808
20553519809
20553519810
20553519811
20553519812
20553519813
20553519814
20553519815
20553519816
20553519817
20553519818
20553519819
20553519820
20553519821
20553519822
20553519823
20553519824
20553519825
20553519826
20553519827
20553519828
20553519829
20553519830
20553519831
20553519832
20553519833
20553519834
20553519835
20553519836
20553519837
20553519838
20553519839
20553519840
20553519841
20553519842
20553519843
20553519844
20553519845
20553519846
20553519847
20553519848
20553519849
20553519850
20553519851
20553519852
20553519853
20553519854
20553519855
20553519856
15013715958
15013715959
15013715960
15013715961
15013715962
15013715963
15013715964
15013715965
15013715966
15013715967
15013715968
15013715969
15013715970
15013715971
15013715972
15013715973
15013715974
15013715975
15013715976
15013715977
15013715978
15013715979
15013715980
15013715981
15013715982
15013715983
15013715984
15013715985
15013715986
15013715987
15013715988
15013715989
15013715990
15013715991
15013715992
15013715993
15013715994
15013715995
15013715996
15013715997
15013715998
15013715999
15013716000
15013716001
15013716002
15013716003
15013716004
15013716005
15013716006
15013716007
15013716008
15013716009
15013716010
15013716011
15013716012
15013716013
15013716014
15013716015
15013716016
15013716017
15013716018
15013716019
15013716020
15013716021
15013716022
15013716023
15013716024
15013716025
15013716026
15013716027
15013716028
15013716029
15013716030
15013716031
15013716032
15013716033
15013716034
15013716035
15013716036
15013716037
15013716038
15013716039
15013716040
15013716041
15013716042
15013716043
15013716044
15013716045
15013716046
15013716047
15013716048
15013716049
15013716050
15013716051
15013716052
15013716053
15013716054
15013716055
15013716056
15013716057
15013716058
15013716059
25085845406
25085845407
25085845408
25085845409
25085845410
25085845411
25085845412
25085845413
25085845414
25085845415
25085845416
25085845417
25085845418
25085845419
25085845420
25085845421
25085845422
25085845423
25085845424
25085845425
25085845426
25085845427
25085845428
25085845429
25085845430
25085845431
25085845432
25085845433
25085845434
25085845435
25085845436
25085845437
25085845438
25085845439
25085845440
25085845441
25085845442
25085845443
25085845444
25085845445
25085845446
25085845447
25085845448
25085845449
25085845450
25085845451
25085845452
25085845453
25085845454
25085845455
25085845456
25085845457
25085845458
25085845459
25085845460
25085845461
25085845462
25085845463
25085845464
25085845465
25085845466
25085845467
25085845468
25085845469
25085845470
25085845471
25085845472
25085845473
25085845474
25085845475
25085845476
25085845477
25085845478
25085845479
25085845480
25085845481
25085845482
25085845483
25085845484
25085845485
25085845486
25085845487
25085845488
25085845489
25085845490
25085845491
25085845492
25085845493
25085845494
25085845495
25085845496
25085845497
25085845498
25085845499
25085845500
25085845501
25085845502
25085845503
25085845504
25085845505
25085845506
25085845507
15830926698
15830926699
15830926700
15830926701
15830926702
15830926703
15830926704
15830926705
15830926706
15830926707
15830926708
15830926709
15830926710
15830926711
15830926712
15830926713
15830926714
15830926715
15830926716
15830926717
15830926718
15830926719
15830926720
15830926721
15830926722
15830926723
15830926724
15830926725
15830926726
15830926727
15830926728
15830926729
15830926730
15830926731
15830926732
15830926733
15830926734
15830926735
15830926736
15830926737
15830926738
15830926739
15830926740
15830926741
15830926742
15830926743
15830926744
15830926745
15830926746
15830926747
15830926748
15830926749
15830926750
15830926751
15830926752
15830926753
15830926754
15830926755
15830926756
15830926757
15830926758
15830926759
15830926760
15830926761
15830926762
15830926763
15830926764
15830926765
15830926766
15830926767
15830926768
15830926769
15830926770
15830926771
15830926772
15830926773
15830926774
15830926775
15830926776
15830926777
15830926778
15830926779
15830926780
15830926781
15830926782
15830926783
15830926784
15830926785
15830926786
15830926787
15830926788
15830926789
15830926790
15830926791
15830926792
15830926793
15830926794
15830926795
15830926796
15830926797
15830926798
15830926799
26585335152
26585335153
26585335154
26585335155
26585335156
26585335157
26585335158
26585335159
26585335160
26585335161
26585335162
26585335163
26585335164
26585335165
26585335166
26585335167
26585335168
26585335169
26585335170
26585335171
26585335172
26585335173
26585335174
26585335175
26585335176
26585335177
26585335178
26585335179
26585335180
26585335181
26585335182
26585335183
26585335184
26585335185
26585335186
26585335187
26585335188
26585335189
26585335190
26585335191
26585335192
26585335193
26585335194
26585335195
26585335196
26585335197
26585335198
26585335199
26585335200
26585335201
26585335202
26585335203
26585335204
26585335205
26585335206
26585335207
26585335208
26585335209
26585335210
26585335211
26585335212
26585335213
26585335214
26585335215
26585335216
26585335217
26585335218
26585335219
26585335220
26585335221
26585335222
26585335223
26585335224
26585335225
26585335226
26585335227
26585335228
26585335229
26585335230
26585335231
26585335232
26585335233
26585335234
26585335235
26585335236
26585335237
26585335238
26585335239
26585335240
26585335241
26585335242
26585335243
26585335244
26585335245
26585335246
26585335247
26585335248
26585335249
26585335250
26585335251
26585335252
26585335253
16617675877
16617675878
16617675879
16617675880
16617675881
16617675882
16617675883
16617675884
16617675885
16617675886
16617675887
16617675888
16617675889
16617675890
16617675891
16617675892
16617675893
16617675894
16617675895
16617675896
16617675897
16617675898
16617675899
16617675900
16617675901
16617675902
16617675903
16617675904
16617675905
16617675906
16617675907
16617675908
16617675909
16617675910
16617675911
16617675912
16617675913
16617675914
16617675915
16617675916
16617675917
16617675918
16617675919
16617675920
16617675921
16617675922
16617675923
16617675924
16617675925
16617675926
16617675927
16617675928
16617675929
16617675930
16617675931
16617675932
16617675933
16617675934
16617675935
16617675936
16617675937
16617675938
16617675939
16617675940
16617675941
16617675942
16617675943
16617675944
16617675945
16617675946
16617675947
16617675948
16617675949
16617675950
16617675951
16617675952
16617675953
16617675954
16617675955
16617675956
16617675957
16617675958
16617675959
16617675960
16617675961
16617675962
16617675963
16617675964
16617675965
16617675966
16617675967
16617675968
16617675969
16617675970
16617675971
16617675972
16617675973
16617675974
16617675975
16617675976
16617675977
16617675978
16617675979
16617675980
16617675981
16617675982
16617675983
16617675984
16617675985
16617675986
16617675987
16617675988
16617675989
16617675990
16617675991
16617675992
16617675993
16617675994
16617675995
16617675996
16617675997
16617675998
16617675999
16617676000
16617676001
16617676002
16617676003
16617676004
16617676005
16617676006
16617676007
16617676008
16617676009
16617676010
16617676011
16617676012
16617676013
16617676014
16617676015
16617676016
16617676017
16617676018
16617676019
16617676020
16617676021
16617676022
16617676023
16617676024
16617676025
16617676026
16617676027
16617676028
16617676029
16617676030
16617676031
16617676032
16617676033
16617676034
16617676035
16617676036
16617676037
16617676038
16617676039
16617676040
16617676041
16617676042
16617676043
16617676044
16617676045
16617676046
16617676047
16617676048
16617676049
16617676050
16617676051
16617676052
16617676053
16617676054
16617676055
16617676056
16617676057
16617676058
16617676059
16617676060
16617676061
16617676062
16617676063
16617676064
16617676065
16617676066
16617676067
16617676068
16617676069
16617676070
16617676071
16617676072
16617676073
16617676074
16617676075
16617676076
18717670726
18717670727
18717670728
18717670729
18717670730
18717670731
18717670732
18717670733
18717670734
18717670735
18717670736
18717670737
18717670738
18717670739
18717670740
18717670741
18717670742
18717670743
18717670744
18717670745
18717670746
18717670747
18717670748
18717670749
18717670750
18717670751
18717670752
18717670753
18717670754
18717670755
18717670756
18717670757
18717670758
18717670759
18717670760
18717670761
18717670762
18717670763
18717670764
18717670765
18717670766
18717670767
18717670768
18717670769
18717670770
18717670771
18717670772
18717670773
18717670774
18717670775
18717670776
18717670777
18717670778
18717670779
18717670780
18717670781
18717670782
18717670783
18717670784
18717670785
18717670786
18717670787
18717670788
18717670789
18717670790
18717670791
18717670792
18717670793
18717670794
18717670795
18717670796
18717670797
18717670798
18717670799
18717670800
18717670801
18717670802
18717670803
18717670804
18717670805
18717670806
18717670807
18717670808
18717670809
18717670810
18717670811
18717670812
18717670813
18717670814
18717670815
18717670816
18717670817
18717670818
18717670819
18717670820
18717670821
18717670822
18717670823
18717670824
18717670825
18323245576
18323245577
18323245578
18323245579
18323245580
18323245581
18323245582
18323245583
18323245584
18323245585
18323245586
18323245587
18323245588
18323245589
18323245590
18323245591
18323245592
18323245593
18323245594
18323245595
18323245596
18323245597
18323245598
18323245599
18323245600
18323245601
18323245602
18323245603
18323245604
18323245605
18323245606
18323245607
18323245608
18323245609
18323245610
18323245611
18323245612
18323245613
18323245614
18323245615
18323245616
18323245617
18323245618
18323245619
18323245620
18323245621
18323245622
18323245623
18323245624
18323245625
18323245626
18323245627
18323245628
18323245629
18323245630
18323245631
18323245632
18323245633
18323245634
18323245635
18323245636
18323245637
18323245638
18323245639
18323245640
18323245641
18323245642
18323245643
18323245644
18323245645
18323245646
18323245647
18323245648
18323245649
18323245650
18323245651
18323245652
18323245653
18323245654
18323245655
18323245656
18323245657
18323245658
18323245659
18323245660
18323245661
18323245662
18323245663
18323245664
18323245665
18323245666
18323245667
18323245668
18323245669
18323245670
18323245671
18323245672
18323245673
18323245674
18323245675
25483489579
25483489580
25483489581
25483489582
25483489583
25483489584
25483489585
25483489586
25483489587
25483489588
25483489589
25483489590
25483489591
25483489592
25483489593
25483489594
25483489595
25483489596
25483489597
25483489598
25483489599
25483489600
25483489601
25483489602
25483489603
25483489604
25483489605
25483489606
25483489607
25483489608
25483489609
25483489610
25483489611
25483489612
25483489613
25483489614
25483489615
25483489616
25483489617
25483489618
25483489619
25483489620
25483489621
25483489622
25483489623
25483489624
25483489625
25483489626
25483489627
25483489628
25483489629
25483489630
25483489631
25483489632
25483489633
25483489634
25483489635
25483489636
25483489637
25483489638
25483489639
25483489640
25483489641
25483489642
25483489643
25483489644
25483489645
25483489646
25483489647
25483489648
25483489649
25483489650
25483489651
25483489652
25483489653
25483489654
25483489655
25483489656
25483489657
25483489658
25483489659
25483489660
25483489661
25483489662
25483489663
25483489664
25483489665
25483489666
25483489667
25483489668
25483489669
25483489670
25483489671
25483489672
25483489673
25483489674
25483489675
25483489676
25483489677
25483489678
15138754307
15138754308
15138754309
15138754310
15138754311
15138754312
15138754313
15138754314
15138754315
15138754316
15138754317
15138754318
15138754319
15138754320
15138754321
15138754322
15138754323
15138754324
15138754325
15138754326
15138754327
15138754328
15138754329
15138754330
15138754331
15138754332
15138754333
15138754334
15138754335
15138754336
15138754337
15138754338
15138754339
15138754340
15138754341
15138754342
15138754343
15138754344
15138754345
15138754346
15138754347
15138754348
15138754349
15138754350
15138754351
15138754352
15138754353
15138754354
15138754355
15138754356
15138754357
15138754358
15138754359
15138754360
15138754361
15138754362
15138754363
15138754364
15138754365
15138754366
15138754367
15138754368
15138754369
15138754370
15138754371
15138754372
15138754373
15138754374
15138754375
15138754376
15138754377
15138754378
15138754379
15138754380
15138754381
15138754382
15138754383
15138754384
15138754385
15138754386
15138754387
15138754388
15138754389
15138754390
15138754391
15138754392
15138754393
15138754394
15138754395
15138754396
15138754397
15138754398
15138754399
15138754400
15138754401
15138754402
15138754403
15138754404
15138754405
15138754406
27393517044
27393517045
27393517046
27393517047
27393517048
27393517049
27393517050
27393517051
27393517052
27393517053
27393517054
27393517055
27393517056
27393517057
27393517058
27393517059
27393517060
27393517061
27393517062
27393517063
27393517064
27393517065
27393517066
27393517067
27393517068
27393517069
27393517070
27393517071
27393517072
27393517073
27393517074
27393517075
27393517076
27393517077
27393517078
27393517079
27393517080
27393517081
27393517082
27393517083
27393517084
27393517085
27393517086
27393517087
27393517088
27393517089
27393517090
27393517091
27393517092
27393517093
27393517094
27393517095
27393517096
27393517097
27393517098
27393517099
27393517100
27393517101
27393517102
27393517103
27393517104
27393517105
27393517106
27393517107
27393517108
27393517109
27393517110
27393517111
27393517112
27393517113
27393517114
27393517115
27393517116
27393517117
27393517118
27393517119
27393517120
27393517121
27393517122
27393517123
27393517124
27393517125
27393517126
27393517127
27393517128
27393517129
27393517130
27393517131
27393517132
27393517133
27393517134
27393517135
27393517136
27393517137
27393517138
27393517139
27393517140
27393517141
27393517142
27393517143
26286155983
26286155984
26286155985
26286155986
26286155987
26286155988
26286155989
26286155990
26286155991
26286155992
26286155993
26286155994
26286155995
26286155996
26286155997
26286155998
26286155999
26286156000
26286156001
26286156002
26286156003
26286156004
26286156005
26286156006
26286156007
26286156008
26286156009
26286156010
26286156011
26286156012
26286156013
26286156014
26286156015
26286156016
26286156017
26286156018
26286156019
26286156020
26286156021
26286156022
26286156023
26286156024
26286156025
26286156026
26286156027
26286156028
26286156029
26286156030
26286156031
26286156032
26286156033
26286156034
26286156035
26286156036
26286156037
26286156038
26286156039
26286156040
26286156041
26286156042
26286156043
26286156044
26286156045
26286156046
26286156047
26286156048
26286156049
26286156050
26286156051
26286156052
26286156053
26286156054
26286156055
26286156056
26286156057
26286156058
26286156059
26286156060
26286156061
26286156062
26286156063
26286156064
26286156065
26286156066
26286156067
26286156068
26286156069
26286156070
26286156071
26286156072
26286156073
26286156074
26286156075
26286156076
26286156077
26286156078
26286156079
26286156080
26286156081
26286156082
29329483854
29329483855
29329483856
29329483857
29329483858
29329483859
29329483860
29329483861
29329483862
29329483863
29329483864
29329483865
29329483866
29329483867
29329483868
29329483869
29329483870
29329483871
29329483872
29329483873
29329483874
29329483875
29329483876
29329483877
29329483878
29329483879
29329483880
29329483881
29329483882
29329483883
29329483884
29329483885
29329483886
29329483887
29329483888
29329483889
29329483890
29329483891
29329483892
29329483893
29329483894
29329483895
29329483896
29329483897
29329483898
29329483899
29329483900
29329483901
29329483902
29329483903
29329483904
29329483905
29329483906
29329483907
29329483908
29329483909
29329483910
29329483911
29329483912
29329483913
29329483914
29329483915
29329483916
29329483917
29329483918
29329483919
29329483920
29329483921
29329483922
29329483923
29329483924
29329483925
29329483926
29329483927
29329483928
29329483929
29329483930
29329483931
29329483932
29329483933
29329483934
29329483935
29329483936
29329483937
29329483938
29329483939
29329483940
29329483941
29329483942
29329483943
29329483944
29329483945
29329483946
29329483947
29329483948
29329483949
29329483950
29329483951
29329483952
29329483953
22871807752
22871807753
22871807754
22871807755
22871807756
22871807757
22871807758
22871807759
22871807760
22871807761
22871807762
22871807763
22871807764
22871807765
22871807766
22871807767
22871807768
22871807769
22871807770
22871807771
22871807772
22871807773
22871807774
22871807775
22871807776
22871807777
22871807778
22871807779
22871807780
22871807781
22871807782
22871807783
22871807784
22871807785
22871807786
22871807787
22871807788
22871807789
22871807790
22871807791
22871807792
22871807793
22871807794
22871807795
22871807796
22871807797
22871807798
22871807799
22871807800
22871807801
22871807802
22871807803
22871807804
22871807805
22871807806
22871807807
22871807808
22871807809
22871807810
22871807811
22871807812
22871807813
22871807814
22871807815
22871807816
22871807817
22871807818
22871807819
22871807820
22871807821
22871807822
22871807823
22871807824
22871807825
22871807826
22871807827
22871807828
22871807829
22871807830
22871807831
22871807832
22871807833
22871807834
22871807835
22871807836
22871807837
22871807838
22871807839
22871807840
22871807841
22871807842
22871807843
22871807844
22871807845
22871807846
22871807847
22871807848
22871807849
22871807850
22871807851
17519688031
17519688032
17519688033
17519688034
17519688035
17519688036
17519688037
17519688038
17519688039
17519688040
17519688041
17519688042
17519688043
17519688044
17519688045
17519688046
17519688047
17519688048
17519688049
17519688050
17519688051
17519688052
17519688053
17519688054
17519688055
17519688056
17519688057
17519688058
17519688059
17519688060
17519688061
17519688062
17519688063
17519688064
17519688065
17519688066
17519688067
17519688068
17519688069
17519688070
17519688071
17519688072
17519688073
17519688074
17519688075
17519688076
17519688077
17519688078
17519688079
17519688080
17519688081
17519688082
17519688083
17519688084
17519688085
17519688086
17519688087
17519688088
17519688089
17519688090
17519688091
17519688092
17519688093
17519688094
17519688095
17519688096
17519688097
17519688098
17519688099
17519688100
17519688101
17519688102
17519688103
17519688104
17519688105
17519688106
17519688107
17519688108
17519688109
17519688110
17519688111
17519688112
17519688113
17519688114
17519688115
17519688116
17519688117
17519688118
17519688119
17519688120
17519688121
17519688122
17519688123
17519688124
17519688125
17519688126
17519688127
17519688128
17519688129
17519688130
21622831797
21622831798
21622831799
21622831800
21622831801
21622831802
21622831803
21622831804
21622831805
21622831806
21622831807
21622831808
21622831809
21622831810
21622831811
21622831812
21622831813
21622831814
21622831815
21622831816
21622831817
21622831818
21622831819
21622831820
21622831821
21622831822
21622831823
21622831824
21622831825
21622831826
21622831827
21622831828
21622831829
21622831830
21622831831
21622831832
21622831833
21622831834
21622831835
21622831836
21622831837
21622831838
21622831839
21622831840
21622831841
21622831842
21622831843
21622831844
21622831845
21622831846
21622831847
21622831848
21622831849
21622831850
21622831851
21622831852
21622831853
21622831854
21622831855
21622831856
21622831857
21622831858
21622831859
21622831860
21622831861
21622831862
21622831863
21622831864
21622831865
21622831866
21622831867
21622831868
21622831869
21622831870
21622831871
21622831872
21622831873
21622831874
21622831875
21622831876
21622831877
21622831878
21622831879
21622831880
21622831881
21622831882
21622831883
21622831884
21622831885
21622831886
21622831887
21622831888
21622831889
21622831890
21622831891
21622831892
21622831893
21622831894
21622831895
21622831896
14963236218
14963236219
14963236220
14963236221
14963236222
14963236223
14963236224
14963236225
14963236226
14963236227
14963236228
14963236229
14963236230
14963236231
14963236232
14963236233
14963236234
14963236235
14963236236
14963236237
14963236238
14963236239
14963236240
14963236241
14963236242
14963236243
14963236244
14963236245
14963236246
14963236247
14963236248
14963236249
14963236250
14963236251
14963236252
14963236253
14963236254
14963236255
14963236256
14963236257
14963236258
14963236259
14963236260
14963236261
14963236262
14963236263
14963236264
14963236265
14963236266
14963236267
14963236268
14963236269
14963236270
14963236271
14963236272
14963236273
14963236274
14963236275
14963236276
14963236277
14963236278
14963236279
14963236280
14963236281
14963236282
14963236283
14963236284
14963236285
14963236286
14963236287
14963236288
14963236289
14963236290
14963236291
14963236292
14963236293
14963236294
14963236295
14963236296
14963236297
14963236298
14963236299
14963236300
14963236301
14963236302
14963236303
14963236304
14963236305
14963236306
14963236307
14963236308
14963236309
14963236310
14963236311
14963236312
14963236313
14963236314
14963236315
14963236316
14963236317
22217474836
22217474837
22217474838
22217474839
22217474840
22217474841
22217474842
22217474843
22217474844
22217474845
22217474846
22217474847
22217474848
22217474849
22217474850
22217474851
22217474852
22217474853
22217474854
22217474855
22217474856
22217474857
22217474858
22217474859
22217474860
22217474861
22217474862
22217474863
22217474864
22217474865
22217474866
22217474867
22217474868
22217474869
22217474870
22217474871
22217474872
22217474873
22217474874
22217474875
22217474876
22217474877
22217474878
22217474879
22217474880
22217474881
22217474882
22217474883
22217474884
22217474885
22217474886
22217474887
22217474888
22217474889
22217474890
22217474891
22217474892
22217474893
22217474894
22217474895
22217474896
22217474897
22217474898
22217474899
22217474900
22217474901
22217474902
22217474903
22217474904
22217474905
22217474906
22217474907
22217474908
22217474909
22217474910
22217474911
22217474912
22217474913
22217474914
22217474915
22217474916
22217474917
22217474918
22217474919
22217474920
22217474921
22217474922
22217474923
22217474924
22217474925
22217474926
22217474927
22217474928
22217474929
22217474930
22217474931
22217474932
22217474933
22217474934
22217474935
25267896846
25267896847
25267896848
25267896849
25267896850
25267896851
25267896852
25267896853
25267896854
25267896855
25267896856
25267896857
25267896858
25267896859
25267896860
25267896861
25267896862
25267896863
25267896864
25267896865
25267896866
25267896867
25267896868
25267896869
25267896870
25267896871
25267896872
25267896873
25267896874
25267896875
25267896876
25267896877
25267896878
25267896879
25267896880
25267896881
25267896882
25267896883
25267896884
25267896885
25267896886
25267896887
25267896888
25267896889
25267896890
25267896891
25267896892
25267896893
25267896894
25267896895
25267896896
25267896897
25267896898
25267896899
25267896900
25267896901
25267896902
25267896903
25267896904
25267896905
25267896906
25267896907
25267896908
25267896909
25267896910
25267896911
25267896912
25267896913
25267896914
25267896915
25267896916
25267896917
25267896918
25267896919
25267896920
25267896921
25267896922
25267896923
25267896924
25267896925
25267896926
25267896927
25267896928
25267896929
25267896930
25267896931
25267896932
25267896933
25267896934
25267896935
25267896936
25267896937
25267896938
25267896939
25267896940
25267896941
25267896942
25267896943
25267896944
25267896945
19587825425
19587825426
19587825427
19587825428
19587825429
19587825430
19587825431
19587825432
19587825433
19587825434
19587825435
19587825436
19587825437
19587825438
19587825439
19587825440
19587825441
19587825442
19587825443
19587825444
19587825445
19587825446
19587825447
19587825448
19587825449
19587825450
19587825451
19587825452
19587825453
19587825454
19587825455
19587825456
19587825457
19587825458
19587825459
19587825460
19587825461
19587825462
19587825463
19587825464
19587825465
19587825466
19587825467
19587825468
19587825469
19587825470
19587825471
19587825472
19587825473
19587825474
19587825475
19587825476
19587825477
19587825478
19587825479
19587825480
19587825481
19587825482
19587825483
19587825484
19587825485
19587825486
19587825487
19587825488
19587825489
19587825490
19587825491
19587825492
19587825493
19587825494
19587825495
19587825496
19587825497
19587825498
19587825499
19587825500
19587825501
19587825502
19587825503
19587825504
19587825505
19587825506
19587825507
19587825508
19587825509
19587825510
19587825511
19587825512
19587825513
19587825514
19587825515
19587825516
19587825517
19587825518
19587825519
19587825520
19587825521
19587825522
19587825523
19587825524
27293899720
27293899721
27293899722
27293899723
27293899724
27293899725
27293899726
27293899727
27293899728
27293899729
27293899730
27293899731
27293899732
27293899733
27293899734
27293899735
27293899736
27293899737
27293899738
27293899739
27293899740
27293899741
27293899742
27293899743
27293899744
27293899745
27293899746
27293899747
27293899748
27293899749
27293899750
27293899751
27293899752
27293899753
27293899754
27293899755
27293899756
27293899757
27293899758
27293899759
27293899760
27293899761
27293899762
27293899763
27293899764
27293899765
27293899766
27293899767
27293899768
27293899769
27293899770
27293899771
27293899772
27293899773
27293899774
27293899775
27293899776
27293899777
27293899778
27293899779
27293899780
27293899781
27293899782
27293899783
27293899784
27293899785
27293899786
27293899787
27293899788
27293899789
27293899790
27293899791
27293899792
27293899793
27293899794
27293899795
27293899796
27293899797
27293899798
27293899799
27293899800
27293899801
27293899802
27293899803
27293899804
27293899805
27293899806
27293899807
27293899808
27293899809
27293899810
27293899811
27293899812
27293899813
27293899814
27293899815
27293899816
27293899817
27293899818
27293899819
21577927685
21577927686
21577927687
21577927688
21577927689
21577927690
21577927691
21577927692
21577927693
21577927694
21577927695
21577927696
21577927697
21577927698
21577927699
21577927700
21577927701
21577927702
21577927703
21577927704
21577927705
21577927706
21577927707
21577927708
21577927709
21577927710
21577927711
21577927712
21577927713
21577927714
21577927715
21577927716
21577927717
21577927718
21577927719
21577927720
21577927721
21577927722
21577927723
21577927724
21577927725
21577927726
21577927727
21577927728
21577927729
21577927730
21577927731
21577927732
21577927733
21577927734
21577927735
21577927736
21577927737
21577927738
21577927739
21577927740
21577927741
21577927742
21577927743
21577927744
21577927745
21577927746
21577927747
21577927748
21577927749
21577927750
21577927751
21577927752
21577927753
21577927754
21577927755
21577927756
21577927757
21577927758
21577927759
21577927760
21577927761
21577927762
21577927763
21577927764
21577927765
21577927766
21577927767
21577927768
21577927769
21577927770
21577927771
21577927772
21577927773
21577927774
21577927775
21577927776
21577927777
21577927778
21577927779
21577927780
21577927781
21577927782
21577927783
21577927784
23534391735
23534391736
23534391737
23534391738
23534391739
23534391740
23534391741
23534391742
23534391743
23534391744
23534391745
23534391746
23534391747
23534391748
23534391749
23534391750
23534391751
23534391752
23534391753
23534391754
23534391755
23534391756
23534391757
23534391758
23534391759
23534391760
23534391761
23534391762
23534391763
23534391764
23534391765
23534391766
23534391767
23534391768
23534391769
23534391770
23534391771
23534391772
23534391773
23534391774
23534391775
23534391776
23534391777
23534391778
23534391779
23534391780
23534391781
23534391782
23534391783
23534391784
23534391785
23534391786
23534391787
23534391788
23534391789
23534391790
23534391791
23534391792
23534391793
23534391794
23534391795
23534391796
23534391797
23534391798
23534391799
23534391800
23534391801
23534391802
23534391803
23534391804
23534391805
23534391806
23534391807
23534391808
23534391809
23534391810
23534391811
23534391812
23534391813
23534391814
23534391815
23534391816
23534391817
23534391818
23534391819
23534391820
23534391821
23534391822
23534391823
23534391824
23534391825
23534391826
23534391827
23534391828
23534391829
23534391830
23534391831
23534391832
23534391833
23534391834
24587425533
24587425534
24587425535
24587425536
24587425537
24587425538
24587425539
24587425540
24587425541
24587425542
24587425543
24587425544
24587425545
24587425546
24587425547
24587425548
24587425549
24587425550
24587425551
24587425552
24587425553
24587425554
24587425555
24587425556
24587425557
24587425558
24587425559
24587425560
24587425561
24587425562
24587425563
24587425564
24587425565
24587425566
24587425567
24587425568
24587425569
24587425570
24587425571
24587425572
24587425573
24587425574
24587425575
24587425576
24587425577
24587425578
24587425579
24587425580
24587425581
24587425582
24587425583
24587425584
24587425585
24587425586
24587425587
24587425588
24587425589
24587425590
24587425591
24587425592
24587425593
24587425594
24587425595
24587425596
24587425597
24587425598
24587425599
24587425600
24587425601
24587425602
24587425603
24587425604
24587425605
24587425606
24587425607
24587425608
24587425609
24587425610
24587425611
24587425612
24587425613
24587425614
24587425615
24587425616
24587425617
24587425618
24587425619
24587425620
24587425621
24587425622
24587425623
24587425624
24587425625
24587425626
24587425627
24587425628
24587425629
24587425630
24587425631
24587425632
27500870373
27500870374
27500870375
27500870376
27500870377
27500870378
27500870379
27500870380
27500870381
27500870382
27500870383
27500870384
27500870385
27500870386
27500870387
27500870388
27500870389
27500870390
27500870391
27500870392
27500870393
27500870394
27500870395
27500870396
27500870397
27500870398
27500870399
27500870400
27500870401
27500870402
27500870403
27500870404
27500870405
27500870406
27500870407
27500870408
27500870409
27500870410
27500870411
27500870412
27500870413
27500870414
27500870415
27500870416
27500870417
27500870418
27500870419
27500870420
27500870421
27500870422
27500870423
27500870424
27500870425
27500870426
27500870427
27500870428
27500870429
27500870430
27500870431
27500870432
27500870433
27500870434
27500870435
27500870436
27500870437
27500870438
27500870439
27500870440
27500870441
27500870442
27500870443
27500870444
27500870445
27500870446
27500870447
27500870448
27500870449
27500870450
27500870451
27500870452
27500870453
27500870454
27500870455
27500870456
27500870457
27500870458
27500870459
27500870460
27500870461
27500870462
27500870463
27500870464
27500870465
27500870466
27500870467
27500870468
27500870469
27500870470
27500870471
27500870472
20549207195
20549207196
20549207197
20549207198
20549207199
20549207200
20549207201
20549207202
20549207203
20549207204
20549207205
20549207206
20549207207
20549207208
20549207209
20549207210
20549207211
20549207212
20549207213
20549207214
20549207215
20549207216
20549207217
20549207218
20549207219
20549207220
20549207221
20549207222
20549207223
20549207224
20549207225
20549207226
20549207227
20549207228
20549207229
20549207230
20549207231
20549207232
20549207233
20549207234
20549207235
20549207236
20549207237
20549207238
20549207239
20549207240
20549207241
20549207242
20549207243
20549207244
20549207245
20549207246
20549207247
20549207248
20549207249
20549207250
20549207251
20549207252
20549207253
20549207254
20549207255
20549207256
20549207257
20549207258
20549207259
20549207260
20549207261
20549207262
20549207263
20549207264
20549207265
20549207266
20549207267
20549207268
20549207269
20549207270
20549207271
20549207272
20549207273
20549207274
20549207275
20549207276
20549207277
20549207278
20549207279
20549207280
20549207281
20549207282
20549207283
20549207284
20549207285
20549207286
20549207287
20549207288
20549207289
20549207290
20549207291
20549207292
20549207293
20549207294
24981693099
24981693100
24981693101
24981693102
24981693103
24981693104
24981693105
24981693106
24981693107
24981693108
24981693109
24981693110
24981693111
24981693112
24981693113
24981693114
24981693115
24981693116
24981693117
24981693118
24981693119
24981693120
24981693121
24981693122
24981693123
24981693124
24981693125
24981693126
24981693127
24981693128
24981693129
24981693130
24981693131
24981693132
24981693133
24981693134
24981693135
24981693136
24981693137
24981693138
24981693139
24981693140
24981693141
24981693142
24981693143
24981693144
24981693145
24981693146
24981693147
24981693148
24981693149
24981693150
24981693151
24981693152
24981693153
24981693154
24981693155
24981693156
24981693157
24981693158
24981693159
24981693160
24981693161
24981693162
24981693163
24981693164
24981693165
24981693166
24981693167
24981693168
24981693169
24981693170
24981693171
24981693172
24981693173
24981693174
24981693175
24981693176
24981693177
24981693178
24981693179
24981693180
24981693181
24981693182
24981693183
24981693184
24981693185
24981693186
24981693187
24981693188
24981693189
24981693190
24981693191
24981693192
24981693193
24981693194
24981693195
24981693196
24981693197
24981693198
19852619934
19852619935
19852619936
19852619937
19852619938
19852619939
19852619940
19852619941
19852619942
19852619943
19852619944
19852619945
19852619946
19852619947
19852619948
19852619949
19852619950
19852619951
19852619952
19852619953
19852619954
19852619955
19852619956
19852619957
19852619958
19852619959
19852619960
19852619961
19852619962
19852619963
19852619964
19852619965
19852619966
19852619967
19852619968
19852619969
19852619970
19852619971
19852619972
19852619973
19852619974
19852619975
19852619976
19852619977
19852619978
19852619979
19852619980
19852619981
19852619982
19852619983
19852619984
19852619985
19852619986
19852619987
19852619988
19852619989
19852619990
19852619991
19852619992
19852619993
19852619994
19852619995
19852619996
19852619997
19852619998
19852619999
19852620000
19852620001
19852620002
19852620003
19852620004
19852620005
19852620006
19852620007
19852620008
19852620009
19852620010
19852620011
19852620012
19852620013
19852620014
19852620015
19852620016
19852620017
19852620018
19852620019
19852620020
19852620021
19852620022
19852620023
19852620024
19852620025
19852620026
19852620027
19852620028
19852620029
19852620030
19852620031
19852620032
19852620033
25828410844
25828410845
25828410846
25828410847
25828410848
25828410849
25828410850
25828410851
25828410852
25828410853
25828410854
25828410855
25828410856
25828410857
25828410858
25828410859
25828410860
25828410861
25828410862
25828410863
25828410864
25828410865
25828410866
25828410867
25828410868
25828410869
25828410870
25828410871
25828410872
25828410873
25828410874
25828410875
25828410876
25828410877
25828410878
25828410879
25828410880
25828410881
25828410882
25828410883
25828410884
25828410885
25828410886
25828410887
25828410888
25828410889
25828410890
25828410891
25828410892
25828410893
25828410894
25828410895
25828410896
25828410897
25828410898
25828410899
25828410900
25828410901
25828410902
25828410903
25828410904
25828410905
25828410906
25828410907
25828410908
25828410909
25828410910
25828410911
25828410912
25828410913
25828410914
25828410915
25828410916
25828410917
25828410918
25828410919
25828410920
25828410921
25828410922
25828410923
25828410924
25828410925
25828410926
25828410927
25828410928
25828410929
25828410930
25828410931
25828410932
25828410933
25828410934
25828410935
25828410936
25828410937
25828410938
25828410939
25828410940
25828410941
25828410942
25828410943
19535510174
19535510175
19535510176
19535510177
19535510178
19535510179
19535510180
19535510181
19535510182
19535510183
19535510184
19535510185
19535510186
19535510187
19535510188
19535510189
19535510190
19535510191
19535510192
19535510193
19535510194
19535510195
19535510196
19535510197
19535510198
19535510199
19535510200
19535510201
19535510202
19535510203
19535510204
19535510205
19535510206
19535510207
19535510208
19535510209
19535510210
19535510211
19535510212
19535510213
19535510214
19535510215
19535510216
19535510217
19535510218
19535510219
19535510220
19535510221
19535510222
19535510223
19535510224
19535510225
19535510226
19535510227
19535510228
19535510229
19535510230
19535510231
19535510232
19535510233
19535510234
19535510235
19535510236
19535510237
19535510238
19535510239
19535510240
19535510241
19535510242
19535510243
19535510244
19535510245
19535510246
19535510247
19535510248
19535510249
19535510250
19535510251
19535510252
19535510253
19535510254
19535510255
19535510256
19535510257
19535510258
19535510259
19535510260
19535510261
19535510262
19535510263
19535510264
19535510265
19535510266
19535510267
19535510268
19535510269
19535510270
19535510271
19535510272
19535510273
28165182795
28165182796
28165182797
28165182798
28165182799
28165182800
28165182801
28165182802
28165182803
28165182804
28165182805
28165182806
28165182807
28165182808
28165182809
28165182810
28165182811
28165182812
28165182813
28165182814
28165182815
28165182816
28165182817
28165182818
28165182819
28165182820
28165182821
28165182822
28165182823
28165182824
28165182825
28165182826
28165182827
28165182828
28165182829
28165182830
28165182831
28165182832
28165182833
28165182834
28165182835
28165182836
28165182837
28165182838
28165182839
28165182840
28165182841
28165182842
28165182843
28165182844
28165182845
28165182846
28165182847
28165182848
28165182849
28165182850
28165182851
28165182852
28165182853
28165182854
28165182855
28165182856
28165182857
28165182858
28165182859
28165182860
28165182861
28165182862
28165182863
28165182864
28165182865
28165182866
28165182867
28165182868
28165182869
28165182870
28165182871
28165182872
28165182873
28165182874
28165182875
28165182876
28165182877
28165182878
28165182879
28165182880
28165182881
28165182882
28165182883
28165182884
28165182885
28165182886
28165182887
28165182888
28165182889
28165182890
28165182891
28165182892
28165182893
28165182894
18881714486
18881714487
18881714488
18881714489
18881714490
18881714491
18881714492
18881714493
18881714494
18881714495
18881714496
18881714497
18881714498
18881714499
18881714500
18881714501
18881714502
18881714503
18881714504
18881714505
18881714506
18881714507
18881714508
18881714509
18881714510
18881714511
18881714512
18881714513
18881714514
18881714515
18881714516
18881714517
18881714518
18881714519
18881714520
18881714521
18881714522
18881714523
18881714524
18881714525
18881714526
18881714527
18881714528
18881714529
18881714530
18881714531
18881714532
18881714533
18881714534
18881714535
18881714536
18881714537
18881714538
18881714539
18881714540
18881714541
18881714542
18881714543
18881714544
18881714545
18881714546
18881714547
18881714548
18881714549
18881714550
18881714551
18881714552
18881714553
18881714554
18881714555
18881714556
18881714557
18881714558
18881714559
18881714560
18881714561
18881714562
18881714563
18881714564
18881714565
18881714566
18881714567
18881714568
18881714569
18881714570
18881714571
18881714572
18881714573
18881714574
18881714575
18881714576
18881714577
18881714578
18881714579
18881714580
18881714581
18881714582
18881714583
18881714584
18881714585
23483827253
23483827254
23483827255
23483827256
23483827257
23483827258
23483827259
23483827260
23483827261
23483827262
23483827263
23483827264
23483827265
23483827266
23483827267
23483827268
23483827269
23483827270
23483827271
23483827272
23483827273
23483827274
23483827275
23483827276
23483827277
23483827278
23483827279
23483827280
23483827281
23483827282
23483827283
23483827284
23483827285
23483827286
23483827287
23483827288
23483827289
23483827290
23483827291
23483827292
23483827293
23483827294
23483827295
23483827296
23483827297
23483827298
23483827299
23483827300
23483827301
23483827302
23483827303
23483827304
23483827305
23483827306
23483827307
23483827308
23483827309
23483827310
23483827311
23483827312
23483827313
23483827314
23483827315
23483827316
23483827317
23483827318
23483827319
23483827320
23483827321
23483827322
23483827323
23483827324
23483827325
23483827326
23483827327
23483827328
23483827329
23483827330
23483827331
23483827332
23483827333
23483827334
23483827335
23483827336
23483827337
23483827338
23483827339
23483827340
23483827341
23483827342
23483827343
23483827344
23483827345
23483827346
23483827347
23483827348
23483827349
23483827350
23483827351
23483827352
27477991777
27477991778
27477991779
27477991780
27477991781
27477991782
27477991783
27477991784
27477991785
27477991786
27477991787
27477991788
27477991789
27477991790
27477991791
27477991792
27477991793
27477991794
27477991795
27477991796
27477991797
27477991798
27477991799
27477991800
27477991801
27477991802
27477991803
27477991804
27477991805
27477991806
27477991807
27477991808
27477991809
27477991810
27477991811
27477991812
27477991813
27477991814
27477991815
27477991816
27477991817
27477991818
27477991819
27477991820
27477991821
27477991822
27477991823
27477991824
27477991825
27477991826
27477991827
27477991828
27477991829
27477991830
27477991831
27477991832
27477991833
27477991834
27477991835
27477991836
27477991837
27477991838
27477991839
27477991840
27477991841
27477991842
27477991843
27477991844
27477991845
27477991846
27477991847
27477991848
27477991849
27477991850
27477991851
27477991852
27477991853
27477991854
27477991855
27477991856
27477991857
27477991858
27477991859
27477991860
27477991861
27477991862
27477991863
27477991864
27477991865
27477991866
27477991867
27477991868
27477991869
27477991870
27477991871
27477991872
27477991873
27477991874
27477991875
27477991876
23204575565
23204575566
23204575567
23204575568
23204575569
23204575570
23204575571
23204575572
23204575573
23204575574
23204575575
23204575576
23204575577
23204575578
23204575579
23204575580
23204575581
23204575582
23204575583
23204575584
23204575585
23204575586
23204575587
23204575588
23204575589
23204575590
23204575591
23204575592
23204575593
23204575594
23204575595
23204575596
23204575597
23204575598
23204575599
23204575600
23204575601
23204575602
23204575603
23204575604
23204575605
23204575606
23204575607
23204575608
23204575609
23204575610
23204575611
23204575612
23204575613
23204575614
23204575615
23204575616
23204575617
23204575618
23204575619
23204575620
23204575621
23204575622
23204575623
23204575624
23204575625
23204575626
23204575627
23204575628
23204575629
23204575630
23204575631
23204575632
23204575633
23204575634
23204575635
23204575636
23204575637
23204575638
23204575639
23204575640
23204575641
23204575642
23204575643
23204575644
23204575645
23204575646
23204575647
23204575648
23204575649
23204575650
23204575651
23204575652
23204575653
23204575654
23204575655
23204575656
23204575657
23204575658
23204575659
23204575660
23204575661
23204575662
23204575663
23204575664
22994615422
22994615423
22994615424
22994615425
22994615426
22994615427
22994615428
22994615429
22994615430
22994615431
22994615432
22994615433
22994615434
22994615435
22994615436
22994615437
22994615438
22994615439
22994615440
22994615441
22994615442
22994615443
22994615444
22994615445
22994615446
22994615447
22994615448
22994615449
22994615450
22994615451
22994615452
22994615453
22994615454
22994615455
22994615456
22994615457
22994615458
22994615459
22994615460
22994615461
22994615462
22994615463
22994615464
22994615465
22994615466
22994615467
22994615468
22994615469
22994615470
22994615471
22994615472
22994615473
22994615474
22994615475
22994615476
22994615477
22994615478
22994615479
22994615480
22994615481
22994615482
22994615483
22994615484
22994615485
22994615486
22994615487
22994615488
22994615489
22994615490
22994615491
22994615492
22994615493
22994615494
22994615495
22994615496
22994615497
22994615498
22994615499
22994615500
22994615501
22994615502
22994615503
22994615504
22994615505
22994615506
22994615507
22994615508
22994615509
22994615510
22994615511
22994615512
22994615513
22994615514
22994615515
22994615516
22994615517
22994615518
22994615519
22994615520
22994615521
25313457332
25313457333
25313457334
25313457335
25313457336
25313457337
25313457338
25313457339
25313457340
25313457341
25313457342
25313457343
25313457344
25313457345
25313457346
25313457347
25313457348
25313457349
25313457350
25313457351
25313457352
25313457353
25313457354
25313457355
25313457356
25313457357
25313457358
25313457359
25313457360
25313457361
25313457362
25313457363
25313457364
25313457365
25313457366
25313457367
25313457368
25313457369
25313457370
25313457371
25313457372
25313457373
25313457374
25313457375
25313457376
25313457377
25313457378
25313457379
25313457380
25313457381
25313457382
25313457383
25313457384
25313457385
25313457386
25313457387
25313457388
25313457389
25313457390
25313457391
25313457392
25313457393
25313457394
25313457395
25313457396
25313457397
25313457398
25313457399
25313457400
25313457401
25313457402
25313457403
25313457404
25313457405
25313457406
25313457407
25313457408
25313457409
25313457410
25313457411
25313457412
25313457413
25313457414
25313457415
25313457416
25313457417
25313457418
25313457419
25313457420
25313457421
25313457422
25313457423
25313457424
25313457425
25313457426
25313457427
25313457428
25313457429
25313457430
25313457431
15202551123
15202551124
15202551125
15202551126
15202551127
15202551128
15202551129
15202551130
15202551131
15202551132
15202551133
15202551134
15202551135
15202551136
15202551137
15202551138
15202551139
15202551140
15202551141
15202551142
15202551143
15202551144
15202551145
15202551146
15202551147
15202551148
15202551149
15202551150
15202551151
15202551152
15202551153
15202551154
15202551155
15202551156
15202551157
15202551158
15202551159
15202551160
15202551161
15202551162
15202551163
15202551164
15202551165
15202551166
15202551167
15202551168
15202551169
15202551170
15202551171
15202551172
15202551173
15202551174
15202551175
15202551176
15202551177
15202551178
15202551179
15202551180
15202551181
15202551182
15202551183
15202551184
15202551185
15202551186
15202551187
15202551188
15202551189
15202551190
15202551191
15202551192
15202551193
15202551194
15202551195
15202551196
15202551197
15202551198
15202551199
15202551200
15202551201
15202551202
15202551203
15202551204
15202551205
15202551206
15202551207
15202551208
15202551209
15202551210
15202551211
15202551212
15202551213
15202551214
15202551215
15202551216
15202551217
15202551218
15202551219
15202551220
15202551221
15202551222
17912224615
17912224616
17912224617
17912224618
17912224619
17912224620
17912224621
17912224622
17912224623
17912224624
17912224625
17912224626
17912224627
17912224628
17912224629
17912224630
17912224631
17912224632
17912224633
17912224634
17912224635
17912224636
17912224637
17912224638
17912224639
17912224640
17912224641
17912224642
17912224643
17912224644
17912224645
17912224646
17912224647
17912224648
17912224649
17912224650
17912224651
17912224652
17912224653
17912224654
17912224655
17912224656
17912224657
17912224658
17912224659
17912224660
17912224661
17912224662
17912224663
17912224664
17912224665
17912224666
17912224667
17912224668
17912224669
17912224670
17912224671
17912224672
17912224673
17912224674
17912224675
17912224676
17912224677
17912224678
17912224679
17912224680
17912224681
17912224682
17912224683
17912224684
17912224685
17912224686
17912224687
17912224688
17912224689
17912224690
17912224691
17912224692
17912224693
17912224694
17912224695
17912224696
17912224697
17912224698
17912224699
17912224700
17912224701
17912224702
17912224703
17912224704
17912224705
17912224706
17912224707
17912224708
17912224709
17912224710
17912224711
17912224712
17912224713
17912224714
18670682081
18670682082
18670682083
18670682084
18670682085
18670682086
18670682087
18670682088
18670682089
18670682090
18670682091
18670682092
18670682093
18670682094
18670682095
18670682096
18670682097
18670682098
18670682099
18670682100
18670682101
18670682102
18670682103
18670682104
18670682105
18670682106
18670682107
18670682108
18670682109
18670682110
18670682111
18670682112
18670682113
18670682114
18670682115
18670682116
18670682117
18670682118
18670682119
18670682120
18670682121
18670682122
18670682123
18670682124
18670682125
18670682126
18670682127
18670682128
18670682129
18670682130
18670682131
18670682132
18670682133
18670682134
18670682135
18670682136
18670682137
18670682138
18670682139
18670682140
18670682141
18670682142
18670682143
18670682144
18670682145
18670682146
18670682147
18670682148
18670682149
18670682150
18670682151
18670682152
18670682153
18670682154
18670682155
18670682156
18670682157
18670682158
18670682159
18670682160
18670682161
18670682162
18670682163
18670682164
18670682165
18670682166
18670682167
18670682168
18670682169
18670682170
18670682171
18670682172
18670682173
18670682174
18670682175
18670682176
18670682177
18670682178
18670682179
18670682180
22819142280
22819142281
22819142282
22819142283
22819142284
22819142285
22819142286
22819142287
22819142288
22819142289
22819142290
22819142291
22819142292
22819142293
22819142294
22819142295
22819142296
22819142297
22819142298
22819142299
22819142300
22819142301
22819142302
22819142303
22819142304
22819142305
22819142306
22819142307
22819142308
22819142309
22819142310
22819142311
22819142312
22819142313
22819142314
22819142315
22819142316
22819142317
22819142318
22819142319
22819142320
22819142321
22819142322
22819142323
22819142324
22819142325
22819142326
22819142327
22819142328
22819142329
22819142330
22819142331
22819142332
22819142333
22819142334
22819142335
22819142336
22819142337
22819142338
22819142339
22819142340
22819142341
22819142342
22819142343
22819142344
22819142345
22819142346
22819142347
22819142348
22819142349
22819142350
22819142351
22819142352
22819142353
22819142354
22819142355
22819142356
22819142357
22819142358
22819142359
22819142360
22819142361
22819142362
22819142363
22819142364
22819142365
22819142366
22819142367
22819142368
22819142369
22819142370
22819142371
22819142372
22819142373
22819142374
22819142375
22819142376
22819142377
22819142378
22819142379
25201776232
25201776233
25201776234
25201776235
25201776236
25201776237
25201776238
25201776239
25201776240
25201776241
25201776242
25201776243
25201776244
25201776245
25201776246
25201776247
25201776248
25201776249
25201776250
25201776251
25201776252
25201776253
25201776254
25201776255
25201776256
25201776257
25201776258
25201776259
25201776260
25201776261
25201776262
25201776263
25201776264
25201776265
25201776266
25201776267
25201776268
25201776269
25201776270
25201776271
25201776272
25201776273
25201776274
25201776275
25201776276
25201776277
25201776278
25201776279
25201776280
25201776281
25201776282
25201776283
25201776284
25201776285
25201776286
25201776287
25201776288
25201776289
25201776290
25201776291
25201776292
25201776293
25201776294
25201776295
25201776296
25201776297
25201776298
25201776299
25201776300
25201776301
25201776302
25201776303
25201776304
25201776305
25201776306
25201776307
25201776308
25201776309
25201776310
25201776311
25201776312
25201776313
25201776314
25201776315
25201776316
25201776317
25201776318
25201776319
25201776320
25201776321
25201776322
25201776323
25201776324
25201776325
25201776326
25201776327
25201776328
25201776329
25201776330
25201776331
17740241441
17740241442
17740241443
17740241444
17740241445
17740241446
17740241447
17740241448
17740241449
17740241450
17740241451
17740241452
17740241453
17740241454
17740241455
17740241456
17740241457
17740241458
17740241459
17740241460
17740241461
17740241462
17740241463
17740241464
17740241465
17740241466
17740241467
17740241468
17740241469
17740241470
17740241471
17740241472
17740241473
17740241474
17740241475
17740241476
17740241477
17740241478
17740241479
17740241480
17740241481
17740241482
17740241483
17740241484
17740241485
17740241486
17740241487
17740241488
17740241489
17740241490
17740241491
17740241492
17740241493
17740241494
17740241495
17740241496
17740241497
17740241498
17740241499
17740241500
17740241501
17740241502
17740241503
17740241504
17740241505
17740241506
17740241507
17740241508
17740241509
17740241510
17740241511
17740241512
17740241513
17740241514
17740241515
17740241516
17740241517
17740241518
17740241519
17740241520
17740241521
17740241522
17740241523
17740241524
17740241525
17740241526
17740241527
17740241528
17740241529
17740241530
17740241531
17740241532
17740241533
17740241534
17740241535
17740241536
17740241537
17740241538
17740241539
17740241540
25469215277
25469215278
25469215279
25469215280
25469215281
25469215282
25469215283
25469215284
25469215285
25469215286
25469215287
25469215288
25469215289
25469215290
25469215291
25469215292
25469215293
25469215294
25469215295
25469215296
25469215297
25469215298
25469215299
25469215300
25469215301
25469215302
25469215303
25469215304
25469215305
25469215306
25469215307
25469215308
25469215309
25469215310
25469215311
25469215312
25469215313
25469215314
25469215315
25469215316
25469215317
25469215318
25469215319
25469215320
25469215321
25469215322
25469215323
25469215324
25469215325
25469215326
25469215327
25469215328
25469215329
25469215330
25469215331
25469215332
25469215333
25469215334
25469215335
25469215336
25469215337
25469215338
25469215339
25469215340
25469215341
25469215342
25469215343
25469215344
25469215345
25469215346
25469215347
25469215348
25469215349
25469215350
25469215351
25469215352
25469215353
25469215354
25469215355
25469215356
25469215357
25469215358
25469215359
25469215360
25469215361
25469215362
25469215363
25469215364
25469215365
25469215366
25469215367
25469215368
25469215369
25469215370
25469215371
25469215372
25469215373
25469215374
25469215375
25469215376
16276881976
16276881977
16276881978
16276881979
16276881980
16276881981
16276881982
16276881983
16276881984
16276881985
16276881986
16276881987
16276881988
16276881989
16276881990
16276881991
16276881992
16276881993
16276881994
16276881995
16276881996
16276881997
16276881998
16276881999
16276882000
16276882001
16276882002
16276882003
16276882004
16276882005
16276882006
16276882007
16276882008
16276882009
16276882010
16276882011
16276882012
16276882013
16276882014
16276882015
16276882016
16276882017
16276882018
16276882019
16276882020
16276882021
16276882022
16276882023
16276882024
16276882025
16276882026
16276882027
16276882028
16276882029
16276882030
16276882031
16276882032
16276882033
16276882034
16276882035
16276882036
16276882037
16276882038
16276882039
16276882040
16276882041
16276882042
16276882043
16276882044
16276882045
16276882046
16276882047
16276882048
16276882049
16276882050
16276882051
16276882052
16276882053
16276882054
16276882055
16276882056
16276882057
16276882058
16276882059
16276882060
16276882061
16276882062
16276882063
16276882064
16276882065
16276882066
16276882067
16276882068
16276882069
16276882070
16276882071
16276882072
16276882073
16276882074
16276882075
22345531748
22345531749
22345531750
22345531751
22345531752
22345531753
22345531754
22345531755
22345531756
22345531757
22345531758
22345531759
22345531760
22345531761
22345531762
22345531763
22345531764
22345531765
22345531766
22345531767
22345531768
22345531769
22345531770
22345531771
22345531772
22345531773
22345531774
22345531775
22345531776
22345531777
22345531778
22345531779
22345531780
22345531781
22345531782
22345531783
22345531784
22345531785
22345531786
22345531787
22345531788
22345531789
22345531790
22345531791
22345531792
22345531793
22345531794
22345531795
22345531796
22345531797
22345531798
22345531799
22345531800
22345531801
22345531802
22345531803
22345531804
22345531805
22345531806
22345531807
22345531808
22345531809
22345531810
22345531811
22345531812
22345531813
22345531814
22345531815
22345531816
22345531817
22345531818
22345531819
22345531820
22345531821
22345531822
22345531823
22345531824
22345531825
22345531826
22345531827
22345531828
22345531829
22345531830
22345531831
22345531832
22345531833
22345531834
22345531835
22345531836
22345531837
22345531838
22345531839
22345531840
22345531841
22345531842
22345531843
22345531844
22345531845
22345531846
22345531847
23009498939
23009498940
23009498941
23009498942
23009498943
23009498944
23009498945
23009498946
23009498947
23009498948
23009498949
23009498950
23009498951
23009498952
23009498953
23009498954
23009498955
23009498956
23009498957
23009498958
23009498959
23009498960
23009498961
23009498962
23009498963
23009498964
23009498965
23009498966
23009498967
23009498968
23009498969
23009498970
23009498971
23009498972
23009498973
23009498974
23009498975
23009498976
23009498977
23009498978
23009498979
23009498980
23009498981
23009498982
23009498983
23009498984
23009498985
23009498986
23009498987
23009498988
23009498989
23009498990
23009498991
23009498992
23009498993
23009498994
23009498995
23009498996
23009498997
23009498998
23009498999
23009499000
23009499001
23009499002
23009499003
23009499004
23009499005
23009499006
23009499007
23009499008
23009499009
23009499010
23009499011
23009499012
23009499013
23009499014
23009499015
23009499016
23009499017
23009499018
23009499019
23009499020
23009499021
23009499022
23009499023
23009499024
23009499025
23009499026
23009499027
23009499028
23009499029
23009499030
23009499031
23009499032
23009499033
23009499034
23009499035
23009499036
23009499037
23009499038
17397732787
17397732788
17397732789
17397732790
17397732791
17397732792
17397732793
17397732794
17397732795
17397732796
17397732797
17397732798
17397732799
17397732800
17397732801
17397732802
17397732803
17397732804
17397732805
17397732806
17397732807
17397732808
17397732809
17397732810
17397732811
17397732812
17397732813
17397732814
17397732815
17397732816
17397732817
17397732818
17397732819
17397732820
17397732821
17397732822
17397732823
17397732824
17397732825
17397732826
17397732827
17397732828
17397732829
17397732830
17397732831
17397732832
17397732833
17397732834
17397732835
17397732836
17397732837
17397732838
17397732839
17397732840
17397732841
17397732842
17397732843
17397732844
17397732845
17397732846
17397732847
17397732848
17397732849
17397732850
17397732851
17397732852
17397732853
17397732854
17397732855
17397732856
17397732857
17397732858
17397732859
17397732860
17397732861
17397732862
17397732863
17397732864
17397732865
17397732866
17397732867
17397732868
17397732869
17397732870
17397732871
17397732872
17397732873
17397732874
17397732875
17397732876
17397732877
17397732878
17397732879
17397732880
17397732881
17397732882
17397732883
17397732884
17397732885
17397732886
29441192007
29441192008
29441192009
29441192010
29441192011
29441192012
29441192013
29441192014
29441192015
29441192016
29441192017
29441192018
29441192019
29441192020
29441192021
29441192022
29441192023
29441192024
29441192025
29441192026
29441192027
29441192028
29441192029
29441192030
29441192031
29441192032
29441192033
29441192034
29441192035
29441192036
29441192037
29441192038
29441192039
29441192040
29441192041
29441192042
29441192043
29441192044
29441192045
29441192046
29441192047
29441192048
29441192049
29441192050
29441192051
29441192052
29441192053
29441192054
29441192055
29441192056
29441192057
29441192058
29441192059
29441192060
29441192061
29441192062
29441192063
29441192064
29441192065
29441192066
29441192067
29441192068
29441192069
29441192070
29441192071
29441192072
29441192073
29441192074
29441192075
29441192076
29441192077
29441192078
29441192079
29441192080
29441192081
29441192082
29441192083
29441192084
29441192085
29441192086
29441192087
29441192088
29441192089
29441192090
29441192091
29441192092
29441192093
29441192094
29441192095
29441192096
29441192097
29441192098
29441192099
29441192100
29441192101
29441192102
29441192103
29441192104
29441192105
29441192106
21791749951
21791749952
21791749953
21791749954
21791749955
21791749956
21791749957
21791749958
21791749959
21791749960
21791749961
21791749962
21791749963
21791749964
21791749965
21791749966
21791749967
21791749968
21791749969
21791749970
21791749971
21791749972
21791749973
21791749974
21791749975
21791749976
21791749977
21791749978
21791749979
21791749980
21791749981
21791749982
21791749983
21791749984
21791749985
21791749986
21791749987
21791749988
21791749989
21791749990
21791749991
21791749992
21791749993
21791749994
21791749995
21791749996
21791749997
21791749998
21791749999
21791750000
21791750001
21791750002
21791750003
21791750004
21791750005
21791750006
21791750007
21791750008
21791750009
21791750010
21791750011
21791750012
21791750013
21791750014
21791750015
21791750016
21791750017
21791750018
21791750019
21791750020
21791750021
21791750022
21791750023
21791750024
21791750025
21791750026
21791750027
21791750028
21791750029
21791750030
21791750031
21791750032
21791750033
21791750034
21791750035
21791750036
21791750037
21791750038
21791750039
21791750040
21791750041
21791750042
21791750043
21791750044
21791750045
21791750046
21791750047
21791750048
21791750049
21791750050
16343843867
16343843868
16343843869
16343843870
16343843871
16343843872
16343843873
16343843874
16343843875
16343843876
16343843877
16343843878
16343843879
16343843880
16343843881
16343843882
16343843883
16343843884
16343843885
16343843886
16343843887
16343843888
16343843889
16343843890
16343843891
16343843892
16343843893
16343843894
16343843895
16343843896
16343843897
16343843898
16343843899
16343843900
16343843901
16343843902
16343843903
16343843904
16343843905
16343843906
16343843907
16343843908
16343843909
16343843910
16343843911
16343843912
16343843913
16343843914
16343843915
16343843916
16343843917
16343843918
16343843919
16343843920
16343843921
16343843922
16343843923
16343843924
16343843925
16343843926
16343843927
16343843928
16343843929
16343843930
16343843931
16343843932
16343843933
16343843934
16343843935
16343843936
16343843937
16343843938
16343843939
16343843940
16343843941
16343843942
16343843943
16343843944
16343843945
16343843946
16343843947
16343843948
16343843949
16343843950
16343843951
16343843952
16343843953
16343843954
16343843955
16343843956
16343843957
16343843958
16343843959
16343843960
16343843961
16343843962
16343843963
16343843964
16343843965
16343843966
25032965505
25032965506
25032965507
25032965508
25032965509
25032965510
25032965511
25032965512
25032965513
25032965514
25032965515
25032965516
25032965517
25032965518
25032965519
25032965520
25032965521
25032965522
25032965523
25032965524
25032965525
25032965526
25032965527
25032965528
25032965529
25032965530
25032965531
25032965532
25032965533
25032965534
25032965535
25032965536
25032965537
25032965538
25032965539
25032965540
25032965541
25032965542
25032965543
25032965544
25032965545
25032965546
25032965547
25032965548
25032965549
25032965550
25032965551
25032965552
25032965553
25032965554
25032965555
25032965556
25032965557
25032965558
25032965559
25032965560
25032965561
25032965562
25032965563
25032965564
25032965565
25032965566
25032965567
25032965568
25032965569
25032965570
25032965571
25032965572
25032965573
25032965574
25032965575
25032965576
25032965577
25032965578
25032965579
25032965580
25032965581
25032965582
25032965583
25032965584
25032965585
25032965586
25032965587
25032965588
25032965589
25032965590
25032965591
25032965592
25032965593
25032965594
25032965595
25032965596
25032965597
25032965598
25032965599
25032965600
25032965601
25032965602
25032965603
25032965604
20522565286
20522565287
20522565288
20522565289
20522565290
20522565291
20522565292
20522565293
20522565294
20522565295
20522565296
20522565297
20522565298
20522565299
20522565300
20522565301
20522565302
20522565303
20522565304
20522565305
20522565306
20522565307
20522565308
20522565309
20522565310
20522565311
20522565312
20522565313
20522565314
20522565315
20522565316
20522565317
20522565318
20522565319
20522565320
20522565321
20522565322
20522565323
20522565324
20522565325
20522565326
20522565327
20522565328
20522565329
20522565330
20522565331
20522565332
20522565333
20522565334
20522565335
20522565336
20522565337
20522565338
20522565339
20522565340
20522565341
20522565342
20522565343
20522565344
20522565345
20522565346
20522565347
20522565348
20522565349
20522565350
20522565351
20522565352
20522565353
20522565354
20522565355
20522565356
20522565357
20522565358
20522565359
20522565360
20522565361
20522565362
20522565363
20522565364
20522565365
20522565366
20522565367
20522565368
20522565369
20522565370
20522565371
20522565372
20522565373
20522565374
20522565375
20522565376
20522565377
20522565378
20522565379
20522565380
20522565381
20522565382
20522565383
20522565384
20522565385
29343808808
29343808809
29343808810
29343808811
29343808812
29343808813
29343808814
29343808815
29343808816
29343808817
29343808818
29343808819
29343808820
29343808821
29343808822
29343808823
29343808824
29343808825
29343808826
29343808827
29343808828
29343808829
29343808830
29343808831
29343808832
29343808833
29343808834
29343808835
29343808836
29343808837
29343808838
29343808839
29343808840
29343808841
29343808842
29343808843
29343808844
29343808845
29343808846
29343808847
29343808848
29343808849
29343808850
29343808851
29343808852
29343808853
29343808854
29343808855
29343808856
29343808857
29343808858
29343808859
29343808860
29343808861
29343808862
29343808863
29343808864
29343808865
29343808866
29343808867
29343808868
29343808869
29343808870
29343808871
29343808872
29343808873
29343808874
29343808875
29343808876
29343808877
29343808878
29343808879
29343808880
29343808881
29343808882
29343808883
29343808884
29343808885
29343808886
29343808887
29343808888
29343808889
29343808890
29343808891
29343808892
29343808893
29343808894
29343808895
29343808896
29343808897
29343808898
29343808899
29343808900
29343808901
29343808902
29343808903
29343808904
29343808905
29343808906
29343808907
26397850534
26397850535
26397850536
26397850537
26397850538
26397850539
26397850540
26397850541
26397850542
26397850543
26397850544
26397850545
26397850546
26397850547
26397850548
26397850549
26397850550
26397850551
26397850552
26397850553
26397850554
26397850555
26397850556
26397850557
26397850558
26397850559
26397850560
26397850561
26397850562
26397850563
26397850564
26397850565
26397850566
26397850567
26397850568
26397850569
26397850570
26397850571
26397850572
26397850573
26397850574
26397850575
26397850576
26397850577
26397850578
26397850579
26397850580
26397850581
26397850582
26397850583
26397850584
26397850585
26397850586
26397850587
26397850588
26397850589
26397850590
26397850591
26397850592
26397850593
26397850594
26397850595
26397850596
26397850597
26397850598
26397850599
26397850600
26397850601
26397850602
26397850603
26397850604
26397850605
26397850606
26397850607
26397850608
26397850609
26397850610
26397850611
26397850612
26397850613
26397850614
26397850615
26397850616
26397850617
26397850618
26397850619
26397850620
26397850621
26397850622
26397850623
26397850624
26397850625
26397850626
26397850627
26397850628
26397850629
26397850630
26397850631
26397850632
26397850633
26835065503
26835065504
26835065505
26835065506
26835065507
26835065508
26835065509
26835065510
26835065511
26835065512
26835065513
26835065514
26835065515
26835065516
26835065517
26835065518
26835065519
26835065520
26835065521
26835065522
26835065523
26835065524
26835065525
26835065526
26835065527
26835065528
26835065529
26835065530
26835065531
26835065532
26835065533
26835065534
26835065535
26835065536
26835065537
26835065538
26835065539
26835065540
26835065541
26835065542
26835065543
26835065544
26835065545
26835065546
26835065547
26835065548
26835065549
26835065550
26835065551
26835065552
26835065553
26835065554
26835065555
26835065556
26835065557
26835065558
26835065559
26835065560
26835065561
26835065562
26835065563
26835065564
26835065565
26835065566
26835065567
26835065568
26835065569
26835065570
26835065571
26835065572
26835065573
26835065574
26835065575
26835065576
26835065577
26835065578
26835065579
26835065580
26835065581
26835065582
26835065583
26835065584
26835065585
26835065586
26835065587
26835065588
26835065589
26835065590
26835065591
26835065592
26835065593
26835065594
26835065595
26835065596
26835065597
26835065598
26835065599
26835065600
26835065601
26835065602
19257084181
19257084182
19257084183
19257084184
19257084185
19257084186
19257084187
19257084188
19257084189
19257084190
19257084191
19257084192
19257084193
19257084194
19257084195
19257084196
19257084197
19257084198
19257084199
19257084200
19257084201
19257084202
19257084203
19257084204
19257084205
19257084206
19257084207
19257084208
19257084209
19257084210
19257084211
19257084212
19257084213
19257084214
19257084215
19257084216
19257084217
19257084218
19257084219
19257084220
19257084221
19257084222
19257084223
19257084224
19257084225
19257084226
19257084227
19257084228
19257084229
19257084230
19257084231
19257084232
19257084233
19257084234
19257084235
19257084236
19257084237
19257084238
19257084239
19257084240
19257084241
19257084242
19257084243
19257084244
19257084245
19257084246
19257084247
19257084248
19257084249
19257084250
19257084251
19257084252
19257084253
19257084254
19257084255
19257084256
19257084257
19257084258
19257084259
19257084260
19257084261
19257084262
19257084263
19257084264
19257084265
19257084266
19257084267
19257084268
19257084269
19257084270
19257084271
19257084272
19257084273
19257084274
19257084275
19257084276
19257084277
19257084278
19257084279
19257084280
23960811969
23960811970
23960811971
23960811972
23960811973
23960811974
23960811975
23960811976
23960811977
23960811978
23960811979
23960811980
23960811981
23960811982
23960811983
23960811984
23960811985
23960811986
23960811987
23960811988
23960811989
23960811990
23960811991
23960811992
23960811993
23960811994
23960811995
23960811996
23960811997
23960811998
23960811999
23960812000
23960812001
23960812002
23960812003
23960812004
23960812005
23960812006
23960812007
23960812008
23960812009
23960812010
23960812011
23960812012
23960812013
23960812014
23960812015
23960812016
23960812017
23960812018
23960812019
23960812020
23960812021
23960812022
23960812023
23960812024
23960812025
23960812026
23960812027
23960812028
23960812029
23960812030
23960812031
23960812032
23960812033
23960812034
23960812035
23960812036
23960812037
23960812038
23960812039
23960812040
23960812041
23960812042
23960812043
23960812044
23960812045
23960812046
23960812047
23960812048
23960812049
23960812050
23960812051
23960812052
23960812053
23960812054
23960812055
23960812056
23960812057
23960812058
23960812059
23960812060
23960812061
23960812062
23960812063
23960812064
23960812065
23960812066
23960812067
23960812068
15169331936
15169331937
15169331938
15169331939
15169331940
15169331941
15169331942
15169331943
15169331944
15169331945
15169331946
15169331947
15169331948
15169331949
15169331950
15169331951
15169331952
15169331953
15169331954
15169331955
15169331956
15169331957
15169331958
15169331959
15169331960
15169331961
15169331962
15169331963
15169331964
15169331965
15169331966
15169331967
15169331968
15169331969
15169331970
15169331971
15169331972
15169331973
15169331974
15169331975
15169331976
15169331977
15169331978
15169331979
15169331980
15169331981
15169331982
15169331983
15169331984
15169331985
15169331986
15169331987
15169331988
15169331989
15169331990
15169331991
15169331992
15169331993
15169331994
15169331995
15169331996
15169331997
15169331998
15169331999
15169332000
15169332001
15169332002
15169332003
15169332004
15169332005
15169332006
15169332007
15169332008
15169332009
15169332010
15169332011
15169332012
15169332013
15169332014
15169332015
15169332016
15169332017
15169332018
15169332019
15169332020
15169332021
15169332022
15169332023
15169332024
15169332025
15169332026
15169332027
15169332028
15169332029
15169332030
15169332031
15169332032
15169332033
15169332034
15169332035
24897445523
24897445524
24897445525
24897445526
24897445527
24897445528
24897445529
24897445530
24897445531
24897445532
24897445533
24897445534
24897445535
24897445536
24897445537
24897445538
24897445539
24897445540
24897445541
24897445542
24897445543
24897445544
24897445545
24897445546
24897445547
24897445548
24897445549
24897445550
24897445551
24897445552
24897445553
24897445554
24897445555
24897445556
24897445557
24897445558
24897445559
24897445560
24897445561
24897445562
24897445563
24897445564
24897445565
24897445566
24897445567
24897445568
24897445569
24897445570
24897445571
24897445572
24897445573
24897445574
24897445575
24897445576
24897445577
24897445578
24897445579
24897445580
24897445581
24897445582
24897445583
24897445584
24897445585
24897445586
24897445587
24897445588
24897445589
24897445590
24897445591
24897445592
24897445593
24897445594
24897445595
24897445596
24897445597
24897445598
24897445599
24897445600
24897445601
24897445602
24897445603
24897445604
24897445605
24897445606
24897445607
24897445608
24897445609
24897445610
24897445611
24897445612
24897445613
24897445614
24897445615
24897445616
24897445617
24897445618
24897445619
24897445620
24897445621
24897445622
28605222560
28605222561
28605222562
28605222563
28605222564
28605222565
28605222566
28605222567
28605222568
28605222569
28605222570
28605222571
28605222572
28605222573
28605222574
28605222575
28605222576
28605222577
28605222578
28605222579
28605222580
28605222581
28605222582
28605222583
28605222584
28605222585
28605222586
28605222587
28605222588
28605222589
28605222590
28605222591
28605222592
28605222593
28605222594
28605222595
28605222596
28605222597
28605222598
28605222599
28605222600
28605222601
28605222602
28605222603
28605222604
28605222605
28605222606
28605222607
28605222608
28605222609
28605222610
28605222611
28605222612
28605222613
28605222614
28605222615
28605222616
28605222617
28605222618
28605222619
28605222620
28605222621
28605222622
28605222623
28605222624
28605222625
28605222626
28605222627
28605222628
28605222629
28605222630
28605222631
28605222632
28605222633
28605222634
28605222635
28605222636
28605222637
28605222638
28605222639
28605222640
28605222641
28605222642
28605222643
28605222644
28605222645
28605222646
28605222647
28605222648
28605222649
28605222650
28605222651
28605222652
28605222653
28605222654
28605222655
28605222656
28605222657
28605222658
28605222659
16309247820
16309247821
16309247822
16309247823
16309247824
16309247825
16309247826
16309247827
16309247828
16309247829
16309247830
16309247831
16309247832
16309247833
16309247834
16309247835
16309247836
16309247837
16309247838
16309247839
16309247840
16309247841
16309247842
16309247843
16309247844
16309247845
16309247846
16309247847
16309247848
16309247849
16309247850
16309247851
16309247852
16309247853
16309247854
16309247855
16309247856
16309247857
16309247858
16309247859
16309247860
16309247861
16309247862
16309247863
16309247864
16309247865
16309247866
16309247867
16309247868
16309247869
16309247870
16309247871
16309247872
16309247873
16309247874
16309247875
16309247876
16309247877
16309247878
16309247879
16309247880
16309247881
16309247882
16309247883
16309247884
16309247885
16309247886
16309247887
16309247888
16309247889
16309247890
16309247891
16309247892
16309247893
16309247894
16309247895
16309247896
16309247897
16309247898
16309247899
16309247900
16309247901
16309247902
16309247903
16309247904
16309247905
16309247906
16309247907
16309247908
16309247909
16309247910
16309247911
16309247912
16309247913
16309247914
16309247915
16309247916
16309247917
16309247918
16309247919
25303930507
25303930508
25303930509
25303930510
25303930511
25303930512
25303930513
25303930514
25303930515
25303930516
25303930517
25303930518
25303930519
25303930520
25303930521
25303930522
25303930523
25303930524
25303930525
25303930526
25303930527
25303930528
25303930529
25303930530
25303930531
25303930532
25303930533
25303930534
25303930535
25303930536
25303930537
25303930538
25303930539
25303930540
25303930541
25303930542
25303930543
25303930544
25303930545
25303930546
25303930547
25303930548
25303930549
25303930550
25303930551
25303930552
25303930553
25303930554
25303930555
25303930556
25303930557
25303930558
25303930559
25303930560
25303930561
25303930562
25303930563
25303930564
25303930565
25303930566
25303930567
25303930568
25303930569
25303930570
25303930571
25303930572
25303930573
25303930574
25303930575
25303930576
25303930577
25303930578
25303930579
25303930580
25303930581
25303930582
25303930583
25303930584
25303930585
25303930586
25303930587
25303930588
25303930589
25303930590
25303930591
25303930592
25303930593
25303930594
25303930595
25303930596
25303930597
25303930598
25303930599
25303930600
25303930601
25303930602
25303930603
25303930604
25303930605
25303930606
28676529953
28676529954
28676529955
28676529956
28676529957
28676529958
28676529959
28676529960
28676529961
28676529962
28676529963
28676529964
28676529965
28676529966
28676529967
28676529968
28676529969
28676529970
28676529971
28676529972
28676529973
28676529974
28676529975
28676529976
28676529977
28676529978
28676529979
28676529980
28676529981
28676529982
28676529983
28676529984
28676529985
28676529986
28676529987
28676529988
28676529989
28676529990
28676529991
28676529992
28676529993
28676529994
28676529995
28676529996
28676529997
28676529998
28676529999
28676530000
28676530001
28676530002
28676530003
28676530004
28676530005
28676530006
28676530007
28676530008
28676530009
28676530010
28676530011
28676530012
28676530013
28676530014
28676530015
28676530016
28676530017
28676530018
28676530019
28676530020
28676530021
28676530022
28676530023
28676530024
28676530025
28676530026
28676530027
28676530028
28676530029
28676530030
28676530031
28676530032
28676530033
28676530034
28676530035
28676530036
28676530037
28676530038
28676530039
28676530040
28676530041
28676530042
28676530043
28676530044
28676530045
28676530046
28676530047
28676530048
28676530049
28676530050
28676530051
28676530052
20432516309
20432516310
20432516311
20432516312
20432516313
20432516314
20432516315
20432516316
20432516317
20432516318
20432516319
20432516320
20432516321
20432516322
20432516323
20432516324
20432516325
20432516326
20432516327
20432516328
20432516329
20432516330
20432516331
20432516332
20432516333
20432516334
20432516335
20432516336
20432516337
20432516338
20432516339
20432516340
20432516341
20432516342
20432516343
20432516344
20432516345
20432516346
20432516347
20432516348
20432516349
20432516350
20432516351
20432516352
20432516353
20432516354
20432516355
20432516356
20432516357
20432516358
20432516359
20432516360
20432516361
20432516362
20432516363
20432516364
20432516365
20432516366
20432516367
20432516368
20432516369
20432516370
20432516371
20432516372
20432516373
20432516374
20432516375
20432516376
20432516377
20432516378
20432516379
20432516380
20432516381
20432516382
20432516383
20432516384
20432516385
20432516386
20432516387
20432516388
20432516389
20432516390
20432516391
20432516392
20432516393
20432516394
20432516395
20432516396
20432516397
20432516398
20432516399
20432516400
20432516401
20432516402
20432516403
20432516404
20432516405
20432516406
20432516407
20432516408
17878735409
17878735410
17878735411
17878735412
17878735413
17878735414
17878735415
17878735416
17878735417
17878735418
17878735419
17878735420
17878735421
17878735422
17878735423
17878735424
17878735425
17878735426
17878735427
17878735428
17878735429
17878735430
17878735431
17878735432
17878735433
17878735434
17878735435
17878735436
17878735437
17878735438
17878735439
17878735440
17878735441
17878735442
17878735443
17878735444
17878735445
17878735446
17878735447
17878735448
17878735449
17878735450
17878735451
17878735452
17878735453
17878735454
17878735455
17878735456
17878735457
17878735458
17878735459
17878735460
17878735461
17878735462
17878735463
17878735464
17878735465
17878735466
17878735467
17878735468
17878735469
17878735470
17878735471
17878735472
17878735473
17878735474
17878735475
17878735476
17878735477
17878735478
17878735479
17878735480
17878735481
17878735482
17878735483
17878735484
17878735485
17878735486
17878735487
17878735488
17878735489
17878735490
17878735491
17878735492
17878735493
17878735494
17878735495
17878735496
17878735497
17878735498
17878735499
17878735500
17878735501
17878735502
17878735503
17878735504
17878735505
17878735506
17878735507
17878735508
22149472029
22149472030
22149472031
22149472032
22149472033
22149472034
22149472035
22149472036
22149472037
22149472038
22149472039
22149472040
22149472041
22149472042
22149472043
22149472044
22149472045
22149472046
22149472047
22149472048
22149472049
22149472050
22149472051
22149472052
22149472053
22149472054
22149472055
22149472056
22149472057
22149472058
22149472059
22149472060
22149472061
22149472062
22149472063
22149472064
22149472065
22149472066
22149472067
22149472068
22149472069
22149472070
22149472071
22149472072
22149472073
22149472074
22149472075
22149472076
22149472077
22149472078
22149472079
22149472080
22149472081
22149472082
22149472083
22149472084
22149472085
22149472086
22149472087
22149472088
22149472089
22149472090
22149472091
22149472092
22149472093
22149472094
22149472095
22149472096
22149472097
22149472098
22149472099
22149472100
22149472101
22149472102
22149472103
22149472104
22149472105
22149472106
22149472107
22149472108
22149472109
22149472110
22149472111
22149472112
22149472113
22149472114
22149472115
22149472116
22149472117
22149472118
22149472119
22149472120
22149472121
22149472122
22149472123
22149472124
22149472125
22149472126
22149472127
22149472128
16029117222
16029117223
16029117224
16029117225
16029117226
16029117227
16029117228
16029117229
16029117230
16029117231
16029117232
16029117233
16029117234
16029117235
16029117236
16029117237
16029117238
16029117239
16029117240
16029117241
16029117242
16029117243
16029117244
16029117245
16029117246
16029117247
16029117248
16029117249
16029117250
16029117251
16029117252
16029117253
16029117254
16029117255
16029117256
16029117257
16029117258
16029117259
16029117260
16029117261
16029117262
16029117263
16029117264
16029117265
16029117266
16029117267
16029117268
16029117269
16029117270
16029117271
16029117272
16029117273
16029117274
16029117275
16029117276
16029117277
16029117278
16029117279
16029117280
16029117281
16029117282
16029117283
16029117284
16029117285
16029117286
16029117287
16029117288
16029117289
16029117290
16029117291
16029117292
16029117293
16029117294
16029117295
16029117296
16029117297
16029117298
16029117299
16029117300
16029117301
16029117302
16029117303
16029117304
16029117305
16029117306
16029117307
16029117308
16029117309
16029117310
16029117311
16029117312
16029117313
16029117314
16029117315
16029117316
16029117317
16029117318
16029117319
16029117320
16029117321
23512460795
23512460796
23512460797
23512460798
23512460799
23512460800
23512460801
23512460802
23512460803
23512460804
23512460805
23512460806
23512460807
23512460808
23512460809
23512460810
23512460811
23512460812
23512460813
23512460814
23512460815
23512460816
23512460817
23512460818
23512460819
23512460820
23512460821
23512460822
23512460823
23512460824
23512460825
23512460826
23512460827
23512460828
23512460829
23512460830
23512460831
23512460832
23512460833
23512460834
23512460835
23512460836
23512460837
23512460838
23512460839
23512460840
23512460841
23512460842
23512460843
23512460844
23512460845
23512460846
23512460847
23512460848
23512460849
23512460850
23512460851
23512460852
23512460853
23512460854
23512460855
23512460856
23512460857
23512460858
23512460859
23512460860
23512460861
23512460862
23512460863
23512460864
23512460865
23512460866
23512460867
23512460868
23512460869
23512460870
23512460871
23512460872
23512460873
23512460874
23512460875
23512460876
23512460877
23512460878
23512460879
23512460880
23512460881
23512460882
23512460883
23512460884
23512460885
23512460886
23512460887
23512460888
23512460889
23512460890
23512460891
23512460892
23512460893
23512460894
26711878453
26711878454
26711878455
26711878456
26711878457
26711878458
26711878459
26711878460
26711878461
26711878462
26711878463
26711878464
26711878465
26711878466
26711878467
26711878468
26711878469
26711878470
26711878471
26711878472
26711878473
26711878474
26711878475
26711878476
26711878477
26711878478
26711878479
26711878480
26711878481
26711878482
26711878483
26711878484
26711878485
26711878486
26711878487
26711878488
26711878489
26711878490
26711878491
26711878492
26711878493
26711878494
26711878495
26711878496
26711878497
26711878498
26711878499
26711878500
26711878501
26711878502
26711878503
26711878504
26711878505
26711878506
26711878507
26711878508
26711878509
26711878510
26711878511
26711878512
26711878513
26711878514
26711878515
26711878516
26711878517
26711878518
26711878519
26711878520
26711878521
26711878522
26711878523
26711878524
26711878525
26711878526
26711878527
26711878528
26711878529
26711878530
26711878531
26711878532
26711878533
26711878534
26711878535
26711878536
26711878537
26711878538
26711878539
26711878540
26711878541
26711878542
26711878543
26711878544
26711878545
26711878546
26711878547
26711878548
26711878549
26711878550
26711878551
26711878552
16121416865
16121416866
16121416867
16121416868
16121416869
16121416870
16121416871
16121416872
16121416873
16121416874
16121416875
16121416876
16121416877
16121416878
16121416879
16121416880
16121416881
16121416882
16121416883
16121416884
16121416885
16121416886
16121416887
16121416888
16121416889
16121416890
16121416891
16121416892
16121416893
16121416894
16121416895
16121416896
16121416897
16121416898
16121416899
16121416900
16121416901
16121416902
16121416903
16121416904
16121416905
16121416906
16121416907
16121416908
16121416909
16121416910
16121416911
16121416912
16121416913
16121416914
16121416915
16121416916
16121416917
16121416918
16121416919
16121416920
16121416921
16121416922
16121416923
16121416924
16121416925
16121416926
16121416927
16121416928
16121416929
16121416930
16121416931
16121416932
16121416933
16121416934
16121416935
16121416936
16121416937
16121416938
16121416939
16121416940
16121416941
16121416942
16121416943
16121416944
16121416945
16121416946
16121416947
16121416948
16121416949
16121416950
16121416951
16121416952
16121416953
16121416954
16121416955
16121416956
16121416957
16121416958
16121416959
16121416960
16121416961
16121416962
16121416963
16121416964
20244251953
20244251954
20244251955
20244251956
20244251957
20244251958
20244251959
20244251960
20244251961
20244251962
20244251963
20244251964
20244251965
20244251966
20244251967
20244251968
20244251969
20244251970
20244251971
20244251972
20244251973
20244251974
20244251975
20244251976
20244251977
20244251978
20244251979
20244251980
20244251981
20244251982
20244251983
20244251984
20244251985
20244251986
20244251987
20244251988
20244251989
20244251990
20244251991
20244251992
20244251993
20244251994
20244251995
20244251996
20244251997
20244251998
20244251999
20244252000
20244252001
20244252002
20244252003
20244252004
20244252005
20244252006
20244252007
20244252008
20244252009
20244252010
20244252011
20244252012
20244252013
20244252014
20244252015
20244252016
20244252017
20244252018
20244252019
20244252020
20244252021
20244252022
20244252023
20244252024
20244252025
20244252026
20244252027
20244252028
20244252029
20244252030
20244252031
20244252032
20244252033
20244252034
20244252035
20244252036
20244252037
20244252038
20244252039
20244252040
20244252041
20244252042
20244252043
20244252044
20244252045
20244252046
20244252047
20244252048
20244252049
20244252050
20244252051
20244252052
16820083285
16820083286
16820083287
16820083288
16820083289
16820083290
16820083291
16820083292
16820083293
16820083294
16820083295
16820083296
16820083297
16820083298
16820083299
16820083300
16820083301
16820083302
16820083303
16820083304
16820083305
16820083306
16820083307
16820083308
16820083309
16820083310
16820083311
16820083312
16820083313
16820083314
16820083315
16820083316
16820083317
16820083318
16820083319
16820083320
16820083321
16820083322
16820083323
16820083324
16820083325
16820083326
16820083327
16820083328
16820083329
16820083330
16820083331
16820083332
16820083333
16820083334
16820083335
16820083336
16820083337
16820083338
16820083339
16820083340
16820083341
16820083342
16820083343
16820083344
16820083345
16820083346
16820083347
16820083348
16820083349
16820083350
16820083351
16820083352
16820083353
16820083354
16820083355
16820083356
16820083357
16820083358
16820083359
16820083360
16820083361
16820083362
16820083363
16820083364
16820083365
16820083366
16820083367
16820083368
16820083369
16820083370
16820083371
16820083372
16820083373
16820083374
16820083375
16820083376
16820083377
16820083378
16820083379
16820083380
16820083381
16820083382
16820083383
16820083384
15673493369
15673493370
15673493371
15673493372
15673493373
15673493374
15673493375
15673493376
15673493377
15673493378
15673493379
15673493380
15673493381
15673493382
15673493383
15673493384
15673493385
15673493386
15673493387
15673493388
15673493389
15673493390
15673493391
15673493392
15673493393
15673493394
15673493395
15673493396
15673493397
15673493398
15673493399
15673493400
15673493401
15673493402
15673493403
15673493404
15673493405
15673493406
15673493407
15673493408
15673493409
15673493410
15673493411
15673493412
15673493413
15673493414
15673493415
15673493416
15673493417
15673493418
15673493419
15673493420
15673493421
15673493422
15673493423
15673493424
15673493425
15673493426
15673493427
15673493428
15673493429
15673493430
15673493431
15673493432
15673493433
15673493434
15673493435
15673493436
15673493437
15673493438
15673493439
15673493440
15673493441
15673493442
15673493443
15673493444
15673493445
15673493446
15673493447
15673493448
15673493449
15673493450
15673493451
15673493452
15673493453
15673493454
15673493455
15673493456
15673493457
15673493458
15673493459
15673493460
15673493461
15673493462
15673493463
15673493464
15673493465
15673493466
15673493467
15673493468
28698746166
28698746167
28698746168
28698746169
28698746170
28698746171
28698746172
28698746173
28698746174
28698746175
28698746176
28698746177
28698746178
28698746179
28698746180
28698746181
28698746182
28698746183
28698746184
28698746185
28698746186
28698746187
28698746188
28698746189
28698746190
28698746191
28698746192
28698746193
28698746194
28698746195
28698746196
28698746197
28698746198
28698746199
28698746200
28698746201
28698746202
28698746203
28698746204
28698746205
28698746206
28698746207
28698746208
28698746209
28698746210
28698746211
28698746212
28698746213
28698746214
28698746215
28698746216
28698746217
28698746218
28698746219
28698746220
28698746221
28698746222
28698746223
28698746224
28698746225
28698746226
28698746227
28698746228
28698746229
28698746230
28698746231
28698746232
28698746233
28698746234
28698746235
28698746236
28698746237
28698746238
28698746239
28698746240
28698746241
28698746242
28698746243
28698746244
28698746245
28698746246
28698746247
28698746248
28698746249
28698746250
28698746251
28698746252
28698746253
28698746254
28698746255
28698746256
28698746257
28698746258
28698746259
28698746260
28698746261
28698746262
28698746263
28698746264
28698746265
25599839347
25599839348
25599839349
25599839350
25599839351
25599839352
25599839353
25599839354
25599839355
25599839356
25599839357
25599839358
25599839359
25599839360
25599839361
25599839362
25599839363
25599839364
25599839365
25599839366
25599839367
25599839368
25599839369
25599839370
25599839371
25599839372
25599839373
25599839374
25599839375
25599839376
25599839377
25599839378
25599839379
25599839380
25599839381
25599839382
25599839383
25599839384
25599839385
25599839386
25599839387
25599839388
25599839389
25599839390
25599839391
25599839392
25599839393
25599839394
25599839395
25599839396
25599839397
25599839398
25599839399
25599839400
25599839401
25599839402
25599839403
25599839404
25599839405
25599839406
25599839407
25599839408
25599839409
25599839410
25599839411
25599839412
25599839413
25599839414
25599839415
25599839416
25599839417
25599839418
25599839419
25599839420
25599839421
25599839422
25599839423
25599839424
25599839425
25599839426
25599839427
25599839428
25599839429
25599839430
25599839431
25599839432
25599839433
25599839434
25599839435
25599839436
25599839437
25599839438
25599839439
25599839440
25599839441
25599839442
25599839443
25599839444
25599839445
25599839446
29065237915
29065237916
29065237917
29065237918
29065237919
29065237920
29065237921
29065237922
29065237923
29065237924
29065237925
29065237926
29065237927
29065237928
29065237929
29065237930
29065237931
29065237932
29065237933
29065237934
29065237935
29065237936
29065237937
29065237938
29065237939
29065237940
29065237941
29065237942
29065237943
29065237944
29065237945
29065237946
29065237947
29065237948
29065237949
29065237950
29065237951
29065237952
29065237953
29065237954
29065237955
29065237956
29065237957
29065237958
29065237959
29065237960
29065237961
29065237962
29065237963
29065237964
29065237965
29065237966
29065237967
29065237968
29065237969
29065237970
29065237971
29065237972
29065237973
29065237974
29065237975
29065237976
29065237977
29065237978
29065237979
29065237980
29065237981
29065237982
29065237983
29065237984
29065237985
29065237986
29065237987
29065237988
29065237989
29065237990
29065237991
29065237992
29065237993
29065237994
29065237995
29065237996
29065237997
29065237998
29065237999
29065238000
29065238001
29065238002
29065238003
29065238004
29065238005
29065238006
29065238007
29065238008
29065238009
29065238010
29065238011
29065238012
29065238013
29065238014
28679135735
28679135736
28679135737
28679135738
28679135739
28679135740
28679135741
28679135742
28679135743
28679135744
28679135745
28679135746
28679135747
28679135748
28679135749
28679135750
28679135751
28679135752
28679135753
28679135754
28679135755
28679135756
28679135757
28679135758
28679135759
28679135760
28679135761
28679135762
28679135763
28679135764
28679135765
28679135766
28679135767
28679135768
28679135769
28679135770
28679135771
28679135772
28679135773
28679135774
28679135775
28679135776
28679135777
28679135778
28679135779
28679135780
28679135781
28679135782
28679135783
28679135784
28679135785
28679135786
28679135787
28679135788
28679135789
28679135790
28679135791
28679135792
28679135793
28679135794
28679135795
28679135796
28679135797
28679135798
28679135799
28679135800
28679135801
28679135802
28679135803
28679135804
28679135805
28679135806
28679135807
28679135808
28679135809
28679135810
28679135811
28679135812
28679135813
28679135814
28679135815
28679135816
28679135817
28679135818
28679135819
28679135820
28679135821
28679135822
28679135823
28679135824
28679135825
28679135826
28679135827
28679135828
28679135829
28679135830
28679135831
28679135832
28679135833
28679135834
28263921143
28263921144
28263921145
28263921146
28263921147
28263921148
28263921149
28263921150
28263921151
28263921152
28263921153
28263921154
28263921155
28263921156
28263921157
28263921158
28263921159
28263921160
28263921161
28263921162
28263921163
28263921164
28263921165
28263921166
28263921167
28263921168
28263921169
28263921170
28263921171
28263921172
28263921173
28263921174
28263921175
28263921176
28263921177
28263921178
28263921179
28263921180
28263921181
28263921182
28263921183
28263921184
28263921185
28263921186
28263921187
28263921188
28263921189
28263921190
28263921191
28263921192
28263921193
28263921194
28263921195
28263921196
28263921197
28263921198
28263921199
28263921200
28263921201
28263921202
28263921203
28263921204
28263921205
28263921206
28263921207
28263921208
28263921209
28263921210
28263921211
28263921212
28263921213
28263921214
28263921215
28263921216
28263921217
28263921218
28263921219
28263921220
28263921221
28263921222
28263921223
28263921224
28263921225
28263921226
28263921227
28263921228
28263921229
28263921230
28263921231
28263921232
28263921233
28263921234
28263921235
28263921236
28263921237
28263921238
28263921239
28263921240
28263921241
28263921242
18567962346
18567962347
18567962348
18567962349
18567962350
18567962351
18567962352
18567962353
18567962354
18567962355
18567962356
18567962357
18567962358
18567962359
18567962360
18567962361
18567962362
18567962363
18567962364
18567962365
18567962366
18567962367
18567962368
18567962369
18567962370
18567962371
18567962372
18567962373
18567962374
18567962375
18567962376
18567962377
18567962378
18567962379
18567962380
18567962381
18567962382
18567962383
18567962384
18567962385
18567962386
18567962387
18567962388
18567962389
18567962390
18567962391
18567962392
18567962393
18567962394
18567962395
18567962396
18567962397
18567962398
18567962399
18567962400
18567962401
18567962402
18567962403
18567962404
18567962405
18567962406
18567962407
18567962408
18567962409
18567962410
18567962411
18567962412
18567962413
18567962414
18567962415
18567962416
18567962417
18567962418
18567962419
18567962420
18567962421
18567962422
18567962423
18567962424
18567962425
18567962426
18567962427
18567962428
18567962429
18567962430
18567962431
18567962432
18567962433
18567962434
18567962435
18567962436
18567962437
18567962438
18567962439
18567962440
18567962441
18567962442
18567962443
18567962444
18567962445
26081536536
26081536537
26081536538
26081536539
26081536540
26081536541
26081536542
26081536543
26081536544
26081536545
26081536546
26081536547
26081536548
26081536549
26081536550
26081536551
26081536552
26081536553
26081536554
26081536555
26081536556
26081536557
26081536558
26081536559
26081536560
26081536561
26081536562
26081536563
26081536564
26081536565
26081536566
26081536567
26081536568
26081536569
26081536570
26081536571
26081536572
26081536573
26081536574
26081536575
26081536576
26081536577
26081536578
26081536579
26081536580
26081536581
26081536582
26081536583
26081536584
26081536585
26081536586
26081536587
26081536588
26081536589
26081536590
26081536591
26081536592
26081536593
26081536594
26081536595
26081536596
26081536597
26081536598
26081536599
26081536600
26081536601
26081536602
26081536603
26081536604
26081536605
26081536606
26081536607
26081536608
26081536609
26081536610
26081536611
26081536612
26081536613
26081536614
26081536615
26081536616
26081536617
26081536618
26081536619
26081536620
26081536621
26081536622
26081536623
26081536624
26081536625
26081536626
26081536627
26081536628
26081536629
26081536630
26081536631
26081536632
26081536633
26081536634
26081536635
19420384375
19420384376
19420384377
19420384378
19420384379
19420384380
19420384381
19420384382
19420384383
19420384384
19420384385
19420384386
19420384387
19420384388
19420384389
19420384390
19420384391
19420384392
19420384393
19420384394
19420384395
19420384396
19420384397
19420384398
19420384399
19420384400
19420384401
19420384402
19420384403
19420384404
19420384405
19420384406
19420384407
19420384408
19420384409
19420384410
19420384411
19420384412
19420384413
19420384414
19420384415
19420384416
19420384417
19420384418
19420384419
19420384420
19420384421
19420384422
19420384423
19420384424
19420384425
19420384426
19420384427
19420384428
19420384429
19420384430
19420384431
19420384432
19420384433
19420384434
19420384435
19420384436
19420384437
19420384438
19420384439
19420384440
19420384441
19420384442
19420384443
19420384444
19420384445
19420384446
19420384447
19420384448
19420384449
19420384450
19420384451
19420384452
19420384453
19420384454
19420384455
19420384456
19420384457
19420384458
19420384459
19420384460
19420384461
19420384462
19420384463
19420384464
19420384465
19420384466
19420384467
19420384468
19420384469
19420384470
19420384471
19420384472
19420384473
19420384474
16523017122
16523017123
16523017124
16523017125
16523017126
16523017127
16523017128
16523017129
16523017130
16523017131
16523017132
16523017133
16523017134
16523017135
16523017136
16523017137
16523017138
16523017139
16523017140
16523017141
16523017142
16523017143
16523017144
16523017145
16523017146
16523017147
16523017148
16523017149
16523017150
16523017151
16523017152
16523017153
16523017154
16523017155
16523017156
16523017157
16523017158
16523017159
16523017160
16523017161
16523017162
16523017163
16523017164
16523017165
16523017166
16523017167
16523017168
16523017169
16523017170
16523017171
16523017172
16523017173
16523017174
16523017175
16523017176
16523017177
16523017178
16523017179
16523017180
16523017181
16523017182
16523017183
16523017184
16523017185
16523017186
16523017187
16523017188
16523017189
16523017190
16523017191
16523017192
16523017193
16523017194
16523017195
16523017196
16523017197
16523017198
16523017199
16523017200
16523017201
16523017202
16523017203
16523017204
16523017205
16523017206
16523017207
16523017208
16523017209
16523017210
16523017211
16523017212
16523017213
16523017214
16523017215
16523017216
16523017217
16523017218
16523017219
16523017220
16523017221
20958855587
20958855588
20958855589
20958855590
20958855591
20958855592
20958855593
20958855594
20958855595
20958855596
20958855597
20958855598
20958855599
20958855600
20958855601
20958855602
20958855603
20958855604
20958855605
20958855606
20958855607
20958855608
20958855609
20958855610
20958855611
20958855612
20958855613
20958855614
20958855615
20958855616
20958855617
20958855618
20958855619
20958855620
20958855621
20958855622
20958855623
20958855624
20958855625
20958855626
20958855627
20958855628
20958855629
20958855630
20958855631
20958855632
20958855633
20958855634
20958855635
20958855636
20958855637
20958855638
20958855639
20958855640
20958855641
20958855642
20958855643
20958855644
20958855645
20958855646
20958855647
20958855648
20958855649
20958855650
20958855651
20958855652
20958855653
20958855654
20958855655
20958855656
20958855657
20958855658
20958855659
20958855660
20958855661
20958855662
20958855663
20958855664
20958855665
20958855666
20958855667
20958855668
20958855669
20958855670
20958855671
20958855672
20958855673
20958855674
20958855675
20958855676
20958855677
20958855678
20958855679
20958855680
20958855681
20958855682
20958855683
20958855684
20958855685
20958855686
16149391276
16149391277
16149391278
16149391279
16149391280
16149391281
16149391282
16149391283
16149391284
16149391285
16149391286
16149391287
16149391288
16149391289
16149391290
16149391291
16149391292
16149391293
16149391294
16149391295
16149391296
16149391297
16149391298
16149391299
16149391300
16149391301
16149391302
16149391303
16149391304
16149391305
16149391306
16149391307
16149391308
16149391309
16149391310
16149391311
16149391312
16149391313
16149391314
16149391315
16149391316
16149391317
16149391318
16149391319
16149391320
16149391321
16149391322
16149391323
16149391324
16149391325
16149391326
16149391327
16149391328
16149391329
16149391330
16149391331
16149391332
16149391333
16149391334
16149391335
16149391336
16149391337
16149391338
16149391339
16149391340
16149391341
16149391342
16149391343
16149391344
16149391345
16149391346
16149391347
16149391348
16149391349
16149391350
16149391351
16149391352
16149391353
16149391354
16149391355
16149391356
16149391357
16149391358
16149391359
16149391360
16149391361
16149391362
16149391363
16149391364
16149391365
16149391366
16149391367
16149391368
16149391369
16149391370
16149391371
16149391372
16149391373
16149391374
16149391375
28104817043
28104817044
28104817045
28104817046
28104817047
28104817048
28104817049
28104817050
28104817051
28104817052
28104817053
28104817054
28104817055
28104817056
28104817057
28104817058
28104817059
28104817060
28104817061
28104817062
28104817063
28104817064
28104817065
28104817066
28104817067
28104817068
28104817069
28104817070
28104817071
28104817072
28104817073
28104817074
28104817075
28104817076
28104817077
28104817078
28104817079
28104817080
28104817081
28104817082
28104817083
28104817084
28104817085
28104817086
28104817087
28104817088
28104817089
28104817090
28104817091
28104817092
28104817093
28104817094
28104817095
28104817096
28104817097
28104817098
28104817099
28104817100
28104817101
28104817102
28104817103
28104817104
28104817105
28104817106
28104817107
28104817108
28104817109
28104817110
28104817111
28104817112
28104817113
28104817114
28104817115
28104817116
28104817117
28104817118
28104817119
28104817120
28104817121
28104817122
28104817123
28104817124
28104817125
28104817126
28104817127
28104817128
28104817129
28104817130
28104817131
28104817132
28104817133
28104817134
28104817135
28104817136
28104817137
28104817138
28104817139
28104817140
28104817141
28104817142
27150199682
27150199683
27150199684
27150199685
27150199686
27150199687
27150199688
27150199689
27150199690
27150199691
27150199692
27150199693
27150199694
27150199695
27150199696
27150199697
27150199698
27150199699
27150199700
27150199701
27150199702
27150199703
27150199704
27150199705
27150199706
27150199707
27150199708
27150199709
27150199710
27150199711
27150199712
27150199713
27150199714
27150199715
27150199716
27150199717
27150199718
27150199719
27150199720
27150199721
27150199722
27150199723
27150199724
27150199725
27150199726
27150199727
27150199728
27150199729
27150199730
27150199731
27150199732
27150199733
27150199734
27150199735
27150199736
27150199737
27150199738
27150199739
27150199740
27150199741
27150199742
27150199743
27150199744
27150199745
27150199746
27150199747
27150199748
27150199749
27150199750
27150199751
27150199752
27150199753
27150199754
27150199755
27150199756
27150199757
27150199758
27150199759
27150199760
27150199761
27150199762
27150199763
27150199764
27150199765
27150199766
27150199767
27150199768
27150199769
27150199770
27150199771
27150199772
27150199773
27150199774
27150199775
27150199776
27150199777
27150199778
27150199779
27150199780
27150199781
21567507919
21567507920
21567507921
21567507922
21567507923
21567507924
21567507925
21567507926
21567507927
21567507928
21567507929
21567507930
21567507931
21567507932
21567507933
21567507934
21567507935
21567507936
21567507937
21567507938
21567507939
21567507940
21567507941
21567507942
21567507943
21567507944
21567507945
21567507946
21567507947
21567507948
21567507949
21567507950
21567507951
21567507952
21567507953
21567507954
21567507955
21567507956
21567507957
21567507958
21567507959
21567507960
21567507961
21567507962
21567507963
21567507964
21567507965
21567507966
21567507967
21567507968
21567507969
21567507970
21567507971
21567507972
21567507973
21567507974
21567507975
21567507976
21567507977
21567507978
21567507979
21567507980
21567507981
21567507982
21567507983
21567507984
21567507985
21567507986
21567507987
21567507988
21567507989
21567507990
21567507991
21567507992
21567507993
21567507994
21567507995
21567507996
21567507997
21567507998
21567507999
21567508000
21567508001
21567508002
21567508003
21567508004
21567508005
21567508006
21567508007
21567508008
21567508009
21567508010
21567508011
21567508012
21567508013
21567508014
21567508015
21567508016
21567508017
21567508018
15762879450
15762879451
15762879452
15762879453
15762879454
15762879455
15762879456
15762879457
15762879458
15762879459
15762879460
15762879461
15762879462
15762879463
15762879464
15762879465
15762879466
15762879467
15762879468
15762879469
15762879470
15762879471
15762879472
15762879473
15762879474
15762879475
15762879476
15762879477
15762879478
15762879479
15762879480
15762879481
15762879482
15762879483
15762879484
15762879485
15762879486
15762879487
15762879488
15762879489
15762879490
15762879491
15762879492
15762879493
15762879494
15762879495
15762879496
15762879497
15762879498
15762879499
15762879500
15762879501
15762879502
15762879503
15762879504
15762879505
15762879506
15762879507
15762879508
15762879509
15762879510
15762879511
15762879512
15762879513
15762879514
15762879515
15762879516
15762879517
15762879518
15762879519
15762879520
15762879521
15762879522
15762879523
15762879524
15762879525
15762879526
15762879527
15762879528
15762879529
15762879530
15762879531
15762879532
15762879533
15762879534
15762879535
15762879536
15762879537
15762879538
15762879539
15762879540
15762879541
15762879542
15762879543
15762879544
15762879545
15762879546
15762879547
15762879548
15762879549
15571098236
15571098237
15571098238
15571098239
15571098240
15571098241
15571098242
15571098243
15571098244
15571098245
15571098246
15571098247
15571098248
15571098249
15571098250
15571098251
15571098252
15571098253
15571098254
15571098255
15571098256
15571098257
15571098258
15571098259
15571098260
15571098261
15571098262
15571098263
15571098264
15571098265
15571098266
15571098267
15571098268
15571098269
15571098270
15571098271
15571098272
15571098273
15571098274
15571098275
15571098276
15571098277
15571098278
15571098279
15571098280
15571098281
15571098282
15571098283
15571098284
15571098285
15571098286
15571098287
15571098288
15571098289
15571098290
15571098291
15571098292
15571098293
15571098294
15571098295
15571098296
15571098297
15571098298
15571098299
15571098300
15571098301
15571098302
15571098303
15571098304
15571098305
15571098306
15571098307
15571098308
15571098309
15571098310
15571098311
15571098312
15571098313
15571098314
15571098315
15571098316
15571098317
15571098318
15571098319
15571098320
15571098321
15571098322
15571098323
15571098324
15571098325
15571098326
15571098327
15571098328
15571098329
15571098330
15571098331
15571098332
15571098333
15571098334
15571098335
21691473165
21691473166
21691473167
21691473168
21691473169
21691473170
21691473171
21691473172
21691473173
21691473174
21691473175
21691473176
21691473177
21691473178
21691473179
21691473180
21691473181
21691473182
21691473183
21691473184
21691473185
21691473186
21691473187
21691473188
21691473189
21691473190
21691473191
21691473192
21691473193
21691473194
21691473195
21691473196
21691473197
21691473198
21691473199
21691473200
21691473201
21691473202
21691473203
21691473204
21691473205
21691473206
21691473207
21691473208
21691473209
21691473210
21691473211
21691473212
21691473213
21691473214
21691473215
21691473216
21691473217
21691473218
21691473219
21691473220
21691473221
21691473222
21691473223
21691473224
21691473225
21691473226
21691473227
21691473228
21691473229
21691473230
21691473231
21691473232
21691473233
21691473234
21691473235
21691473236
21691473237
21691473238
21691473239
21691473240
21691473241
21691473242
21691473243
21691473244
21691473245
21691473246
21691473247
21691473248
21691473249
21691473250
21691473251
21691473252
21691473253
21691473254
21691473255
21691473256
21691473257
21691473258
21691473259
21691473260
21691473261
21691473262
21691473263
21691473264
15730971857
15730971858
15730971859
15730971860
15730971861
15730971862
15730971863
15730971864
15730971865
15730971866
15730971867
15730971868
15730971869
15730971870
15730971871
15730971872
15730971873
15730971874
15730971875
15730971876
15730971877
15730971878
15730971879
15730971880
15730971881
15730971882
15730971883
15730971884
15730971885
15730971886
15730971887
15730971888
15730971889
15730971890
15730971891
15730971892
15730971893
15730971894
15730971895
15730971896
15730971897
15730971898
15730971899
15730971900
15730971901
15730971902
15730971903
15730971904
15730971905
15730971906
15730971907
15730971908
15730971909
15730971910
15730971911
15730971912
15730971913
15730971914
15730971915
15730971916
15730971917
15730971918
15730971919
15730971920
15730971921
15730971922
15730971923
15730971924
15730971925
15730971926
15730971927
15730971928
15730971929
15730971930
15730971931
15730971932
15730971933
15730971934
15730971935
15730971936
15730971937
15730971938
15730971939
15730971940
15730971941
15730971942
15730971943
15730971944
15730971945
15730971946
15730971947
15730971948
15730971949
15730971950
15730971951
15730971952
15730971953
15730971954
15730971955
15730971956
15301670761
15301670762
15301670763
15301670764
15301670765
15301670766
15301670767
15301670768
15301670769
15301670770
15301670771
15301670772
15301670773
15301670774
15301670775
15301670776
15301670777
15301670778
15301670779
15301670780
15301670781
15301670782
15301670783
15301670784
15301670785
15301670786
15301670787
15301670788
15301670789
15301670790
15301670791
15301670792
15301670793
15301670794
15301670795
15301670796
15301670797
15301670798
15301670799
15301670800
15301670801
15301670802
15301670803
15301670804
15301670805
15301670806
15301670807
15301670808
15301670809
15301670810
15301670811
15301670812
15301670813
15301670814
15301670815
15301670816
15301670817
15301670818
15301670819
15301670820
15301670821
15301670822
15301670823
15301670824
15301670825
15301670826
15301670827
15301670828
15301670829
15301670830
15301670831
15301670832
15301670833
15301670834
15301670835
15301670836
15301670837
15301670838
15301670839
15301670840
15301670841
15301670842
15301670843
15301670844
15301670845
15301670846
15301670847
15301670848
15301670849
15301670850
15301670851
15301670852
15301670853
15301670854
15301670855
15301670856
15301670857
15301670858
15301670859
15301670860
24888568579
24888568580
24888568581
24888568582
24888568583
24888568584
24888568585
24888568586
24888568587
24888568588
24888568589
24888568590
24888568591
24888568592
24888568593
24888568594
24888568595
24888568596
24888568597
24888568598
24888568599
24888568600
24888568601
24888568602
24888568603
24888568604
24888568605
24888568606
24888568607
24888568608
24888568609
24888568610
24888568611
24888568612
24888568613
24888568614
24888568615
24888568616
24888568617
24888568618
24888568619
24888568620
24888568621
24888568622
24888568623
24888568624
24888568625
24888568626
24888568627
24888568628
24888568629
24888568630
24888568631
24888568632
24888568633
24888568634
24888568635
24888568636
24888568637
24888568638
24888568639
24888568640
24888568641
24888568642
24888568643
24888568644
24888568645
24888568646
24888568647
24888568648
24888568649
24888568650
24888568651
24888568652
24888568653
24888568654
24888568655
24888568656
24888568657
24888568658
24888568659
24888568660
24888568661
24888568662
24888568663
24888568664
24888568665
24888568666
24888568667
24888568668
24888568669
24888568670
24888568671
24888568672
24888568673
24888568674
24888568675
24888568676
24888568677
24888568678
15188608260
15188608261
15188608262
15188608263
15188608264
15188608265
15188608266
15188608267
15188608268
15188608269
15188608270
15188608271
15188608272
15188608273
15188608274
15188608275
15188608276
15188608277
15188608278
15188608279
15188608280
15188608281
15188608282
15188608283
15188608284
15188608285
15188608286
15188608287
15188608288
15188608289
15188608290
15188608291
15188608292
15188608293
15188608294
15188608295
15188608296
15188608297
15188608298
15188608299
15188608300
15188608301
15188608302
15188608303
15188608304
15188608305
15188608306
15188608307
15188608308
15188608309
15188608310
15188608311
15188608312
15188608313
15188608314
15188608315
15188608316
15188608317
15188608318
15188608319
15188608320
15188608321
15188608322
15188608323
15188608324
15188608325
15188608326
15188608327
15188608328
15188608329
15188608330
15188608331
15188608332
15188608333
15188608334
15188608335
15188608336
15188608337
15188608338
15188608339
15188608340
15188608341
15188608342
15188608343
15188608344
15188608345
15188608346
15188608347
15188608348
15188608349
15188608350
15188608351
15188608352
15188608353
15188608354
15188608355
15188608356
15188608357
15188608358
15188608359
18545892070
18545892071
18545892072
18545892073
18545892074
18545892075
18545892076
18545892077
18545892078
18545892079
18545892080
18545892081
18545892082
18545892083
18545892084
18545892085
18545892086
18545892087
18545892088
18545892089
18545892090
18545892091
18545892092
18545892093
18545892094
18545892095
18545892096
18545892097
18545892098
18545892099
18545892100
18545892101
18545892102
18545892103
18545892104
18545892105
18545892106
18545892107
18545892108
18545892109
18545892110
18545892111
18545892112
18545892113
18545892114
18545892115
18545892116
18545892117
18545892118
18545892119
18545892120
18545892121
18545892122
18545892123
18545892124
18545892125
18545892126
18545892127
18545892128
18545892129
18545892130
18545892131
18545892132
18545892133
18545892134
18545892135
18545892136
18545892137
18545892138
18545892139
18545892140
18545892141
18545892142
18545892143
18545892144
18545892145
18545892146
18545892147
18545892148
18545892149
18545892150
18545892151
18545892152
18545892153
18545892154
18545892155
18545892156
18545892157
18545892158
18545892159
18545892160
18545892161
18545892162
18545892163
18545892164
18545892165
18545892166
18545892167
18545892168
18545892169
16281108804
16281108805
16281108806
16281108807
16281108808
16281108809
16281108810
16281108811
16281108812
16281108813
16281108814
16281108815
16281108816
16281108817
16281108818
16281108819
16281108820
16281108821
16281108822
16281108823
16281108824
16281108825
16281108826
16281108827
16281108828
16281108829
16281108830
16281108831
16281108832
16281108833
16281108834
16281108835
16281108836
16281108837
16281108838
16281108839
16281108840
16281108841
16281108842
16281108843
16281108844
16281108845
16281108846
16281108847
16281108848
16281108849
16281108850
16281108851
16281108852
16281108853
16281108854
16281108855
16281108856
16281108857
16281108858
16281108859
16281108860
16281108861
16281108862
16281108863
16281108864
16281108865
16281108866
16281108867
16281108868
16281108869
16281108870
16281108871
16281108872
16281108873
16281108874
16281108875
16281108876
16281108877
16281108878
16281108879
16281108880
16281108881
16281108882
16281108883
16281108884
16281108885
16281108886
16281108887
16281108888
16281108889
16281108890
16281108891
16281108892
16281108893
16281108894
16281108895
16281108896
16281108897
16281108898
16281108899
16281108900
16281108901
16281108902
16281108903
28366557077
28366557078
28366557079
28366557080
28366557081
28366557082
28366557083
28366557084
28366557085
28366557086
28366557087
28366557088
28366557089
28366557090
28366557091
28366557092
28366557093
28366557094
28366557095
28366557096
28366557097
28366557098
28366557099
28366557100
28366557101
28366557102
28366557103
28366557104
28366557105
28366557106
28366557107
28366557108
28366557109
28366557110
28366557111
28366557112
28366557113
28366557114
28366557115
28366557116
28366557117
28366557118
28366557119
28366557120
28366557121
28366557122
28366557123
28366557124
28366557125
28366557126
28366557127
28366557128
28366557129
28366557130
28366557131
28366557132
28366557133
28366557134
28366557135
28366557136
28366557137
28366557138
28366557139
28366557140
28366557141
28366557142
28366557143
28366557144
28366557145
28366557146
28366557147
28366557148
28366557149
28366557150
28366557151
28366557152
28366557153
28366557154
28366557155
28366557156
28366557157
28366557158
28366557159
28366557160
28366557161
28366557162
28366557163
28366557164
28366557165
28366557166
28366557167
28366557168
28366557169
28366557170
28366557171
28366557172
28366557173
28366557174
28366557175
28366557176
16388993272
16388993273
16388993274
16388993275
16388993276
16388993277
16388993278
16388993279
16388993280
16388993281
16388993282
16388993283
16388993284
16388993285
16388993286
16388993287
16388993288
16388993289
16388993290
16388993291
16388993292
16388993293
16388993294
16388993295
16388993296
16388993297
16388993298
16388993299
16388993300
16388993301
16388993302
16388993303
16388993304
16388993305
16388993306
16388993307
16388993308
16388993309
16388993310
16388993311
16388993312
16388993313
16388993314
16388993315
16388993316
16388993317
16388993318
16388993319
16388993320
16388993321
16388993322
16388993323
16388993324
16388993325
16388993326
16388993327
16388993328
16388993329
16388993330
16388993331
16388993332
16388993333
16388993334
16388993335
16388993336
16388993337
16388993338
16388993339
16388993340
16388993341
16388993342
16388993343
16388993344
16388993345
16388993346
16388993347
16388993348
16388993349
16388993350
16388993351
16388993352
16388993353
16388993354
16388993355
16388993356
16388993357
16388993358
16388993359
16388993360
16388993361
16388993362
16388993363
16388993364
16388993365
16388993366
16388993367
16388993368
16388993369
16388993370
16388993371
19811276795
19811276796
19811276797
19811276798
19811276799
19811276800
19811276801
19811276802
19811276803
19811276804
19811276805
19811276806
19811276807
19811276808
19811276809
19811276810
19811276811
19811276812
19811276813
19811276814
19811276815
19811276816
19811276817
19811276818
19811276819
19811276820
19811276821
19811276822
19811276823
19811276824
19811276825
19811276826
19811276827
19811276828
19811276829
19811276830
19811276831
19811276832
19811276833
19811276834
19811276835
19811276836
19811276837
19811276838
19811276839
19811276840
19811276841
19811276842
19811276843
19811276844
19811276845
19811276846
19811276847
19811276848
19811276849
19811276850
19811276851
19811276852
19811276853
19811276854
19811276855
19811276856
19811276857
19811276858
19811276859
19811276860
19811276861
19811276862
19811276863
19811276864
19811276865
19811276866
19811276867
19811276868
19811276869
19811276870
19811276871
19811276872
19811276873
19811276874
19811276875
19811276876
19811276877
19811276878
19811276879
19811276880
19811276881
19811276882
19811276883
19811276884
19811276885
19811276886
19811276887
19811276888
19811276889
19811276890
19811276891
19811276892
19811276893
19811276894
19687117347
19687117348
19687117349
19687117350
19687117351
19687117352
19687117353
19687117354
19687117355
19687117356
19687117357
19687117358
19687117359
19687117360
19687117361
19687117362
19687117363
19687117364
19687117365
19687117366
19687117367
19687117368
19687117369
19687117370
19687117371
19687117372
19687117373
19687117374
19687117375
19687117376
19687117377
19687117378
19687117379
19687117380
19687117381
19687117382
19687117383
19687117384
19687117385
19687117386
19687117387
19687117388
19687117389
19687117390
19687117391
19687117392
19687117393
19687117394
19687117395
19687117396
19687117397
19687117398
19687117399
19687117400
19687117401
19687117402
19687117403
19687117404
19687117405
19687117406
19687117407
19687117408
19687117409
19687117410
19687117411
19687117412
19687117413
19687117414
19687117415
19687117416
19687117417
19687117418
19687117419
19687117420
19687117421
19687117422
19687117423
19687117424
19687117425
19687117426
19687117427
19687117428
19687117429
19687117430
19687117431
19687117432
19687117433
19687117434
19687117435
19687117436
19687117437
19687117438
19687117439
19687117440
19687117441
19687117442
19687117443
19687117444
19687117445
19687117446
15794373870
15794373871
15794373872
15794373873
15794373874
15794373875
15794373876
15794373877
15794373878
15794373879
15794373880
15794373881
15794373882
15794373883
15794373884
15794373885
15794373886
15794373887
15794373888
15794373889
15794373890
15794373891
15794373892
15794373893
15794373894
15794373895
15794373896
15794373897
15794373898
15794373899
15794373900
15794373901
15794373902
15794373903
15794373904
15794373905
15794373906
15794373907
15794373908
15794373909
15794373910
15794373911
15794373912
15794373913
15794373914
15794373915
15794373916
15794373917
15794373918
15794373919
15794373920
15794373921
15794373922
15794373923
15794373924
15794373925
15794373926
15794373927
15794373928
15794373929
15794373930
15794373931
15794373932
15794373933
15794373934
15794373935
15794373936
15794373937
15794373938
15794373939
15794373940
15794373941
15794373942
15794373943
15794373944
15794373945
15794373946
15794373947
15794373948
15794373949
15794373950
15794373951
15794373952
15794373953
15794373954
15794373955
15794373956
15794373957
15794373958
15794373959
15794373960
15794373961
15794373962
15794373963
15794373964
15794373965
15794373966
15794373967
15794373968
15794373969
24101983305
24101983306
24101983307
24101983308
24101983309
24101983310
24101983311
24101983312
24101983313
24101983314
24101983315
24101983316
24101983317
24101983318
24101983319
24101983320
24101983321
24101983322
24101983323
24101983324
24101983325
24101983326
24101983327
24101983328
24101983329
24101983330
24101983331
24101983332
24101983333
24101983334
24101983335
24101983336
24101983337
24101983338
24101983339
24101983340
24101983341
24101983342
24101983343
24101983344
24101983345
24101983346
24101983347
24101983348
24101983349
24101983350
24101983351
24101983352
24101983353
24101983354
24101983355
24101983356
24101983357
24101983358
24101983359
24101983360
24101983361
24101983362
24101983363
24101983364
24101983365
24101983366
24101983367
24101983368
24101983369
24101983370
24101983371
24101983372
24101983373
24101983374
24101983375
24101983376
24101983377
24101983378
24101983379
24101983380
24101983381
24101983382
24101983383
24101983384
24101983385
24101983386
24101983387
24101983388
24101983389
24101983390
24101983391
24101983392
24101983393
24101983394
24101983395
24101983396
24101983397
24101983398
24101983399
24101983400
24101983401
24101983402
24101983403
24101983404
19139436492
19139436493
19139436494
19139436495
19139436496
19139436497
19139436498
19139436499
19139436500
19139436501
19139436502
19139436503
19139436504
19139436505
19139436506
19139436507
19139436508
19139436509
19139436510
19139436511
19139436512
19139436513
19139436514
19139436515
19139436516
19139436517
19139436518
19139436519
19139436520
19139436521
19139436522
19139436523
19139436524
19139436525
19139436526
19139436527
19139436528
19139436529
19139436530
19139436531
19139436532
19139436533
19139436534
19139436535
19139436536
19139436537
19139436538
19139436539
19139436540
19139436541
19139436542
19139436543
19139436544
19139436545
19139436546
19139436547
19139436548
19139436549
19139436550
19139436551
19139436552
19139436553
19139436554
19139436555
19139436556
19139436557
19139436558
19139436559
19139436560
19139436561
19139436562
19139436563
19139436564
19139436565
19139436566
19139436567
19139436568
19139436569
19139436570
19139436571
19139436572
19139436573
19139436574
19139436575
19139436576
19139436577
19139436578
19139436579
19139436580
19139436581
19139436582
19139436583
19139436584
19139436585
19139436586
19139436587
19139436588
19139436589
19139436590
19139436591
19978576489
19978576490
19978576491
19978576492
19978576493
19978576494
19978576495
19978576496
19978576497
19978576498
19978576499
19978576500
19978576501
19978576502
19978576503
19978576504
19978576505
19978576506
19978576507
19978576508
19978576509
19978576510
19978576511
19978576512
19978576513
19978576514
19978576515
19978576516
19978576517
19978576518
19978576519
19978576520
19978576521
19978576522
19978576523
19978576524
19978576525
19978576526
19978576527
19978576528
19978576529
19978576530
19978576531
19978576532
19978576533
19978576534
19978576535
19978576536
19978576537
19978576538
19978576539
19978576540
19978576541
19978576542
19978576543
19978576544
19978576545
19978576546
19978576547
19978576548
19978576549
19978576550
19978576551
19978576552
19978576553
19978576554
19978576555
19978576556
19978576557
19978576558
19978576559
19978576560
19978576561
19978576562
19978576563
19978576564
19978576565
19978576566
19978576567
19978576568
19978576569
19978576570
19978576571
19978576572
19978576573
19978576574
19978576575
19978576576
19978576577
19978576578
19978576579
19978576580
19978576581
19978576582
19978576583
19978576584
19978576585
19978576586
19978576587
19978576588
17514617917
17514617918
17514617919
17514617920
17514617921
17514617922
17514617923
17514617924
17514617925
17514617926
17514617927
17514617928
17514617929
17514617930
17514617931
17514617932
17514617933
17514617934
17514617935
17514617936
17514617937
17514617938
17514617939
17514617940
17514617941
17514617942
17514617943
17514617944
17514617945
17514617946
17514617947
17514617948
17514617949
17514617950
17514617951
17514617952
17514617953
17514617954
17514617955
17514617956
17514617957
17514617958
17514617959
17514617960
17514617961
17514617962
17514617963
17514617964
17514617965
17514617966
17514617967
17514617968
17514617969
17514617970
17514617971
17514617972
17514617973
17514617974
17514617975
17514617976
17514617977
17514617978
17514617979
17514617980
17514617981
17514617982
17514617983
17514617984
17514617985
17514617986
17514617987
17514617988
17514617989
17514617990
17514617991
17514617992
17514617993
17514617994
17514617995
17514617996
17514617997
17514617998
17514617999
17514618000
17514618001
17514618002
17514618003
17514618004
17514618005
17514618006
17514618007
17514618008
17514618009
17514618010
17514618011
17514618012
17514618013
17514618014
17514618015
17514618016
23083912142
23083912143
23083912144
23083912145
23083912146
23083912147
23083912148
23083912149
23083912150
23083912151
23083912152
23083912153
23083912154
23083912155
23083912156
23083912157
23083912158
23083912159
23083912160
23083912161
23083912162
23083912163
23083912164
23083912165
23083912166
23083912167
23083912168
23083912169
23083912170
23083912171
23083912172
23083912173
23083912174
23083912175
23083912176
23083912177
23083912178
23083912179
23083912180
23083912181
23083912182
23083912183
23083912184
23083912185
23083912186
23083912187
23083912188
23083912189
23083912190
23083912191
23083912192
23083912193
23083912194
23083912195
23083912196
23083912197
23083912198
23083912199
23083912200
23083912201
23083912202
23083912203
23083912204
23083912205
23083912206
23083912207
23083912208
23083912209
23083912210
23083912211
23083912212
23083912213
23083912214
23083912215
23083912216
23083912217
23083912218
23083912219
23083912220
23083912221
23083912222
23083912223
23083912224
23083912225
23083912226
23083912227
23083912228
23083912229
23083912230
23083912231
23083912232
23083912233
23083912234
23083912235
23083912236
23083912237
23083912238
23083912239
23083912240
23083912241
26993731792
26993731793
26993731794
26993731795
26993731796
26993731797
26993731798
26993731799
26993731800
26993731801
26993731802
26993731803
26993731804
26993731805
26993731806
26993731807
26993731808
26993731809
26993731810
26993731811
26993731812
26993731813
26993731814
26993731815
26993731816
26993731817
26993731818
26993731819
26993731820
26993731821
26993731822
26993731823
26993731824
26993731825
26993731826
26993731827
26993731828
26993731829
26993731830
26993731831
26993731832
26993731833
26993731834
26993731835
26993731836
26993731837
26993731838
26993731839
26993731840
26993731841
26993731842
26993731843
26993731844
26993731845
26993731846
26993731847
26993731848
26993731849
26993731850
26993731851
26993731852
26993731853
26993731854
26993731855
26993731856
26993731857
26993731858
26993731859
26993731860
26993731861
26993731862
26993731863
26993731864
26993731865
26993731866
26993731867
26993731868
26993731869
26993731870
26993731871
26993731872
26993731873
26993731874
26993731875
26993731876
26993731877
26993731878
26993731879
26993731880
26993731881
26993731882
26993731883
26993731884
26993731885
26993731886
26993731887
26993731888
26993731889
26993731890
26993731891
14947681410
14947681411
14947681412
14947681413
14947681414
14947681415
14947681416
14947681417
14947681418
14947681419
14947681420
14947681421
14947681422
14947681423
14947681424
14947681425
14947681426
14947681427
14947681428
14947681429
14947681430
14947681431
14947681432
14947681433
14947681434
14947681435
14947681436
14947681437
14947681438
14947681439
14947681440
14947681441
14947681442
14947681443
14947681444
14947681445
14947681446
14947681447
14947681448
14947681449
14947681450
14947681451
14947681452
14947681453
14947681454
14947681455
14947681456
14947681457
14947681458
14947681459
14947681460
14947681461
14947681462
14947681463
14947681464
14947681465
14947681466
14947681467
14947681468
14947681469
14947681470
14947681471
14947681472
14947681473
14947681474
14947681475
14947681476
14947681477
14947681478
14947681479
14947681480
14947681481
14947681482
14947681483
14947681484
14947681485
14947681486
14947681487
14947681488
14947681489
14947681490
14947681491
14947681492
14947681493
14947681494
14947681495
14947681496
14947681497
14947681498
14947681499
14947681500
14947681501
14947681502
14947681503
14947681504
14947681505
14947681506
14947681507
14947681508
14947681509
22782455976
22782455977
22782455978
22782455979
22782455980
22782455981
22782455982
22782455983
22782455984
22782455985
22782455986
22782455987
22782455988
22782455989
22782455990
22782455991
22782455992
22782455993
22782455994
22782455995
22782455996
22782455997
22782455998
22782455999
22782456000
22782456001
22782456002
22782456003
22782456004
22782456005
22782456006
22782456007
22782456008
22782456009
22782456010
22782456011
22782456012
22782456013
22782456014
22782456015
22782456016
22782456017
22782456018
22782456019
22782456020
22782456021
22782456022
22782456023
22782456024
22782456025
22782456026
22782456027
22782456028
22782456029
22782456030
22782456031
22782456032
22782456033
22782456034
22782456035
22782456036
22782456037
22782456038
22782456039
22782456040
22782456041
22782456042
22782456043
22782456044
22782456045
22782456046
22782456047
22782456048
22782456049
22782456050
22782456051
22782456052
22782456053
22782456054
22782456055
22782456056
22782456057
22782456058
22782456059
22782456060
22782456061
22782456062
22782456063
22782456064
22782456065
22782456066
22782456067
22782456068
22782456069
22782456070
22782456071
22782456072
22782456073
22782456074
22782456075
26864355862
26864355863
26864355864
26864355865
26864355866
26864355867
26864355868
26864355869
26864355870
26864355871
26864355872
26864355873
26864355874
26864355875
26864355876
26864355877
26864355878
26864355879
26864355880
26864355881
26864355882
26864355883
26864355884
26864355885
26864355886
26864355887
26864355888
26864355889
26864355890
26864355891
26864355892
26864355893
26864355894
26864355895
26864355896
26864355897
26864355898
26864355899
26864355900
26864355901
26864355902
26864355903
26864355904
26864355905
26864355906
26864355907
26864355908
26864355909
26864355910
26864355911
26864355912
26864355913
26864355914
26864355915
26864355916
26864355917
26864355918
26864355919
26864355920
26864355921
26864355922
26864355923
26864355924
26864355925
26864355926
26864355927
26864355928
26864355929
26864355930
26864355931
26864355932
26864355933
26864355934
26864355935
26864355936
26864355937
26864355938
26864355939
26864355940
26864355941
26864355942
26864355943
26864355944
26864355945
26864355946
26864355947
26864355948
26864355949
26864355950
26864355951
26864355952
26864355953
26864355954
26864355955
26864355956
26864355957
26864355958
26864355959
26864355960
26864355961
17127503898
17127503899
17127503900
17127503901
17127503902
17127503903
17127503904
17127503905
17127503906
17127503907
17127503908
17127503909
17127503910
17127503911
17127503912
17127503913
17127503914
17127503915
17127503916
17127503917
17127503918
17127503919
17127503920
17127503921
17127503922
17127503923
17127503924
17127503925
17127503926
17127503927
17127503928
17127503929
17127503930
17127503931
17127503932
17127503933
17127503934
17127503935
17127503936
17127503937
17127503938
17127503939
17127503940
17127503941
17127503942
17127503943
17127503944
17127503945
17127503946
17127503947
17127503948
17127503949
17127503950
17127503951
17127503952
17127503953
17127503954
17127503955
17127503956
17127503957
17127503958
17127503959
17127503960
17127503961
17127503962
17127503963
17127503964
17127503965
17127503966
17127503967
17127503968
17127503969
17127503970
17127503971
17127503972
17127503973
17127503974
17127503975
17127503976
17127503977
17127503978
17127503979
17127503980
17127503981
17127503982
17127503983
17127503984
17127503985
17127503986
17127503987
17127503988
17127503989
17127503990
17127503991
17127503992
17127503993
17127503994
17127503995
17127503996
17127503997
16551408112
16551408113
16551408114
16551408115
16551408116
16551408117
16551408118
16551408119
16551408120
16551408121
16551408122
16551408123
16551408124
16551408125
16551408126
16551408127
16551408128
16551408129
16551408130
16551408131
16551408132
16551408133
16551408134
16551408135
16551408136
16551408137
16551408138
16551408139
16551408140
16551408141
16551408142
16551408143
16551408144
16551408145
16551408146
16551408147
16551408148
16551408149
16551408150
16551408151
16551408152
16551408153
16551408154
16551408155
16551408156
16551408157
16551408158
16551408159
16551408160
16551408161
16551408162
16551408163
16551408164
16551408165
16551408166
16551408167
16551408168
16551408169
16551408170
16551408171
16551408172
16551408173
16551408174
16551408175
16551408176
16551408177
16551408178
16551408179
16551408180
16551408181
16551408182
16551408183
16551408184
16551408185
16551408186
16551408187
16551408188
16551408189
16551408190
16551408191
16551408192
16551408193
16551408194
16551408195
16551408196
16551408197
16551408198
16551408199
16551408200
16551408201
16551408202
16551408203
16551408204
16551408205
16551408206
16551408207
16551408208
16551408209
16551408210
16551408211
25722268158
25722268159
25722268160
25722268161
25722268162
25722268163
25722268164
25722268165
25722268166
25722268167
25722268168
25722268169
25722268170
25722268171
25722268172
25722268173
25722268174
25722268175
25722268176
25722268177
25722268178
25722268179
25722268180
25722268181
25722268182
25722268183
25722268184
25722268185
25722268186
25722268187
25722268188
25722268189
25722268190
25722268191
25722268192
25722268193
25722268194
25722268195
25722268196
25722268197
25722268198
25722268199
25722268200
25722268201
25722268202
25722268203
25722268204
25722268205
25722268206
25722268207
25722268208
25722268209
25722268210
25722268211
25722268212
25722268213
25722268214
25722268215
25722268216
25722268217
25722268218
25722268219
25722268220
25722268221
25722268222
25722268223
25722268224
25722268225
25722268226
25722268227
25722268228
25722268229
25722268230
25722268231
25722268232
25722268233
25722268234
25722268235
25722268236
25722268237
25722268238
25722268239
25722268240
25722268241
25722268242
25722268243
25722268244
25722268245
25722268246
25722268247
25722268248
25722268249
25722268250
25722268251
25722268252
25722268253
25722268254
25722268255
25722268256
25722268257
20586678280
20586678281
20586678282
20586678283
20586678284
20586678285
20586678286
20586678287
20586678288
20586678289
20586678290
20586678291
20586678292
20586678293
20586678294
20586678295
20586678296
20586678297
20586678298
20586678299
20586678300
20586678301
20586678302
20586678303
20586678304
20586678305
20586678306
20586678307
20586678308
20586678309
20586678310
20586678311
20586678312
20586678313
20586678314
20586678315
20586678316
20586678317
20586678318
20586678319
20586678320
20586678321
20586678322
20586678323
20586678324
20586678325
20586678326
20586678327
20586678328
20586678329
20586678330
20586678331
20586678332
20586678333
20586678334
20586678335
20586678336
20586678337
20586678338
20586678339
20586678340
20586678341
20586678342
20586678343
20586678344
20586678345
20586678346
20586678347
20586678348
20586678349
20586678350
20586678351
20586678352
20586678353
20586678354
20586678355
20586678356
20586678357
20586678358
20586678359
20586678360
20586678361
20586678362
20586678363
20586678364
20586678365
20586678366
20586678367
20586678368
20586678369
20586678370
20586678371
20586678372
20586678373
20586678374
20586678375
20586678376
20586678377
20586678378
20586678379
28784151197
28784151198
28784151199
28784151200
28784151201
28784151202
28784151203
28784151204
28784151205
28784151206
28784151207
28784151208
28784151209
28784151210
28784151211
28784151212
28784151213
28784151214
28784151215
28784151216
28784151217
28784151218
28784151219
28784151220
28784151221
28784151222
28784151223
28784151224
28784151225
28784151226
28784151227
28784151228
28784151229
28784151230
28784151231
28784151232
28784151233
28784151234
28784151235
28784151236
28784151237
28784151238
28784151239
28784151240
28784151241
28784151242
28784151243
28784151244
28784151245
28784151246
28784151247
28784151248
28784151249
28784151250
28784151251
28784151252
28784151253
28784151254
28784151255
28784151256
28784151257
28784151258
28784151259
28784151260
28784151261
28784151262
28784151263
28784151264
28784151265
28784151266
28784151267
28784151268
28784151269
28784151270
28784151271
28784151272
28784151273
28784151274
28784151275
28784151276
28784151277
28784151278
28784151279
28784151280
28784151281
28784151282
28784151283
28784151284
28784151285
28784151286
28784151287
28784151288
28784151289
28784151290
28784151291
28784151292
28784151293
28784151294
28784151295
28784151296
14761279754
14761279755
14761279756
14761279757
14761279758
14761279759
14761279760
14761279761
14761279762
14761279763
14761279764
14761279765
14761279766
14761279767
14761279768
14761279769
14761279770
14761279771
14761279772
14761279773
14761279774
14761279775
14761279776
14761279777
14761279778
14761279779
14761279780
14761279781
14761279782
14761279783
14761279784
14761279785
14761279786
14761279787
14761279788
14761279789
14761279790
14761279791
14761279792
14761279793
14761279794
14761279795
14761279796
14761279797
14761279798
14761279799
14761279800
14761279801
14761279802
14761279803
14761279804
14761279805
14761279806
14761279807
14761279808
14761279809
14761279810
14761279811
14761279812
14761279813
14761279814
14761279815
14761279816
14761279817
14761279818
14761279819
14761279820
14761279821
14761279822
14761279823
14761279824
14761279825
14761279826
14761279827
14761279828
14761279829
14761279830
14761279831
14761279832
14761279833
14761279834
14761279835
14761279836
14761279837
14761279838
14761279839
14761279840
14761279841
14761279842
14761279843
14761279844
14761279845
14761279846
14761279847
14761279848
14761279849
14761279850
14761279851
14761279852
14761279853
23555571908
23555571909
23555571910
23555571911
23555571912
23555571913
23555571914
23555571915
23555571916
23555571917
23555571918
23555571919
23555571920
23555571921
23555571922
23555571923
23555571924
23555571925
23555571926
23555571927
23555571928
23555571929
23555571930
23555571931
23555571932
23555571933
23555571934
23555571935
23555571936
23555571937
23555571938
23555571939
23555571940
23555571941
23555571942
23555571943
23555571944
23555571945
23555571946
23555571947
23555571948
23555571949
23555571950
23555571951
23555571952
23555571953
23555571954
23555571955
23555571956
23555571957
23555571958
23555571959
23555571960
23555571961
23555571962
23555571963
23555571964
23555571965
23555571966
23555571967
23555571968
23555571969
23555571970
23555571971
23555571972
23555571973
23555571974
23555571975
23555571976
23555571977
23555571978
23555571979
23555571980
23555571981
23555571982
23555571983
23555571984
23555571985
23555571986
23555571987
23555571988
23555571989
23555571990
23555571991
23555571992
23555571993
23555571994
23555571995
23555571996
23555571997
23555571998
23555571999
23555572000
23555572001
23555572002
23555572003
23555572004
23555572005
23555572006
23555572007
19389752627
19389752628
19389752629
19389752630
19389752631
19389752632
19389752633
19389752634
19389752635
19389752636
19389752637
19389752638
19389752639
19389752640
19389752641
19389752642
19389752643
19389752644
19389752645
19389752646
19389752647
19389752648
19389752649
19389752650
19389752651
19389752652
19389752653
19389752654
19389752655
19389752656
19389752657
19389752658
19389752659
19389752660
19389752661
19389752662
19389752663
19389752664
19389752665
19389752666
19389752667
19389752668
19389752669
19389752670
19389752671
19389752672
19389752673
19389752674
19389752675
19389752676
19389752677
19389752678
19389752679
19389752680
19389752681
19389752682
19389752683
19389752684
19389752685
19389752686
19389752687
19389752688
19389752689
19389752690
19389752691
19389752692
19389752693
19389752694
19389752695
19389752696
19389752697
19389752698
19389752699
19389752700
19389752701
19389752702
19389752703
19389752704
19389752705
19389752706
19389752707
19389752708
19389752709
19389752710
19389752711
19389752712
19389752713
19389752714
19389752715
19389752716
19389752717
19389752718
19389752719
19389752720
19389752721
19389752722
19389752723
19389752724
19389752725
19389752726
26069116219
26069116220
26069116221
26069116222
26069116223
26069116224
26069116225
26069116226
26069116227
26069116228
26069116229
26069116230
26069116231
26069116232
26069116233
26069116234
26069116235
26069116236
26069116237
26069116238
26069116239
26069116240
26069116241
26069116242
26069116243
26069116244
26069116245
26069116246
26069116247
26069116248
26069116249
26069116250
26069116251
26069116252
26069116253
26069116254
26069116255
26069116256
26069116257
26069116258
26069116259
26069116260
26069116261
26069116262
26069116263
26069116264
26069116265
26069116266
26069116267
26069116268
26069116269
26069116270
26069116271
26069116272
26069116273
26069116274
26069116275
26069116276
26069116277
26069116278
26069116279
26069116280
26069116281
26069116282
26069116283
26069116284
26069116285
26069116286
26069116287
26069116288
26069116289
26069116290
26069116291
26069116292
26069116293
26069116294
26069116295
26069116296
26069116297
26069116298
26069116299
26069116300
26069116301
26069116302
26069116303
26069116304
26069116305
26069116306
26069116307
26069116308
26069116309
26069116310
26069116311
26069116312
26069116313
26069116314
26069116315
26069116316
26069116317
26069116318
15643218057
15643218058
15643218059
15643218060
15643218061
15643218062
15643218063
15643218064
15643218065
15643218066
15643218067
15643218068
15643218069
15643218070
15643218071
15643218072
15643218073
15643218074
15643218075
15643218076
15643218077
15643218078
15643218079
15643218080
15643218081
15643218082
15643218083
15643218084
15643218085
15643218086
15643218087
15643218088
15643218089
15643218090
15643218091
15643218092
15643218093
15643218094
15643218095
15643218096
15643218097
15643218098
15643218099
15643218100
15643218101
15643218102
15643218103
15643218104
15643218105
15643218106
15643218107
15643218108
15643218109
15643218110
15643218111
15643218112
15643218113
15643218114
15643218115
15643218116
15643218117
15643218118
15643218119
15643218120
15643218121
15643218122
15643218123
15643218124
15643218125
15643218126
15643218127
15643218128
15643218129
15643218130
15643218131
15643218132
15643218133
15643218134
15643218135
15643218136
15643218137
15643218138
15643218139
15643218140
15643218141
15643218142
15643218143
15643218144
15643218145
15643218146
15643218147
15643218148
15643218149
15643218150
15643218151
15643218152
15643218153
15643218154
15643218155
15643218156
29102845551
29102845552
29102845553
29102845554
29102845555
29102845556
29102845557
29102845558
29102845559
29102845560
29102845561
29102845562
29102845563
29102845564
29102845565
29102845566
29102845567
29102845568
29102845569
29102845570
29102845571
29102845572
29102845573
29102845574
29102845575
29102845576
29102845577
29102845578
29102845579
29102845580
29102845581
29102845582
29102845583
29102845584
29102845585
29102845586
29102845587
29102845588
29102845589
29102845590
29102845591
29102845592
29102845593
29102845594
29102845595
29102845596
29102845597
29102845598
29102845599
29102845600
29102845601
29102845602
29102845603
29102845604
29102845605
29102845606
29102845607
29102845608
29102845609
29102845610
29102845611
29102845612
29102845613
29102845614
29102845615
29102845616
29102845617
29102845618
29102845619
29102845620
29102845621
29102845622
29102845623
29102845624
29102845625
29102845626
29102845627
29102845628
29102845629
29102845630
29102845631
29102845632
29102845633
29102845634
29102845635
29102845636
29102845637
29102845638
29102845639
29102845640
29102845641
29102845642
29102845643
29102845644
29102845645
29102845646
29102845647
29102845648
29102845649
29102845650
18882275599
18882275600
18882275601
18882275602
18882275603
18882275604
18882275605
18882275606
18882275607
18882275608
18882275609
18882275610
18882275611
18882275612
18882275613
18882275614
18882275615
18882275616
18882275617
18882275618
18882275619
18882275620
18882275621
18882275622
18882275623
18882275624
18882275625
18882275626
18882275627
18882275628
18882275629
18882275630
18882275631
18882275632
18882275633
18882275634
18882275635
18882275636
18882275637
18882275638
18882275639
18882275640
18882275641
18882275642
18882275643
18882275644
18882275645
18882275646
18882275647
18882275648
18882275649
18882275650
18882275651
18882275652
18882275653
18882275654
18882275655
18882275656
18882275657
18882275658
18882275659
18882275660
18882275661
18882275662
18882275663
18882275664
18882275665
18882275666
18882275667
18882275668
18882275669
18882275670
18882275671
18882275672
18882275673
18882275674
18882275675
18882275676
18882275677
18882275678
18882275679
18882275680
18882275681
18882275682
18882275683
18882275684
18882275685
18882275686
18882275687
18882275688
18882275689
18882275690
18882275691
18882275692
18882275693
18882275694
18882275695
18882275696
18882275697
18882275698
15786568705
15786568706
15786568707
15786568708
15786568709
15786568710
15786568711
15786568712
15786568713
15786568714
15786568715
15786568716
15786568717
15786568718
15786568719
15786568720
15786568721
15786568722
15786568723
15786568724
15786568725
15786568726
15786568727
15786568728
15786568729
15786568730
15786568731
15786568732
15786568733
15786568734
15786568735
15786568736
15786568737
15786568738
15786568739
15786568740
15786568741
15786568742
15786568743
15786568744
15786568745
15786568746
15786568747
15786568748
15786568749
15786568750
15786568751
15786568752
15786568753
15786568754
15786568755
15786568756
15786568757
15786568758
15786568759
15786568760
15786568761
15786568762
15786568763
15786568764
15786568765
15786568766
15786568767
15786568768
15786568769
15786568770
15786568771
15786568772
15786568773
15786568774
15786568775
15786568776
15786568777
15786568778
15786568779
15786568780
15786568781
15786568782
15786568783
15786568784
15786568785
15786568786
15786568787
15786568788
15786568789
15786568790
15786568791
15786568792
15786568793
15786568794
15786568795
15786568796
15786568797
15786568798
15786568799
15786568800
15786568801
15786568802
15786568803
15786568804
20443117956
20443117957
20443117958
20443117959
20443117960
20443117961
20443117962
20443117963
20443117964
20443117965
20443117966
20443117967
20443117968
20443117969
20443117970
20443117971
20443117972
20443117973
20443117974
20443117975
20443117976
20443117977
20443117978
20443117979
20443117980
20443117981
20443117982
20443117983
20443117984
20443117985
20443117986
20443117987
20443117988
20443117989
20443117990
20443117991
20443117992
20443117993
20443117994
20443117995
20443117996
20443117997
20443117998
20443117999
20443118000
20443118001
20443118002
20443118003
20443118004
20443118005
20443118006
20443118007
20443118008
20443118009
20443118010
20443118011
20443118012
20443118013
20443118014
20443118015
20443118016
20443118017
20443118018
20443118019
20443118020
20443118021
20443118022
20443118023
20443118024
20443118025
20443118026
20443118027
20443118028
20443118029
20443118030
20443118031
20443118032
20443118033
20443118034
20443118035
20443118036
20443118037
20443118038
20443118039
20443118040
20443118041
20443118042
20443118043
20443118044
20443118045
20443118046
20443118047
20443118048
20443118049
20443118050
20443118051
20443118052
20443118053
20443118054
20443118055
18457085075
18457085076
18457085077
18457085078
18457085079
18457085080
18457085081
18457085082
18457085083
18457085084
18457085085
18457085086
18457085087
18457085088
18457085089
18457085090
18457085091
18457085092
18457085093
18457085094
18457085095
18457085096
18457085097
18457085098
18457085099
18457085100
18457085101
18457085102
18457085103
18457085104
18457085105
18457085106
18457085107
18457085108
18457085109
18457085110
18457085111
18457085112
18457085113
18457085114
18457085115
18457085116
18457085117
18457085118
18457085119
18457085120
18457085121
18457085122
18457085123
18457085124
18457085125
18457085126
18457085127
18457085128
18457085129
18457085130
18457085131
18457085132
18457085133
18457085134
18457085135
18457085136
18457085137
18457085138
18457085139
18457085140
18457085141
18457085142
18457085143
18457085144
18457085145
18457085146
18457085147
18457085148
18457085149
18457085150
18457085151
18457085152
18457085153
18457085154
18457085155
18457085156
18457085157
18457085158
18457085159
18457085160
18457085161
18457085162
18457085163
18457085164
18457085165
18457085166
18457085167
18457085168
18457085169
18457085170
18457085171
18457085172
18457085173
18457085174
23633322181
23633322182
23633322183
23633322184
23633322185
23633322186
23633322187
23633322188
23633322189
23633322190
23633322191
23633322192
23633322193
23633322194
23633322195
23633322196
23633322197
23633322198
23633322199
23633322200
23633322201
23633322202
23633322203
23633322204
23633322205
23633322206
23633322207
23633322208
23633322209
23633322210
23633322211
23633322212
23633322213
23633322214
23633322215
23633322216
23633322217
23633322218
23633322219
23633322220
23633322221
23633322222
23633322223
23633322224
23633322225
23633322226
23633322227
23633322228
23633322229
23633322230
23633322231
23633322232
23633322233
23633322234
23633322235
23633322236
23633322237
23633322238
23633322239
23633322240
23633322241
23633322242
23633322243
23633322244
23633322245
23633322246
23633322247
23633322248
23633322249
23633322250
23633322251
23633322252
23633322253
23633322254
23633322255
23633322256
23633322257
23633322258
23633322259
23633322260
23633322261
23633322262
23633322263
23633322264
23633322265
23633322266
23633322267
23633322268
23633322269
23633322270
23633322271
23633322272
23633322273
23633322274
23633322275
23633322276
23633322277
23633322278
23633322279
23633322280
22822760839
22822760840
22822760841
22822760842
22822760843
22822760844
22822760845
22822760846
22822760847
22822760848
22822760849
22822760850
22822760851
22822760852
22822760853
22822760854
22822760855
22822760856
22822760857
22822760858
22822760859
22822760860
22822760861
22822760862
22822760863
22822760864
22822760865
22822760866
22822760867
22822760868
22822760869
22822760870
22822760871
22822760872
22822760873
22822760874
22822760875
22822760876
22822760877
22822760878
22822760879
22822760880
22822760881
22822760882
22822760883
22822760884
22822760885
22822760886
22822760887
22822760888
22822760889
22822760890
22822760891
22822760892
22822760893
22822760894
22822760895
22822760896
22822760897
22822760898
22822760899
22822760900
22822760901
22822760902
22822760903
22822760904
22822760905
22822760906
22822760907
22822760908
22822760909
22822760910
22822760911
22822760912
22822760913
22822760914
22822760915
22822760916
22822760917
22822760918
22822760919
22822760920
22822760921
22822760922
22822760923
22822760924
22822760925
22822760926
22822760927
22822760928
22822760929
22822760930
22822760931
22822760932
22822760933
22822760934
22822760935
22822760936
22822760937
22822760938
19660557513
19660557514
19660557515
19660557516
19660557517
19660557518
19660557519
19660557520
19660557521
19660557522
19660557523
19660557524
19660557525
19660557526
19660557527
19660557528
19660557529
19660557530
19660557531
19660557532
19660557533
19660557534
19660557535
19660557536
19660557537
19660557538
19660557539
19660557540
19660557541
19660557542
19660557543
19660557544
19660557545
19660557546
19660557547
19660557548
19660557549
19660557550
19660557551
19660557552
19660557553
19660557554
19660557555
19660557556
19660557557
19660557558
19660557559
19660557560
19660557561
19660557562
19660557563
19660557564
19660557565
19660557566
19660557567
19660557568
19660557569
19660557570
19660557571
19660557572
19660557573
19660557574
19660557575
19660557576
19660557577
19660557578
19660557579
19660557580
19660557581
19660557582
19660557583
19660557584
19660557585
19660557586
19660557587
19660557588
19660557589
19660557590
19660557591
19660557592
19660557593
19660557594
19660557595
19660557596
19660557597
19660557598
19660557599
19660557600
19660557601
19660557602
19660557603
19660557604
19660557605
19660557606
19660557607
19660557608
19660557609
19660557610
19660557611
19660557612
16819903863
16819903864
16819903865
16819903866
16819903867
16819903868
16819903869
16819903870
16819903871
16819903872
16819903873
16819903874
16819903875
16819903876
16819903877
16819903878
16819903879
16819903880
16819903881
16819903882
16819903883
16819903884
16819903885
16819903886
16819903887
16819903888
16819903889
16819903890
16819903891
16819903892
16819903893
16819903894
16819903895
16819903896
16819903897
16819903898
16819903899
16819903900
16819903901
16819903902
16819903903
16819903904
16819903905
16819903906
16819903907
16819903908
16819903909
16819903910
16819903911
16819903912
16819903913
16819903914
16819903915
16819903916
16819903917
16819903918
16819903919
16819903920
16819903921
16819903922
16819903923
16819903924
16819903925
16819903926
16819903927
16819903928
16819903929
16819903930
16819903931
16819903932
16819903933
16819903934
16819903935
16819903936
16819903937
16819903938
16819903939
16819903940
16819903941
16819903942
16819903943
16819903944
16819903945
16819903946
16819903947
16819903948
16819903949
16819903950
16819903951
16819903952
16819903953
16819903954
16819903955
16819903956
16819903957
16819903958
16819903959
16819903960
16819903961
16819903962
16136512341
16136512342
16136512343
16136512344
16136512345
16136512346
16136512347
16136512348
16136512349
16136512350
16136512351
16136512352
16136512353
16136512354
16136512355
16136512356
16136512357
16136512358
16136512359
16136512360
16136512361
16136512362
16136512363
16136512364
16136512365
16136512366
16136512367
16136512368
16136512369
16136512370
16136512371
16136512372
16136512373
16136512374
16136512375
16136512376
16136512377
16136512378
16136512379
16136512380
16136512381
16136512382
16136512383
16136512384
16136512385
16136512386
16136512387
16136512388
16136512389
16136512390
16136512391
16136512392
16136512393
16136512394
16136512395
16136512396
16136512397
16136512398
16136512399
16136512400
16136512401
16136512402
16136512403
16136512404
16136512405
16136512406
16136512407
16136512408
16136512409
16136512410
16136512411
16136512412
16136512413
16136512414
16136512415
16136512416
16136512417
16136512418
16136512419
16136512420
16136512421
16136512422
16136512423
16136512424
16136512425
16136512426
16136512427
16136512428
16136512429
16136512430
16136512431
16136512432
16136512433
16136512434
16136512435
16136512436
16136512437
16136512438
16136512439
16136512440
15948780372
15948780373
15948780374
15948780375
15948780376
15948780377
15948780378
15948780379
15948780380
15948780381
15948780382
15948780383
15948780384
15948780385
15948780386
15948780387
15948780388
15948780389
15948780390
15948780391
15948780392
15948780393
15948780394
15948780395
15948780396
15948780397
15948780398
15948780399
15948780400
15948780401
15948780402
15948780403
15948780404
15948780405
15948780406
15948780407
15948780408
15948780409
15948780410
15948780411
15948780412
15948780413
15948780414
15948780415
15948780416
15948780417
15948780418
15948780419
15948780420
15948780421
15948780422
15948780423
15948780424
15948780425
15948780426
15948780427
15948780428
15948780429
15948780430
15948780431
15948780432
15948780433
15948780434
15948780435
15948780436
15948780437
15948780438
15948780439
15948780440
15948780441
15948780442
15948780443
15948780444
15948780445
15948780446
15948780447
15948780448
15948780449
15948780450
15948780451
15948780452
15948780453
15948780454
15948780455
15948780456
15948780457
15948780458
15948780459
15948780460
15948780461
15948780462
15948780463
15948780464
15948780465
15948780466
15948780467
15948780468
15948780469
15948780470
15948780471
16576053041
16576053042
16576053043
16576053044
16576053045
16576053046
16576053047
16576053048
16576053049
16576053050
16576053051
16576053052
16576053053
16576053054
16576053055
16576053056
16576053057
16576053058
16576053059
16576053060
16576053061
16576053062
16576053063
16576053064
16576053065
16576053066
16576053067
16576053068
16576053069
16576053070
16576053071
16576053072
16576053073
16576053074
16576053075
16576053076
16576053077
16576053078
16576053079
16576053080
16576053081
16576053082
16576053083
16576053084
16576053085
16576053086
16576053087
16576053088
16576053089
16576053090
16576053091
16576053092
16576053093
16576053094
16576053095
16576053096
16576053097
16576053098
16576053099
16576053100
16576053101
16576053102
16576053103
16576053104
16576053105
16576053106
16576053107
16576053108
16576053109
16576053110
16576053111
16576053112
16576053113
16576053114
16576053115
16576053116
16576053117
16576053118
16576053119
16576053120
16576053121
16576053122
16576053123
16576053124
16576053125
16576053126
16576053127
16576053128
16576053129
16576053130
16576053131
16576053132
16576053133
16576053134
16576053135
16576053136
16576053137
16576053138
16576053139
16576053140
27867215870
27867215871
27867215872
27867215873
27867215874
27867215875
27867215876
27867215877
27867215878
27867215879
27867215880
27867215881
27867215882
27867215883
27867215884
27867215885
27867215886
27867215887
27867215888
27867215889
27867215890
27867215891
27867215892
27867215893
27867215894
27867215895
27867215896
27867215897
27867215898
27867215899
27867215900
27867215901
27867215902
27867215903
27867215904
27867215905
27867215906
27867215907
27867215908
27867215909
27867215910
27867215911
27867215912
27867215913
27867215914
27867215915
27867215916
27867215917
27867215918
27867215919
27867215920
27867215921
27867215922
27867215923
27867215924
27867215925
27867215926
27867215927
27867215928
27867215929
27867215930
27867215931
27867215932
27867215933
27867215934
27867215935
27867215936
27867215937
27867215938
27867215939
27867215940
27867215941
27867215942
27867215943
27867215944
27867215945
27867215946
27867215947
27867215948
27867215949
27867215950
27867215951
27867215952
27867215953
27867215954
27867215955
27867215956
27867215957
27867215958
27867215959
27867215960
27867215961
27867215962
27867215963
27867215964
27867215965
27867215966
27867215967
27867215968
27867215969
15612644901
15612644902
15612644903
15612644904
15612644905
15612644906
15612644907
15612644908
15612644909
15612644910
15612644911
15612644912
15612644913
15612644914
15612644915
15612644916
15612644917
15612644918
15612644919
15612644920
15612644921
15612644922
15612644923
15612644924
15612644925
15612644926
15612644927
15612644928
15612644929
15612644930
15612644931
15612644932
15612644933
15612644934
15612644935
15612644936
15612644937
15612644938
15612644939
15612644940
15612644941
15612644942
15612644943
15612644944
15612644945
15612644946
15612644947
15612644948
15612644949
15612644950
15612644951
15612644952
15612644953
15612644954
15612644955
15612644956
15612644957
15612644958
15612644959
15612644960
15612644961
15612644962
15612644963
15612644964
15612644965
15612644966
15612644967
15612644968
15612644969
15612644970
15612644971
15612644972
15612644973
15612644974
15612644975
15612644976
15612644977
15612644978
15612644979
15612644980
15612644981
15612644982
15612644983
15612644984
15612644985
15612644986
15612644987
15612644988
15612644989
15612644990
15612644991
15612644992
15612644993
15612644994
15612644995
15612644996
15612644997
15612644998
15612644999
15612645000
27983993338
27983993339
27983993340
27983993341
27983993342
27983993343
27983993344
27983993345
27983993346
27983993347
27983993348
27983993349
27983993350
27983993351
27983993352
27983993353
27983993354
27983993355
27983993356
27983993357
27983993358
27983993359
27983993360
27983993361
27983993362
27983993363
27983993364
27983993365
27983993366
27983993367
27983993368
27983993369
27983993370
27983993371
27983993372
27983993373
27983993374
27983993375
27983993376
27983993377
27983993378
27983993379
27983993380
27983993381
27983993382
27983993383
27983993384
27983993385
27983993386
27983993387
27983993388
27983993389
27983993390
27983993391
27983993392
27983993393
27983993394
27983993395
27983993396
27983993397
27983993398
27983993399
27983993400
27983993401
27983993402
27983993403
27983993404
27983993405
27983993406
27983993407
27983993408
27983993409
27983993410
27983993411
27983993412
27983993413
27983993414
27983993415
27983993416
27983993417
27983993418
27983993419
27983993420
27983993421
27983993422
27983993423
27983993424
27983993425
27983993426
27983993427
27983993428
27983993429
27983993430
27983993431
27983993432
27983993433
27983993434
27983993435
27983993436
27983993437
17937425256
17937425257
17937425258
17937425259
17937425260
17937425261
17937425262
17937425263
17937425264
17937425265
17937425266
17937425267
17937425268
17937425269
17937425270
17937425271
17937425272
17937425273
17937425274
17937425275
17937425276
17937425277
17937425278
17937425279
17937425280
17937425281
17937425282
17937425283
17937425284
17937425285
17937425286
17937425287
17937425288
17937425289
17937425290
17937425291
17937425292
17937425293
17937425294
17937425295
17937425296
17937425297
17937425298
17937425299
17937425300
17937425301
17937425302
17937425303
17937425304
17937425305
17937425306
17937425307
17937425308
17937425309
17937425310
17937425311
17937425312
17937425313
17937425314
17937425315
17937425316
17937425317
17937425318
17937425319
17937425320
17937425321
17937425322
17937425323
17937425324
17937425325
17937425326
17937425327
17937425328
17937425329
17937425330
17937425331
17937425332
17937425333
17937425334
17937425335
17937425336
17937425337
17937425338
17937425339
17937425340
17937425341
17937425342
17937425343
17937425344
17937425345
17937425346
17937425347
17937425348
17937425349
17937425350
17937425351
17937425352
17937425353
17937425354
17937425355
18885764102
18885764103
18885764104
18885764105
18885764106
18885764107
18885764108
18885764109
18885764110
18885764111
18885764112
18885764113
18885764114
18885764115
18885764116
18885764117
18885764118
18885764119
18885764120
18885764121
18885764122
18885764123
18885764124
18885764125
18885764126
18885764127
18885764128
18885764129
18885764130
18885764131
18885764132
18885764133
18885764134
18885764135
18885764136
18885764137
18885764138
18885764139
18885764140
18885764141
18885764142
18885764143
18885764144
18885764145
18885764146
18885764147
18885764148
18885764149
18885764150
18885764151
18885764152
18885764153
18885764154
18885764155
18885764156
18885764157
18885764158
18885764159
18885764160
18885764161
18885764162
18885764163
18885764164
18885764165
18885764166
18885764167
18885764168
18885764169
18885764170
18885764171
18885764172
18885764173
18885764174
18885764175
18885764176
18885764177
18885764178
18885764179
18885764180
18885764181
18885764182
18885764183
18885764184
18885764185
18885764186
18885764187
18885764188
18885764189
18885764190
18885764191
18885764192
18885764193
18885764194
18885764195
18885764196
18885764197
18885764198
18885764199
18885764200
18885764201
23979915142
23979915143
23979915144
23979915145
23979915146
23979915147
23979915148
23979915149
23979915150
23979915151
23979915152
23979915153
23979915154
23979915155
23979915156
23979915157
23979915158
23979915159
23979915160
23979915161
23979915162
23979915163
23979915164
23979915165
23979915166
23979915167
23979915168
23979915169
23979915170
23979915171
23979915172
23979915173
23979915174
23979915175
23979915176
23979915177
23979915178
23979915179
23979915180
23979915181
23979915182
23979915183
23979915184
23979915185
23979915186
23979915187
23979915188
23979915189
23979915190
23979915191
23979915192
23979915193
23979915194
23979915195
23979915196
23979915197
23979915198
23979915199
23979915200
23979915201
23979915202
23979915203
23979915204
23979915205
23979915206
23979915207
23979915208
23979915209
23979915210
23979915211
23979915212
23979915213
23979915214
23979915215
23979915216
23979915217
23979915218
23979915219
23979915220
23979915221
23979915222
23979915223
23979915224
23979915225
23979915226
23979915227
23979915228
23979915229
23979915230
23979915231
23979915232
23979915233
23979915234
23979915235
23979915236
23979915237
23979915238
23979915239
23979915240
23979915241
17646540276
17646540277
17646540278
17646540279
17646540280
17646540281
17646540282
17646540283
17646540284
17646540285
17646540286
17646540287
17646540288
17646540289
17646540290
17646540291
17646540292
17646540293
17646540294
17646540295
17646540296
17646540297
17646540298
17646540299
17646540300
17646540301
17646540302
17646540303
17646540304
17646540305
17646540306
17646540307
17646540308
17646540309
17646540310
17646540311
17646540312
17646540313
17646540314
17646540315
17646540316
17646540317
17646540318
17646540319
17646540320
17646540321
17646540322
17646540323
17646540324
17646540325
17646540326
17646540327
17646540328
17646540329
17646540330
17646540331
17646540332
17646540333
17646540334
17646540335
17646540336
17646540337
17646540338
17646540339
17646540340
17646540341
17646540342
17646540343
17646540344
17646540345
17646540346
17646540347
17646540348
17646540349
17646540350
17646540351
17646540352
17646540353
17646540354
17646540355
17646540356
17646540357
17646540358
17646540359
17646540360
17646540361
17646540362
17646540363
17646540364
17646540365
17646540366
17646540367
17646540368
17646540369
17646540370
17646540371
17646540372
17646540373
17646540374
17646540375
21636777018
21636777019
21636777020
21636777021
21636777022
21636777023
21636777024
21636777025
21636777026
21636777027
21636777028
21636777029
21636777030
21636777031
21636777032
21636777033
21636777034
21636777035
21636777036
21636777037
21636777038
21636777039
21636777040
21636777041
21636777042
21636777043
21636777044
21636777045
21636777046
21636777047
21636777048
21636777049
21636777050
21636777051
21636777052
21636777053
21636777054
21636777055
21636777056
21636777057
21636777058
21636777059
21636777060
21636777061
21636777062
21636777063
21636777064
21636777065
21636777066
21636777067
21636777068
21636777069
21636777070
21636777071
21636777072
21636777073
21636777074
21636777075
21636777076
21636777077
21636777078
21636777079
21636777080
21636777081
21636777082
21636777083
21636777084
21636777085
21636777086
21636777087
21636777088
21636777089
21636777090
21636777091
21636777092
21636777093
21636777094
21636777095
21636777096
21636777097
21636777098
21636777099
21636777100
21636777101
21636777102
21636777103
21636777104
21636777105
21636777106
21636777107
21636777108
21636777109
21636777110
21636777111
21636777112
21636777113
21636777114
21636777115
21636777116
21636777117
16697793131
16697793132
16697793133
16697793134
16697793135
16697793136
16697793137
16697793138
16697793139
16697793140
16697793141
16697793142
16697793143
16697793144
16697793145
16697793146
16697793147
16697793148
16697793149
16697793150
16697793151
16697793152
16697793153
16697793154
16697793155
16697793156
16697793157
16697793158
16697793159
16697793160
16697793161
16697793162
16697793163
16697793164
16697793165
16697793166
16697793167
16697793168
16697793169
16697793170
16697793171
16697793172
16697793173
16697793174
16697793175
16697793176
16697793177
16697793178
16697793179
16697793180
16697793181
16697793182
16697793183
16697793184
16697793185
16697793186
16697793187
16697793188
16697793189
16697793190
16697793191
16697793192
16697793193
16697793194
16697793195
16697793196
16697793197
16697793198
16697793199
16697793200
16697793201
16697793202
16697793203
16697793204
16697793205
16697793206
16697793207
16697793208
16697793209
16697793210
16697793211
16697793212
16697793213
16697793214
16697793215
16697793216
16697793217
16697793218
16697793219
16697793220
16697793221
16697793222
16697793223
16697793224
16697793225
16697793226
16697793227
16697793228
16697793229
16697793230
22252238332
22252238333
22252238334
22252238335
22252238336
22252238337
22252238338
22252238339
22252238340
22252238341
22252238342
22252238343
22252238344
22252238345
22252238346
22252238347
22252238348
22252238349
22252238350
22252238351
22252238352
22252238353
22252238354
22252238355
22252238356
22252238357
22252238358
22252238359
22252238360
22252238361
22252238362
22252238363
22252238364
22252238365
22252238366
22252238367
22252238368
22252238369
22252238370
22252238371
22252238372
22252238373
22252238374
22252238375
22252238376
22252238377
22252238378
22252238379
22252238380
22252238381
22252238382
22252238383
22252238384
22252238385
22252238386
22252238387
22252238388
22252238389
22252238390
22252238391
22252238392
22252238393
22252238394
22252238395
22252238396
22252238397
22252238398
22252238399
22252238400
22252238401
22252238402
22252238403
22252238404
22252238405
22252238406
22252238407
22252238408
22252238409
22252238410
22252238411
22252238412
22252238413
22252238414
22252238415
22252238416
22252238417
22252238418
22252238419
22252238420
22252238421
22252238422
22252238423
22252238424
22252238425
22252238426
22252238427
22252238428
22252238429
22252238430
22252238431
17258773292
17258773293
17258773294
17258773295
17258773296
17258773297
17258773298
17258773299
17258773300
17258773301
17258773302
17258773303
17258773304
17258773305
17258773306
17258773307
17258773308
17258773309
17258773310
17258773311
17258773312
17258773313
17258773314
17258773315
17258773316
17258773317
17258773318
17258773319
17258773320
17258773321
17258773322
17258773323
17258773324
17258773325
17258773326
17258773327
17258773328
17258773329
17258773330
17258773331
17258773332
17258773333
17258773334
17258773335
17258773336
17258773337
17258773338
17258773339
17258773340
17258773341
17258773342
17258773343
17258773344
17258773345
17258773346
17258773347
17258773348
17258773349
17258773350
17258773351
17258773352
17258773353
17258773354
17258773355
17258773356
17258773357
17258773358
17258773359
17258773360
17258773361
17258773362
17258773363
17258773364
17258773365
17258773366
17258773367
17258773368
17258773369
17258773370
17258773371
17258773372
17258773373
17258773374
17258773375
17258773376
17258773377
17258773378
17258773379
17258773380
17258773381
17258773382
17258773383
17258773384
17258773385
17258773386
17258773387
17258773388
17258773389
17258773390
17258773391
27888168505
27888168506
27888168507
27888168508
27888168509
27888168510
27888168511
27888168512
27888168513
27888168514
27888168515
27888168516
27888168517
27888168518
27888168519
27888168520
27888168521
27888168522
27888168523
27888168524
27888168525
27888168526
27888168527
27888168528
27888168529
27888168530
27888168531
27888168532
27888168533
27888168534
27888168535
27888168536
27888168537
27888168538
27888168539
27888168540
27888168541
27888168542
27888168543
27888168544
27888168545
27888168546
27888168547
27888168548
27888168549
27888168550
27888168551
27888168552
27888168553
27888168554
27888168555
27888168556
27888168557
27888168558
27888168559
27888168560
27888168561
27888168562
27888168563
27888168564
27888168565
27888168566
27888168567
27888168568
27888168569
27888168570
27888168571
27888168572
27888168573
27888168574
27888168575
27888168576
27888168577
27888168578
27888168579
27888168580
27888168581
27888168582
27888168583
27888168584
27888168585
27888168586
27888168587
27888168588
27888168589
27888168590
27888168591
27888168592
27888168593
27888168594
27888168595
27888168596
27888168597
27888168598
27888168599
27888168600
27888168601
27888168602
27888168603
27888168604
17741614206
17741614207
17741614208
17741614209
17741614210
17741614211
17741614212
17741614213
17741614214
17741614215
17741614216
17741614217
17741614218
17741614219
17741614220
17741614221
17741614222
17741614223
17741614224
17741614225
17741614226
17741614227
17741614228
17741614229
17741614230
17741614231
17741614232
17741614233
17741614234
17741614235
17741614236
17741614237
17741614238
17741614239
17741614240
17741614241
17741614242
17741614243
17741614244
17741614245
17741614246
17741614247
17741614248
17741614249
17741614250
17741614251
17741614252
17741614253
17741614254
17741614255
17741614256
17741614257
17741614258
17741614259
17741614260
17741614261
17741614262
17741614263
17741614264
17741614265
17741614266
17741614267
17741614268
17741614269
17741614270
17741614271
17741614272
17741614273
17741614274
17741614275
17741614276
17741614277
17741614278
17741614279
17741614280
17741614281
17741614282
17741614283
17741614284
17741614285
17741614286
17741614287
17741614288
17741614289
17741614290
17741614291
17741614292
17741614293
17741614294
17741614295
17741614296
17741614297
17741614298
17741614299
17741614300
17741614301
17741614302
17741614303
17741614304
17741614305
26886461384
26886461385
26886461386
26886461387
26886461388
26886461389
26886461390
26886461391
26886461392
26886461393
26886461394
26886461395
26886461396
26886461397
26886461398
26886461399
26886461400
26886461401
26886461402
26886461403
26886461404
26886461405
26886461406
26886461407
26886461408
26886461409
26886461410
26886461411
26886461412
26886461413
26886461414
26886461415
26886461416
26886461417
26886461418
26886461419
26886461420
26886461421
26886461422
26886461423
26886461424
26886461425
26886461426
26886461427
26886461428
26886461429
26886461430
26886461431
26886461432
26886461433
26886461434
26886461435
26886461436
26886461437
26886461438
26886461439
26886461440
26886461441
26886461442
26886461443
26886461444
26886461445
26886461446
26886461447
26886461448
26886461449
26886461450
26886461451
26886461452
26886461453
26886461454
26886461455
26886461456
26886461457
26886461458
26886461459
26886461460
26886461461
26886461462
26886461463
26886461464
26886461465
26886461466
26886461467
26886461468
26886461469
26886461470
26886461471
26886461472
26886461473
26886461474
26886461475
26886461476
26886461477
26886461478
26886461479
26886461480
26886461481
26886461482
26886461483
17284924046
17284924047
17284924048
17284924049
17284924050
17284924051
17284924052
17284924053
17284924054
17284924055
17284924056
17284924057
17284924058
17284924059
17284924060
17284924061
17284924062
17284924063
17284924064
17284924065
17284924066
17284924067
17284924068
17284924069
17284924070
17284924071
17284924072
17284924073
17284924074
17284924075
17284924076
17284924077
17284924078
17284924079
17284924080
17284924081
17284924082
17284924083
17284924084
17284924085
17284924086
17284924087
17284924088
17284924089
17284924090
17284924091
17284924092
17284924093
17284924094
17284924095
17284924096
17284924097
17284924098
17284924099
17284924100
17284924101
17284924102
17284924103
17284924104
17284924105
17284924106
17284924107
17284924108
17284924109
17284924110
17284924111
17284924112
17284924113
17284924114
17284924115
17284924116
17284924117
17284924118
17284924119
17284924120
17284924121
17284924122
17284924123
17284924124
17284924125
17284924126
17284924127
17284924128
17284924129
17284924130
17284924131
17284924132
17284924133
17284924134
17284924135
17284924136
17284924137
17284924138
17284924139
17284924140
17284924141
17284924142
17284924143
17284924144
17284924145
25766621189
25766621190
25766621191
25766621192
25766621193
25766621194
25766621195
25766621196
25766621197
25766621198
25766621199
25766621200
25766621201
25766621202
25766621203
25766621204
25766621205
25766621206
25766621207
25766621208
25766621209
25766621210
25766621211
25766621212
25766621213
25766621214
25766621215
25766621216
25766621217
25766621218
25766621219
25766621220
25766621221
25766621222
25766621223
25766621224
25766621225
25766621226
25766621227
25766621228
25766621229
25766621230
25766621231
25766621232
25766621233
25766621234
25766621235
25766621236
25766621237
25766621238
25766621239
25766621240
25766621241
25766621242
25766621243
25766621244
25766621245
25766621246
25766621247
25766621248
25766621249
25766621250
25766621251
25766621252
25766621253
25766621254
25766621255
25766621256
25766621257
25766621258
25766621259
25766621260
25766621261
25766621262
25766621263
25766621264
25766621265
25766621266
25766621267
25766621268
25766621269
25766621270
25766621271
25766621272
25766621273
25766621274
25766621275
25766621276
25766621277
25766621278
25766621279
25766621280
25766621281
25766621282
25766621283
25766621284
25766621285
25766621286
25766621287
25766621288
26397360205
26397360206
26397360207
26397360208
26397360209
26397360210
26397360211
26397360212
26397360213
26397360214
26397360215
26397360216
26397360217
26397360218
26397360219
26397360220
26397360221
26397360222
26397360223
26397360224
26397360225
26397360226
26397360227
26397360228
26397360229
26397360230
26397360231
26397360232
26397360233
26397360234
26397360235
26397360236
26397360237
26397360238
26397360239
26397360240
26397360241
26397360242
26397360243
26397360244
26397360245
26397360246
26397360247
26397360248
26397360249
26397360250
26397360251
26397360252
26397360253
26397360254
26397360255
26397360256
26397360257
26397360258
26397360259
26397360260
26397360261
26397360262
26397360263
26397360264
26397360265
26397360266
26397360267
26397360268
26397360269
26397360270
26397360271
26397360272
26397360273
26397360274
26397360275
26397360276
26397360277
26397360278
26397360279
26397360280
26397360281
26397360282
26397360283
26397360284
26397360285
26397360286
26397360287
26397360288
26397360289
26397360290
26397360291
26397360292
26397360293
26397360294
26397360295
26397360296
26397360297
26397360298
26397360299
26397360300
26397360301
26397360302
26397360303
26397360304
15053263236
15053263237
15053263238
15053263239
15053263240
15053263241
15053263242
15053263243
15053263244
15053263245
15053263246
15053263247
15053263248
15053263249
15053263250
15053263251
15053263252
15053263253
15053263254
15053263255
15053263256
15053263257
15053263258
15053263259
15053263260
15053263261
15053263262
15053263263
15053263264
15053263265
15053263266
15053263267
15053263268
15053263269
15053263270
15053263271
15053263272
15053263273
15053263274
15053263275
15053263276
15053263277
15053263278
15053263279
15053263280
15053263281
15053263282
15053263283
15053263284
15053263285
15053263286
15053263287
15053263288
15053263289
15053263290
15053263291
15053263292
15053263293
15053263294
15053263295
15053263296
15053263297
15053263298
15053263299
15053263300
15053263301
15053263302
15053263303
15053263304
15053263305
15053263306
15053263307
15053263308
15053263309
15053263310
15053263311
15053263312
15053263313
15053263314
15053263315
15053263316
15053263317
15053263318
15053263319
15053263320
15053263321
15053263322
15053263323
15053263324
15053263325
15053263326
15053263327
15053263328
15053263329
15053263330
15053263331
15053263332
15053263333
15053263334
15053263335
15971090861
15971090862
15971090863
15971090864
15971090865
15971090866
15971090867
15971090868
15971090869
15971090870
15971090871
15971090872
15971090873
15971090874
15971090875
15971090876
15971090877
15971090878
15971090879
15971090880
15971090881
15971090882
15971090883
15971090884
15971090885
15971090886
15971090887
15971090888
15971090889
15971090890
15971090891
15971090892
15971090893
15971090894
15971090895
15971090896
15971090897
15971090898
15971090899
15971090900
15971090901
15971090902
15971090903
15971090904
15971090905
15971090906
15971090907
15971090908
15971090909
15971090910
15971090911
15971090912
15971090913
15971090914
15971090915
15971090916
15971090917
15971090918
15971090919
15971090920
15971090921
15971090922
15971090923
15971090924
15971090925
15971090926
15971090927
15971090928
15971090929
15971090930
15971090931
15971090932
15971090933
15971090934
15971090935
15971090936
15971090937
15971090938
15971090939
15971090940
15971090941
15971090942
15971090943
15971090944
15971090945
15971090946
15971090947
15971090948
15971090949
15971090950
15971090951
15971090952
15971090953
15971090954
15971090955
15971090956
15971090957
15971090958
15971090959
15971090960
15022103054
15022103055
15022103056
15022103057
15022103058
15022103059
15022103060
15022103061
15022103062
15022103063
15022103064
15022103065
15022103066
15022103067
15022103068
15022103069
15022103070
15022103071
15022103072
15022103073
15022103074
15022103075
15022103076
15022103077
15022103078
15022103079
15022103080
15022103081
15022103082
15022103083
15022103084
15022103085
15022103086
15022103087
15022103088
15022103089
15022103090
15022103091
15022103092
15022103093
15022103094
15022103095
15022103096
15022103097
15022103098
15022103099
15022103100
15022103101
15022103102
15022103103
15022103104
15022103105
15022103106
15022103107
15022103108
15022103109
15022103110
15022103111
15022103112
15022103113
15022103114
15022103115
15022103116
15022103117
15022103118
15022103119
15022103120
15022103121
15022103122
15022103123
15022103124
15022103125
15022103126
15022103127
15022103128
15022103129
15022103130
15022103131
15022103132
15022103133
15022103134
15022103135
15022103136
15022103137
15022103138
15022103139
15022103140
15022103141
15022103142
15022103143
15022103144
15022103145
15022103146
15022103147
15022103148
15022103149
15022103150
15022103151
15022103152
15022103153
21283137258
21283137259
21283137260
21283137261
21283137262
21283137263
21283137264
21283137265
21283137266
21283137267
21283137268
21283137269
21283137270
21283137271
21283137272
21283137273
21283137274
21283137275
21283137276
21283137277
21283137278
21283137279
21283137280
21283137281
21283137282
21283137283
21283137284
21283137285
21283137286
21283137287
21283137288
21283137289
21283137290
21283137291
21283137292
21283137293
21283137294
21283137295
21283137296
21283137297
21283137298
21283137299
21283137300
21283137301
21283137302
21283137303
21283137304
21283137305
21283137306
21283137307
21283137308
21283137309
21283137310
21283137311
21283137312
21283137313
21283137314
21283137315
21283137316
21283137317
21283137318
21283137319
21283137320
21283137321
21283137322
21283137323
21283137324
21283137325
21283137326
21283137327
21283137328
21283137329
21283137330
21283137331
21283137332
21283137333
21283137334
21283137335
21283137336
21283137337
21283137338
21283137339
21283137340
21283137341
21283137342
21283137343
21283137344
21283137345
21283137346
21283137347
21283137348
21283137349
21283137350
21283137351
21283137352
21283137353
21283137354
21283137355
21283137356
21283137357
27842282890
27842282891
27842282892
27842282893
27842282894
27842282895
27842282896
27842282897
27842282898
27842282899
27842282900
27842282901
27842282902
27842282903
27842282904
27842282905
27842282906
27842282907
27842282908
27842282909
27842282910
27842282911
27842282912
27842282913
27842282914
27842282915
27842282916
27842282917
27842282918
27842282919
27842282920
27842282921
27842282922
27842282923
27842282924
27842282925
27842282926
27842282927
27842282928
27842282929
27842282930
27842282931
27842282932
27842282933
27842282934
27842282935
27842282936
27842282937
27842282938
27842282939
27842282940
27842282941
27842282942
27842282943
27842282944
27842282945
27842282946
27842282947
27842282948
27842282949
27842282950
27842282951
27842282952
27842282953
27842282954
27842282955
27842282956
27842282957
27842282958
27842282959
27842282960
27842282961
27842282962
27842282963
27842282964
27842282965
27842282966
27842282967
27842282968
27842282969
27842282970
27842282971
27842282972
27842282973
27842282974
27842282975
27842282976
27842282977
27842282978
27842282979
27842282980
27842282981
27842282982
27842282983
27842282984
27842282985
27842282986
27842282987
27842282988
27842282989
26622623060
26622623061
26622623062
26622623063
26622623064
26622623065
26622623066
26622623067
26622623068
26622623069
26622623070
26622623071
26622623072
26622623073
26622623074
26622623075
26622623076
26622623077
26622623078
26622623079
26622623080
26622623081
26622623082
26622623083
26622623084
26622623085
26622623086
26622623087
26622623088
26622623089
26622623090
26622623091
26622623092
26622623093
26622623094
26622623095
26622623096
26622623097
26622623098
26622623099
26622623100
26622623101
26622623102
26622623103
26622623104
26622623105
26622623106
26622623107
26622623108
26622623109
26622623110
26622623111
26622623112
26622623113
26622623114
26622623115
26622623116
26622623117
26622623118
26622623119
26622623120
26622623121
26622623122
26622623123
26622623124
26622623125
26622623126
26622623127
26622623128
26622623129
26622623130
26622623131
26622623132
26622623133
26622623134
26622623135
26622623136
26622623137
26622623138
26622623139
26622623140
26622623141
26622623142
26622623143
26622623144
26622623145
26622623146
26622623147
26622623148
26622623149
26622623150
26622623151
26622623152
26622623153
26622623154
26622623155
26622623156
26622623157
26622623158
26622623159
16757304272
16757304273
16757304274
16757304275
16757304276
16757304277
16757304278
16757304279
16757304280
16757304281
16757304282
16757304283
16757304284
16757304285
16757304286
16757304287
16757304288
16757304289
16757304290
16757304291
16757304292
16757304293
16757304294
16757304295
16757304296
16757304297
16757304298
16757304299
16757304300
16757304301
16757304302
16757304303
16757304304
16757304305
16757304306
16757304307
16757304308
16757304309
16757304310
16757304311
16757304312
16757304313
16757304314
16757304315
16757304316
16757304317
16757304318
16757304319
16757304320
16757304321
16757304322
16757304323
16757304324
16757304325
16757304326
16757304327
16757304328
16757304329
16757304330
16757304331
16757304332
16757304333
16757304334
16757304335
16757304336
16757304337
16757304338
16757304339
16757304340
16757304341
16757304342
16757304343
16757304344
16757304345
16757304346
16757304347
16757304348
16757304349
16757304350
16757304351
16757304352
16757304353
16757304354
16757304355
16757304356
16757304357
16757304358
16757304359
16757304360
16757304361
16757304362
16757304363
16757304364
16757304365
16757304366
16757304367
16757304368
16757304369
16757304370
16757304371
23407593944
23407593945
23407593946
23407593947
23407593948
23407593949
23407593950
23407593951
23407593952
23407593953
23407593954
23407593955
23407593956
23407593957
23407593958
23407593959
23407593960
23407593961
23407593962
23407593963
23407593964
23407593965
23407593966
23407593967
23407593968
23407593969
23407593970
23407593971
23407593972
23407593973
23407593974
23407593975
23407593976
23407593977
23407593978
23407593979
23407593980
23407593981
23407593982
23407593983
23407593984
23407593985
23407593986
23407593987
23407593988
23407593989
23407593990
23407593991
23407593992
23407593993
23407593994
23407593995
23407593996
23407593997
23407593998
23407593999
23407594000
23407594001
23407594002
23407594003
23407594004
23407594005
23407594006
23407594007
23407594008
23407594009
23407594010
23407594011
23407594012
23407594013
23407594014
23407594015
23407594016
23407594017
23407594018
23407594019
23407594020
23407594021
23407594022
23407594023
23407594024
23407594025
23407594026
23407594027
23407594028
23407594029
23407594030
23407594031
23407594032
23407594033
23407594034
23407594035
23407594036
23407594037
23407594038
23407594039
23407594040
23407594041
23407594042
23407594043
19548770019
19548770020
19548770021
19548770022
19548770023
19548770024
19548770025
19548770026
19548770027
19548770028
19548770029
19548770030
19548770031
19548770032
19548770033
19548770034
19548770035
19548770036
19548770037
19548770038
19548770039
19548770040
19548770041
19548770042
19548770043
19548770044
19548770045
19548770046
19548770047
19548770048
19548770049
19548770050
19548770051
19548770052
19548770053
19548770054
19548770055
19548770056
19548770057
19548770058
19548770059
19548770060
19548770061
19548770062
19548770063
19548770064
19548770065
19548770066
19548770067
19548770068
19548770069
19548770070
19548770071
19548770072
19548770073
19548770074
19548770075
19548770076
19548770077
19548770078
19548770079
19548770080
19548770081
19548770082
19548770083
19548770084
19548770085
19548770086
19548770087
19548770088
19548770089
19548770090
19548770091
19548770092
19548770093
19548770094
19548770095
19548770096
19548770097
19548770098
19548770099
19548770100
19548770101
19548770102
19548770103
19548770104
19548770105
19548770106
19548770107
19548770108
19548770109
19548770110
19548770111
19548770112
19548770113
19548770114
19548770115
19548770116
19548770117
19548770118
16119735520
16119735521
16119735522
16119735523
16119735524
16119735525
16119735526
16119735527
16119735528
16119735529
16119735530
16119735531
16119735532
16119735533
16119735534
16119735535
16119735536
16119735537
16119735538
16119735539
16119735540
16119735541
16119735542
16119735543
16119735544
16119735545
16119735546
16119735547
16119735548
16119735549
16119735550
16119735551
16119735552
16119735553
16119735554
16119735555
16119735556
16119735557
16119735558
16119735559
16119735560
16119735561
16119735562
16119735563
16119735564
16119735565
16119735566
16119735567
16119735568
16119735569
16119735570
16119735571
16119735572
16119735573
16119735574
16119735575
16119735576
16119735577
16119735578
16119735579
16119735580
16119735581
16119735582
16119735583
16119735584
16119735585
16119735586
16119735587
16119735588
16119735589
16119735590
16119735591
16119735592
16119735593
16119735594
16119735595
16119735596
16119735597
16119735598
16119735599
16119735600
16119735601
16119735602
16119735603
16119735604
16119735605
16119735606
16119735607
16119735608
16119735609
16119735610
16119735611
16119735612
16119735613
16119735614
16119735615
16119735616
16119735617
16119735618
16119735619
14985550962
14985550963
14985550964
14985550965
14985550966
14985550967
14985550968
14985550969
14985550970
14985550971
14985550972
14985550973
14985550974
14985550975
14985550976
14985550977
14985550978
14985550979
14985550980
14985550981
14985550982
14985550983
14985550984
14985550985
14985550986
14985550987
14985550988
14985550989
14985550990
14985550991
14985550992
14985550993
14985550994
14985550995
14985550996
14985550997
14985550998
14985550999
14985551000
14985551001
14985551002
14985551003
14985551004
14985551005
14985551006
14985551007
14985551008
14985551009
14985551010
14985551011
14985551012
14985551013
14985551014
14985551015
14985551016
14985551017
14985551018
14985551019
14985551020
14985551021
14985551022
14985551023
14985551024
14985551025
14985551026
14985551027
14985551028
14985551029
14985551030
14985551031
14985551032
14985551033
14985551034
14985551035
14985551036
14985551037
14985551038
14985551039
14985551040
14985551041
14985551042
14985551043
14985551044
14985551045
14985551046
14985551047
14985551048
14985551049
14985551050
14985551051
14985551052
14985551053
14985551054
14985551055
14985551056
14985551057
14985551058
14985551059
14985551060
14985551061
28015965212
28015965213
28015965214
28015965215
28015965216
28015965217
28015965218
28015965219
28015965220
28015965221
28015965222
28015965223
28015965224
28015965225
28015965226
28015965227
28015965228
28015965229
28015965230
28015965231
28015965232
28015965233
28015965234
28015965235
28015965236
28015965237
28015965238
28015965239
28015965240
28015965241
28015965242
28015965243
28015965244
28015965245
28015965246
28015965247
28015965248
28015965249
28015965250
28015965251
28015965252
28015965253
28015965254
28015965255
28015965256
28015965257
28015965258
28015965259
28015965260
28015965261
28015965262
28015965263
28015965264
28015965265
28015965266
28015965267
28015965268
28015965269
28015965270
28015965271
28015965272
28015965273
28015965274
28015965275
28015965276
28015965277
28015965278
28015965279
28015965280
28015965281
28015965282
28015965283
28015965284
28015965285
28015965286
28015965287
28015965288
28015965289
28015965290
28015965291
28015965292
28015965293
28015965294
28015965295
28015965296
28015965297
28015965298
28015965299
28015965300
28015965301
28015965302
28015965303
28015965304
28015965305
28015965306
28015965307
28015965308
28015965309
28015965310
28015965311
23770336197
23770336198
23770336199
23770336200
23770336201
23770336202
23770336203
23770336204
23770336205
23770336206
23770336207
23770336208
23770336209
23770336210
23770336211
23770336212
23770336213
23770336214
23770336215
23770336216
23770336217
23770336218
23770336219
23770336220
23770336221
23770336222
23770336223
23770336224
23770336225
23770336226
23770336227
23770336228
23770336229
23770336230
23770336231
23770336232
23770336233
23770336234
23770336235
23770336236
23770336237
23770336238
23770336239
23770336240
23770336241
23770336242
23770336243
23770336244
23770336245
23770336246
23770336247
23770336248
23770336249
23770336250
23770336251
23770336252
23770336253
23770336254
23770336255
23770336256
23770336257
23770336258
23770336259
23770336260
23770336261
23770336262
23770336263
23770336264
23770336265
23770336266
23770336267
23770336268
23770336269
23770336270
23770336271
23770336272
23770336273
23770336274
23770336275
23770336276
23770336277
23770336278
23770336279
23770336280
23770336281
23770336282
23770336283
23770336284
23770336285
23770336286
23770336287
23770336288
23770336289
23770336290
23770336291
23770336292
23770336293
23770336294
23770336295
23770336296
21236936328
21236936329
21236936330
21236936331
21236936332
21236936333
21236936334
21236936335
21236936336
21236936337
21236936338
21236936339
21236936340
21236936341
21236936342
21236936343
21236936344
21236936345
21236936346
21236936347
21236936348
21236936349
21236936350
21236936351
21236936352
21236936353
21236936354
21236936355
21236936356
21236936357
21236936358
21236936359
21236936360
21236936361
21236936362
21236936363
21236936364
21236936365
21236936366
21236936367
21236936368
21236936369
21236936370
21236936371
21236936372
21236936373
21236936374
21236936375
21236936376
21236936377
21236936378
21236936379
21236936380
21236936381
21236936382
21236936383
21236936384
21236936385
21236936386
21236936387
21236936388
21236936389
21236936390
21236936391
21236936392
21236936393
21236936394
21236936395
21236936396
21236936397
21236936398
21236936399
21236936400
21236936401
21236936402
21236936403
21236936404
21236936405
21236936406
21236936407
21236936408
21236936409
21236936410
21236936411
21236936412
21236936413
21236936414
21236936415
21236936416
21236936417
21236936418
21236936419
21236936420
21236936421
21236936422
21236936423
21236936424
21236936425
21236936426
21236936427
17012252679
17012252680
17012252681
17012252682
17012252683
17012252684
17012252685
17012252686
17012252687
17012252688
17012252689
17012252690
17012252691
17012252692
17012252693
17012252694
17012252695
17012252696
17012252697
17012252698
17012252699
17012252700
17012252701
17012252702
17012252703
17012252704
17012252705
17012252706
17012252707
17012252708
17012252709
17012252710
17012252711
17012252712
17012252713
17012252714
17012252715
17012252716
17012252717
17012252718
17012252719
17012252720
17012252721
17012252722
17012252723
17012252724
17012252725
17012252726
17012252727
17012252728
17012252729
17012252730
17012252731
17012252732
17012252733
17012252734
17012252735
17012252736
17012252737
17012252738
17012252739
17012252740
17012252741
17012252742
17012252743
17012252744
17012252745
17012252746
17012252747
17012252748
17012252749
17012252750
17012252751
17012252752
17012252753
17012252754
17012252755
17012252756
17012252757
17012252758
17012252759
17012252760
17012252761
17012252762
17012252763
17012252764
17012252765
17012252766
17012252767
17012252768
17012252769
17012252770
17012252771
17012252772
17012252773
17012252774
17012252775
17012252776
17012252777
17012252778
19622728935
19622728936
19622728937
19622728938
19622728939
19622728940
19622728941
19622728942
19622728943
19622728944
19622728945
19622728946
19622728947
19622728948
19622728949
19622728950
19622728951
19622728952
19622728953
19622728954
19622728955
19622728956
19622728957
19622728958
19622728959
19622728960
19622728961
19622728962
19622728963
19622728964
19622728965
19622728966
19622728967
19622728968
19622728969
19622728970
19622728971
19622728972
19622728973
19622728974
19622728975
19622728976
19622728977
19622728978
19622728979
19622728980
19622728981
19622728982
19622728983
19622728984
19622728985
19622728986
19622728987
19622728988
19622728989
19622728990
19622728991
19622728992
19622728993
19622728994
19622728995
19622728996
19622728997
19622728998
19622728999
19622729000
19622729001
19622729002
19622729003
19622729004
19622729005
19622729006
19622729007
19622729008
19622729009
19622729010
19622729011
19622729012
19622729013
19622729014
19622729015
19622729016
19622729017
19622729018
19622729019
19622729020
19622729021
19622729022
19622729023
19622729024
19622729025
19622729026
19622729027
19622729028
19622729029
19622729030
19622729031
19622729032
19622729033
19622729034
16323177753
16323177754
16323177755
16323177756
16323177757
16323177758
16323177759
16323177760
16323177761
16323177762
16323177763
16323177764
16323177765
16323177766
16323177767
16323177768
16323177769
16323177770
16323177771
16323177772
16323177773
16323177774
16323177775
16323177776
16323177777
16323177778
16323177779
16323177780
16323177781
16323177782
16323177783
16323177784
16323177785
16323177786
16323177787
16323177788
16323177789
16323177790
16323177791
16323177792
16323177793
16323177794
16323177795
16323177796
16323177797
16323177798
16323177799
16323177800
16323177801
16323177802
16323177803
16323177804
16323177805
16323177806
16323177807
16323177808
16323177809
16323177810
16323177811
16323177812
16323177813
16323177814
16323177815
16323177816
16323177817
16323177818
16323177819
16323177820
16323177821
16323177822
16323177823
16323177824
16323177825
16323177826
16323177827
16323177828
16323177829
16323177830
16323177831
16323177832
16323177833
16323177834
16323177835
16323177836
16323177837
16323177838
16323177839
16323177840
16323177841
16323177842
16323177843
16323177844
16323177845
16323177846
16323177847
16323177848
16323177849
16323177850
16323177851
16323177852
17456276909
17456276910
17456276911
17456276912
17456276913
17456276914
17456276915
17456276916
17456276917
17456276918
17456276919
17456276920
17456276921
17456276922
17456276923
17456276924
17456276925
17456276926
17456276927
17456276928
17456276929
17456276930
17456276931
17456276932
17456276933
17456276934
17456276935
17456276936
17456276937
17456276938
17456276939
17456276940
17456276941
17456276942
17456276943
17456276944
17456276945
17456276946
17456276947
17456276948
17456276949
17456276950
17456276951
17456276952
17456276953
17456276954
17456276955
17456276956
17456276957
17456276958
17456276959
17456276960
17456276961
17456276962
17456276963
17456276964
17456276965
17456276966
17456276967
17456276968
17456276969
17456276970
17456276971
17456276972
17456276973
17456276974
17456276975
17456276976
17456276977
17456276978
17456276979
17456276980
17456276981
17456276982
17456276983
17456276984
17456276985
17456276986
17456276987
17456276988
17456276989
17456276990
17456276991
17456276992
17456276993
17456276994
17456276995
17456276996
17456276997
17456276998
17456276999
17456277000
17456277001
17456277002
17456277003
17456277004
17456277005
17456277006
17456277007
17456277008
20262471399
20262471400
20262471401
20262471402
20262471403
20262471404
20262471405
20262471406
20262471407
20262471408
20262471409
20262471410
20262471411
20262471412
20262471413
20262471414
20262471415
20262471416
20262471417
20262471418
20262471419
20262471420
20262471421
20262471422
20262471423
20262471424
20262471425
20262471426
20262471427
20262471428
20262471429
20262471430
20262471431
20262471432
20262471433
20262471434
20262471435
20262471436
20262471437
20262471438
20262471439
20262471440
20262471441
20262471442
20262471443
20262471444
20262471445
20262471446
20262471447
20262471448
20262471449
20262471450
20262471451
20262471452
20262471453
20262471454
20262471455
20262471456
20262471457
20262471458
20262471459
20262471460
20262471461
20262471462
20262471463
20262471464
20262471465
20262471466
20262471467
20262471468
20262471469
20262471470
20262471471
20262471472
20262471473
20262471474
20262471475
20262471476
20262471477
20262471478
20262471479
20262471480
20262471481
20262471482
20262471483
20262471484
20262471485
20262471486
20262471487
20262471488
20262471489
20262471490
20262471491
20262471492
20262471493
20262471494
20262471495
20262471496
20262471497
20262471498
16683477925
16683477926
16683477927
16683477928
16683477929
16683477930
16683477931
16683477932
16683477933
16683477934
16683477935
16683477936
16683477937
16683477938
16683477939
16683477940
16683477941
16683477942
16683477943
16683477944
16683477945
16683477946
16683477947
16683477948
16683477949
16683477950
16683477951
16683477952
16683477953
16683477954
16683477955
16683477956
16683477957
16683477958
16683477959
16683477960
16683477961
16683477962
16683477963
16683477964
16683477965
16683477966
16683477967
16683477968
16683477969
16683477970
16683477971
16683477972
16683477973
16683477974
16683477975
16683477976
16683477977
16683477978
16683477979
16683477980
16683477981
16683477982
16683477983
16683477984
16683477985
16683477986
16683477987
16683477988
16683477989
16683477990
16683477991
16683477992
16683477993
16683477994
16683477995
16683477996
16683477997
16683477998
16683477999
16683478000
16683478001
16683478002
16683478003
16683478004
16683478005
16683478006
16683478007
16683478008
16683478009
16683478010
16683478011
16683478012
16683478013
16683478014
16683478015
16683478016
16683478017
16683478018
16683478019
16683478020
16683478021
16683478022
16683478023
16683478024
26455692343
26455692344
26455692345
26455692346
26455692347
26455692348
26455692349
26455692350
26455692351
26455692352
26455692353
26455692354
26455692355
26455692356
26455692357
26455692358
26455692359
26455692360
26455692361
26455692362
26455692363
26455692364
26455692365
26455692366
26455692367
26455692368
26455692369
26455692370
26455692371
26455692372
26455692373
26455692374
26455692375
26455692376
26455692377
26455692378
26455692379
26455692380
26455692381
26455692382
26455692383
26455692384
26455692385
26455692386
26455692387
26455692388
26455692389
26455692390
26455692391
26455692392
26455692393
26455692394
26455692395
26455692396
26455692397
26455692398
26455692399
26455692400
26455692401
26455692402
26455692403
26455692404
26455692405
26455692406
26455692407
26455692408
26455692409
26455692410
26455692411
26455692412
26455692413
26455692414
26455692415
26455692416
26455692417
26455692418
26455692419
26455692420
26455692421
26455692422
26455692423
26455692424
26455692425
26455692426
26455692427
26455692428
26455692429
26455692430
26455692431
26455692432
26455692433
26455692434
26455692435
26455692436
26455692437
26455692438
26455692439
26455692440
26455692441
26455692442
16912937483
16912937484
16912937485
16912937486
16912937487
16912937488
16912937489
16912937490
16912937491
16912937492
16912937493
16912937494
16912937495
16912937496
16912937497
16912937498
16912937499
16912937500
16912937501
16912937502
16912937503
16912937504
16912937505
16912937506
16912937507
16912937508
16912937509
16912937510
16912937511
16912937512
16912937513
16912937514
16912937515
16912937516
16912937517
16912937518
16912937519
16912937520
16912937521
16912937522
16912937523
16912937524
16912937525
16912937526
16912937527
16912937528
16912937529
16912937530
16912937531
16912937532
16912937533
16912937534
16912937535
16912937536
16912937537
16912937538
16912937539
16912937540
16912937541
16912937542
16912937543
16912937544
16912937545
16912937546
16912937547
16912937548
16912937549
16912937550
16912937551
16912937552
16912937553
16912937554
16912937555
16912937556
16912937557
16912937558
16912937559
16912937560
16912937561
16912937562
16912937563
16912937564
16912937565
16912937566
16912937567
16912937568
16912937569
16912937570
16912937571
16912937572
16912937573
16912937574
16912937575
16912937576
16912937577
16912937578
16912937579
16912937580
16912937581
16912937582
16524281866
16524281867
16524281868
16524281869
16524281870
16524281871
16524281872
16524281873
16524281874
16524281875
16524281876
16524281877
16524281878
16524281879
16524281880
16524281881
16524281882
16524281883
16524281884
16524281885
16524281886
16524281887
16524281888
16524281889
16524281890
16524281891
16524281892
16524281893
16524281894
16524281895
16524281896
16524281897
16524281898
16524281899
16524281900
16524281901
16524281902
16524281903
16524281904
16524281905
16524281906
16524281907
16524281908
16524281909
16524281910
16524281911
16524281912
16524281913
16524281914
16524281915
16524281916
16524281917
16524281918
16524281919
16524281920
16524281921
16524281922
16524281923
16524281924
16524281925
16524281926
16524281927
16524281928
16524281929
16524281930
16524281931
16524281932
16524281933
16524281934
16524281935
16524281936
16524281937
16524281938
16524281939
16524281940
16524281941
16524281942
16524281943
16524281944
16524281945
16524281946
16524281947
16524281948
16524281949
16524281950
16524281951
16524281952
16524281953
16524281954
16524281955
16524281956
16524281957
16524281958
16524281959
16524281960
16524281961
16524281962
16524281963
16524281964
16524281965
14935692096
14935692097
14935692098
14935692099
14935692100
14935692101
14935692102
14935692103
14935692104
14935692105
14935692106
14935692107
14935692108
14935692109
14935692110
14935692111
14935692112
14935692113
14935692114
14935692115
14935692116
14935692117
14935692118
14935692119
14935692120
14935692121
14935692122
14935692123
14935692124
14935692125
14935692126
14935692127
14935692128
14935692129
14935692130
14935692131
14935692132
14935692133
14935692134
14935692135
14935692136
14935692137
14935692138
14935692139
14935692140
14935692141
14935692142
14935692143
14935692144
14935692145
14935692146
14935692147
14935692148
14935692149
14935692150
14935692151
14935692152
14935692153
14935692154
14935692155
14935692156
14935692157
14935692158
14935692159
14935692160
14935692161
14935692162
14935692163
14935692164
14935692165
14935692166
14935692167
14935692168
14935692169
14935692170
14935692171
14935692172
14935692173
14935692174
14935692175
14935692176
14935692177
14935692178
14935692179
14935692180
14935692181
14935692182
14935692183
14935692184
14935692185
14935692186
14935692187
14935692188
14935692189
14935692190
14935692191
14935692192
14935692193
14935692194
14935692195
22321572418
22321572419
22321572420
22321572421
22321572422
22321572423
22321572424
22321572425
22321572426
22321572427
22321572428
22321572429
22321572430
22321572431
22321572432
22321572433
22321572434
22321572435
22321572436
22321572437
22321572438
22321572439
22321572440
22321572441
22321572442
22321572443
22321572444
22321572445
22321572446
22321572447
22321572448
22321572449
22321572450
22321572451
22321572452
22321572453
22321572454
22321572455
22321572456
22321572457
22321572458
22321572459
22321572460
22321572461
22321572462
22321572463
22321572464
22321572465
22321572466
22321572467
22321572468
22321572469
22321572470
22321572471
22321572472
22321572473
22321572474
22321572475
22321572476
22321572477
22321572478
22321572479
22321572480
22321572481
22321572482
22321572483
22321572484
22321572485
22321572486
22321572487
22321572488
22321572489
22321572490
22321572491
22321572492
22321572493
22321572494
22321572495
22321572496
22321572497
22321572498
22321572499
22321572500
22321572501
22321572502
22321572503
22321572504
22321572505
22321572506
22321572507
22321572508
22321572509
22321572510
22321572511
22321572512
22321572513
22321572514
22321572515
22321572516
22321572517
25028439944
25028439945
25028439946
25028439947
25028439948
25028439949
25028439950
25028439951
25028439952
25028439953
25028439954
25028439955
25028439956
25028439957
25028439958
25028439959
25028439960
25028439961
25028439962
25028439963
25028439964
25028439965
25028439966
25028439967
25028439968
25028439969
25028439970
25028439971
25028439972
25028439973
25028439974
25028439975
25028439976
25028439977
25028439978
25028439979
25028439980
25028439981
25028439982
25028439983
25028439984
25028439985
25028439986
25028439987
25028439988
25028439989
25028439990
25028439991
25028439992
25028439993
25028439994
25028439995
25028439996
25028439997
25028439998
25028439999
25028440000
25028440001
25028440002
25028440003
25028440004
25028440005
25028440006
25028440007
25028440008
25028440009
25028440010
25028440011
25028440012
25028440013
25028440014
25028440015
25028440016
25028440017
25028440018
25028440019
25028440020
25028440021
25028440022
25028440023
25028440024
25028440025
25028440026
25028440027
25028440028
25028440029
25028440030
25028440031
25028440032
25028440033
25028440034
25028440035
25028440036
25028440037
25028440038
25028440039
25028440040
25028440041
25028440042
25028440043
14885975358
14885975359
14885975360
14885975361
14885975362
14885975363
14885975364
14885975365
14885975366
14885975367
14885975368
14885975369
14885975370
14885975371
14885975372
14885975373
14885975374
14885975375
14885975376
14885975377
14885975378
14885975379
14885975380
14885975381
14885975382
14885975383
14885975384
14885975385
14885975386
14885975387
14885975388
14885975389
14885975390
14885975391
14885975392
14885975393
14885975394
14885975395
14885975396
14885975397
14885975398
14885975399
14885975400
14885975401
14885975402
14885975403
14885975404
14885975405
14885975406
14885975407
14885975408
14885975409
14885975410
14885975411
14885975412
14885975413
14885975414
14885975415
14885975416
14885975417
14885975418
14885975419
14885975420
14885975421
14885975422
14885975423
14885975424
14885975425
14885975426
14885975427
14885975428
14885975429
14885975430
14885975431
14885975432
14885975433
14885975434
14885975435
14885975436
14885975437
14885975438
14885975439
14885975440
14885975441
14885975442
14885975443
14885975444
14885975445
14885975446
14885975447
14885975448
14885975449
14885975450
14885975451
14885975452
14885975453
14885975454
14885975455
14885975456
14885975457
23968454926
23968454927
23968454928
23968454929
23968454930
23968454931
23968454932
23968454933
23968454934
23968454935
23968454936
23968454937
23968454938
23968454939
23968454940
23968454941
23968454942
23968454943
23968454944
23968454945
23968454946
23968454947
23968454948
23968454949
23968454950
23968454951
23968454952
23968454953
23968454954
23968454955
23968454956
23968454957
23968454958
23968454959
23968454960
23968454961
23968454962
23968454963
23968454964
23968454965
23968454966
23968454967
23968454968
23968454969
23968454970
23968454971
23968454972
23968454973
23968454974
23968454975
23968454976
23968454977
23968454978
23968454979
23968454980
23968454981
23968454982
23968454983
23968454984
23968454985
23968454986
23968454987
23968454988
23968454989
23968454990
23968454991
23968454992
23968454993
23968454994
23968454995
23968454996
23968454997
23968454998
23968454999
23968455000
23968455001
23968455002
23968455003
23968455004
23968455005
23968455006
23968455007
23968455008
23968455009
23968455010
23968455011
23968455012
23968455013
23968455014
23968455015
23968455016
23968455017
23968455018
23968455019
23968455020
23968455021
23968455022
23968455023
23968455024
23968455025
16937441229
16937441230
16937441231
16937441232
16937441233
16937441234
16937441235
16937441236
16937441237
16937441238
16937441239
16937441240
16937441241
16937441242
16937441243
16937441244
16937441245
16937441246
16937441247
16937441248
16937441249
16937441250
16937441251
16937441252
16937441253
16937441254
16937441255
16937441256
16937441257
16937441258
16937441259
16937441260
16937441261
16937441262
16937441263
16937441264
16937441265
16937441266
16937441267
16937441268
16937441269
16937441270
16937441271
16937441272
16937441273
16937441274
16937441275
16937441276
16937441277
16937441278
16937441279
16937441280
16937441281
16937441282
16937441283
16937441284
16937441285
16937441286
16937441287
16937441288
16937441289
16937441290
16937441291
16937441292
16937441293
16937441294
16937441295
16937441296
16937441297
16937441298
16937441299
16937441300
16937441301
16937441302
16937441303
16937441304
16937441305
16937441306
16937441307
16937441308
16937441309
16937441310
16937441311
16937441312
16937441313
16937441314
16937441315
16937441316
16937441317
16937441318
16937441319
16937441320
16937441321
16937441322
16937441323
16937441324
16937441325
16937441326
16937441327
16937441328
28469524674
28469524675
28469524676
28469524677
28469524678
28469524679
28469524680
28469524681
28469524682
28469524683
28469524684
28469524685
28469524686
28469524687
28469524688
28469524689
28469524690
28469524691
28469524692
28469524693
28469524694
28469524695
28469524696
28469524697
28469524698
28469524699
28469524700
28469524701
28469524702
28469524703
28469524704
28469524705
28469524706
28469524707
28469524708
28469524709
28469524710
28469524711
28469524712
28469524713
28469524714
28469524715
28469524716
28469524717
28469524718
28469524719
28469524720
28469524721
28469524722
28469524723
28469524724
28469524725
28469524726
28469524727
28469524728
28469524729
28469524730
28469524731
28469524732
28469524733
28469524734
28469524735
28469524736
28469524737
28469524738
28469524739
28469524740
28469524741
28469524742
28469524743
28469524744
28469524745
28469524746
28469524747
28469524748
28469524749
28469524750
28469524751
28469524752
28469524753
28469524754
28469524755
28469524756
28469524757
28469524758
28469524759
28469524760
28469524761
28469524762
28469524763
28469524764
28469524765
28469524766
28469524767
28469524768
28469524769
28469524770
28469524771
28469524772
28469524773
23887950925
23887950926
23887950927
23887950928
23887950929
23887950930
23887950931
23887950932
23887950933
23887950934
23887950935
23887950936
23887950937
23887950938
23887950939
23887950940
23887950941
23887950942
23887950943
23887950944
23887950945
23887950946
23887950947
23887950948
23887950949
23887950950
23887950951
23887950952
23887950953
23887950954
23887950955
23887950956
23887950957
23887950958
23887950959
23887950960
23887950961
23887950962
23887950963
23887950964
23887950965
23887950966
23887950967
23887950968
23887950969
23887950970
23887950971
23887950972
23887950973
23887950974
23887950975
23887950976
23887950977
23887950978
23887950979
23887950980
23887950981
23887950982
23887950983
23887950984
23887950985
23887950986
23887950987
23887950988
23887950989
23887950990
23887950991
23887950992
23887950993
23887950994
23887950995
23887950996
23887950997
23887950998
23887950999
23887951000
23887951001
23887951002
23887951003
23887951004
23887951005
23887951006
23887951007
23887951008
23887951009
23887951010
23887951011
23887951012
23887951013
23887951014
23887951015
23887951016
23887951017
23887951018
23887951019
23887951020
23887951021
23887951022
23887951023
23887951024
17363790084
17363790085
17363790086
17363790087
17363790088
17363790089
17363790090
17363790091
17363790092
17363790093
17363790094
17363790095
17363790096
17363790097
17363790098
17363790099
17363790100
17363790101
17363790102
17363790103
17363790104
17363790105
17363790106
17363790107
17363790108
17363790109
17363790110
17363790111
17363790112
17363790113
17363790114
17363790115
17363790116
17363790117
17363790118
17363790119
17363790120
17363790121
17363790122
17363790123
17363790124
17363790125
17363790126
17363790127
17363790128
17363790129
17363790130
17363790131
17363790132
17363790133
17363790134
17363790135
17363790136
17363790137
17363790138
17363790139
17363790140
17363790141
17363790142
17363790143
17363790144
17363790145
17363790146
17363790147
17363790148
17363790149
17363790150
17363790151
17363790152
17363790153
17363790154
17363790155
17363790156
17363790157
17363790158
17363790159
17363790160
17363790161
17363790162
17363790163
17363790164
17363790165
17363790166
17363790167
17363790168
17363790169
17363790170
17363790171
17363790172
17363790173
17363790174
17363790175
17363790176
17363790177
17363790178
17363790179
17363790180
17363790181
17363790182
17363790183
19353207305
19353207306
19353207307
19353207308
19353207309
19353207310
19353207311
19353207312
19353207313
19353207314
19353207315
19353207316
19353207317
19353207318
19353207319
19353207320
19353207321
19353207322
19353207323
19353207324
19353207325
19353207326
19353207327
19353207328
19353207329
19353207330
19353207331
19353207332
19353207333
19353207334
19353207335
19353207336
19353207337
19353207338
19353207339
19353207340
19353207341
19353207342
19353207343
19353207344
19353207345
19353207346
19353207347
19353207348
19353207349
19353207350
19353207351
19353207352
19353207353
19353207354
19353207355
19353207356
19353207357
19353207358
19353207359
19353207360
19353207361
19353207362
19353207363
19353207364
19353207365
19353207366
19353207367
19353207368
19353207369
19353207370
19353207371
19353207372
19353207373
19353207374
19353207375
19353207376
19353207377
19353207378
19353207379
19353207380
19353207381
19353207382
19353207383
19353207384
19353207385
19353207386
19353207387
19353207388
19353207389
19353207390
19353207391
19353207392
19353207393
19353207394
19353207395
19353207396
19353207397
19353207398
19353207399
19353207400
19353207401
19353207402
19353207403
19353207404
16137952030
16137952031
16137952032
16137952033
16137952034
16137952035
16137952036
16137952037
16137952038
16137952039
16137952040
16137952041
16137952042
16137952043
16137952044
16137952045
16137952046
16137952047
16137952048
16137952049
16137952050
16137952051
16137952052
16137952053
16137952054
16137952055
16137952056
16137952057
16137952058
16137952059
16137952060
16137952061
16137952062
16137952063
16137952064
16137952065
16137952066
16137952067
16137952068
16137952069
16137952070
16137952071
16137952072
16137952073
16137952074
16137952075
16137952076
16137952077
16137952078
16137952079
16137952080
16137952081
16137952082
16137952083
16137952084
16137952085
16137952086
16137952087
16137952088
16137952089
16137952090
16137952091
16137952092
16137952093
16137952094
16137952095
16137952096
16137952097
16137952098
16137952099
16137952100
16137952101
16137952102
16137952103
16137952104
16137952105
16137952106
16137952107
16137952108
16137952109
16137952110
16137952111
16137952112
16137952113
16137952114
16137952115
16137952116
16137952117
16137952118
16137952119
16137952120
16137952121
16137952122
16137952123
16137952124
16137952125
16137952126
16137952127
16137952128
16137952129
26215021224
26215021225
26215021226
26215021227
26215021228
26215021229
26215021230
26215021231
26215021232
26215021233
26215021234
26215021235
26215021236
26215021237
26215021238
26215021239
26215021240
26215021241
26215021242
26215021243
26215021244
26215021245
26215021246
26215021247
26215021248
26215021249
26215021250
26215021251
26215021252
26215021253
26215021254
26215021255
26215021256
26215021257
26215021258
26215021259
26215021260
26215021261
26215021262
26215021263
26215021264
26215021265
26215021266
26215021267
26215021268
26215021269
26215021270
26215021271
26215021272
26215021273
26215021274
26215021275
26215021276
26215021277
26215021278
26215021279
26215021280
26215021281
26215021282
26215021283
26215021284
26215021285
26215021286
26215021287
26215021288
26215021289
26215021290
26215021291
26215021292
26215021293
26215021294
26215021295
26215021296
26215021297
26215021298
26215021299
26215021300
26215021301
26215021302
26215021303
26215021304
26215021305
26215021306
26215021307
26215021308
26215021309
26215021310
26215021311
26215021312
26215021313
26215021314
26215021315
26215021316
26215021317
26215021318
26215021319
26215021320
26215021321
26215021322
26215021323
17019072971
17019072972
17019072973
17019072974
17019072975
17019072976
17019072977
17019072978
17019072979
17019072980
17019072981
17019072982
17019072983
17019072984
17019072985
17019072986
17019072987
17019072988
17019072989
17019072990
17019072991
17019072992
17019072993
17019072994
17019072995
17019072996
17019072997
17019072998
17019072999
17019073000
17019073001
17019073002
17019073003
17019073004
17019073005
17019073006
17019073007
17019073008
17019073009
17019073010
17019073011
17019073012
17019073013
17019073014
17019073015
17019073016
17019073017
17019073018
17019073019
17019073020
17019073021
17019073022
17019073023
17019073024
17019073025
17019073026
17019073027
17019073028
17019073029
17019073030
17019073031
17019073032
17019073033
17019073034
17019073035
17019073036
17019073037
17019073038
17019073039
17019073040
17019073041
17019073042
17019073043
17019073044
17019073045
17019073046
17019073047
17019073048
17019073049
17019073050
17019073051
17019073052
17019073053
17019073054
17019073055
17019073056
17019073057
17019073058
17019073059
17019073060
17019073061
17019073062
17019073063
17019073064
17019073065
17019073066
17019073067
17019073068
17019073069
17019073070
27392269813
27392269814
27392269815
27392269816
27392269817
27392269818
27392269819
27392269820
27392269821
27392269822
27392269823
27392269824
27392269825
27392269826
27392269827
27392269828
27392269829
27392269830
27392269831
27392269832
27392269833
27392269834
27392269835
27392269836
27392269837
27392269838
27392269839
27392269840
27392269841
27392269842
27392269843
27392269844
27392269845
27392269846
27392269847
27392269848
27392269849
27392269850
27392269851
27392269852
27392269853
27392269854
27392269855
27392269856
27392269857
27392269858
27392269859
27392269860
27392269861
27392269862
27392269863
27392269864
27392269865
27392269866
27392269867
27392269868
27392269869
27392269870
27392269871
27392269872
27392269873
27392269874
27392269875
27392269876
27392269877
27392269878
27392269879
27392269880
27392269881
27392269882
27392269883
27392269884
27392269885
27392269886
27392269887
27392269888
27392269889
27392269890
27392269891
27392269892
27392269893
27392269894
27392269895
27392269896
27392269897
27392269898
27392269899
27392269900
27392269901
27392269902
27392269903
27392269904
27392269905
27392269906
27392269907
27392269908
27392269909
27392269910
27392269911
27392269912
24308470360
24308470361
24308470362
24308470363
24308470364
24308470365
24308470366
24308470367
24308470368
24308470369
24308470370
24308470371
24308470372
24308470373
24308470374
24308470375
24308470376
24308470377
24308470378
24308470379
24308470380
24308470381
24308470382
24308470383
24308470384
24308470385
24308470386
24308470387
24308470388
24308470389
24308470390
24308470391
24308470392
24308470393
24308470394
24308470395
24308470396
24308470397
24308470398
24308470399
24308470400
24308470401
24308470402
24308470403
24308470404
24308470405
24308470406
24308470407
24308470408
24308470409
24308470410
24308470411
24308470412
24308470413
24308470414
24308470415
24308470416
24308470417
24308470418
24308470419
24308470420
24308470421
24308470422
24308470423
24308470424
24308470425
24308470426
24308470427
24308470428
24308470429
24308470430
24308470431
24308470432
24308470433
24308470434
24308470435
24308470436
24308470437
24308470438
24308470439
24308470440
24308470441
24308470442
24308470443
24308470444
24308470445
24308470446
24308470447
24308470448
24308470449
24308470450
24308470451
24308470452
24308470453
24308470454
24308470455
24308470456
24308470457
24308470458
24308470459
29443224874
29443224875
29443224876
29443224877
29443224878
29443224879
29443224880
29443224881
29443224882
29443224883
29443224884
29443224885
29443224886
29443224887
29443224888
29443224889
29443224890
29443224891
29443224892
29443224893
29443224894
29443224895
29443224896
29443224897
29443224898
29443224899
29443224900
29443224901
29443224902
29443224903
29443224904
29443224905
29443224906
29443224907
29443224908
29443224909
29443224910
29443224911
29443224912
29443224913
29443224914
29443224915
29443224916
29443224917
29443224918
29443224919
29443224920
29443224921
29443224922
29443224923
29443224924
29443224925
29443224926
29443224927
29443224928
29443224929
29443224930
29443224931
29443224932
29443224933
29443224934
29443224935
29443224936
29443224937
29443224938
29443224939
29443224940
29443224941
29443224942
29443224943
29443224944
29443224945
29443224946
29443224947
29443224948
29443224949
29443224950
29443224951
29443224952
29443224953
29443224954
29443224955
29443224956
29443224957
29443224958
29443224959
29443224960
29443224961
29443224962
29443224963
29443224964
29443224965
29443224966
29443224967
29443224968
29443224969
29443224970
29443224971
29443224972
29443224973
18682602899
18682602900
18682602901
18682602902
18682602903
18682602904
18682602905
18682602906
18682602907
18682602908
18682602909
18682602910
18682602911
18682602912
18682602913
18682602914
18682602915
18682602916
18682602917
18682602918
18682602919
18682602920
18682602921
18682602922
18682602923
18682602924
18682602925
18682602926
18682602927
18682602928
18682602929
18682602930
18682602931
18682602932
18682602933
18682602934
18682602935
18682602936
18682602937
18682602938
18682602939
18682602940
18682602941
18682602942
18682602943
18682602944
18682602945
18682602946
18682602947
18682602948
18682602949
18682602950
18682602951
18682602952
18682602953
18682602954
18682602955
18682602956
18682602957
18682602958
18682602959
18682602960
18682602961
18682602962
18682602963
18682602964
18682602965
18682602966
18682602967
18682602968
18682602969
18682602970
18682602971
18682602972
18682602973
18682602974
18682602975
18682602976
18682602977
18682602978
18682602979
18682602980
18682602981
18682602982
18682602983
18682602984
18682602985
18682602986
18682602987
18682602988
18682602989
18682602990
18682602991
18682602992
18682602993
18682602994
18682602995
18682602996
18682602997
18682602998
24057516176
24057516177
24057516178
24057516179
24057516180
24057516181
24057516182
24057516183
24057516184
24057516185
24057516186
24057516187
24057516188
24057516189
24057516190
24057516191
24057516192
24057516193
24057516194
24057516195
24057516196
24057516197
24057516198
24057516199
24057516200
24057516201
24057516202
24057516203
24057516204
24057516205
24057516206
24057516207
24057516208
24057516209
24057516210
24057516211
24057516212
24057516213
24057516214
24057516215
24057516216
24057516217
24057516218
24057516219
24057516220
24057516221
24057516222
24057516223
24057516224
24057516225
24057516226
24057516227
24057516228
24057516229
24057516230
24057516231
24057516232
24057516233
24057516234
24057516235
24057516236
24057516237
24057516238
24057516239
24057516240
24057516241
24057516242
24057516243
24057516244
24057516245
24057516246
24057516247
24057516248
24057516249
24057516250
24057516251
24057516252
24057516253
24057516254
24057516255
24057516256
24057516257
24057516258
24057516259
24057516260
24057516261
24057516262
24057516263
24057516264
24057516265
24057516266
24057516267
24057516268
24057516269
24057516270
24057516271
24057516272
24057516273
24057516274
24057516275
17367473725
17367473726
17367473727
17367473728
17367473729
17367473730
17367473731
17367473732
17367473733
17367473734
17367473735
17367473736
17367473737
17367473738
17367473739
17367473740
17367473741
17367473742
17367473743
17367473744
17367473745
17367473746
17367473747
17367473748
17367473749
17367473750
17367473751
17367473752
17367473753
17367473754
17367473755
17367473756
17367473757
17367473758
17367473759
17367473760
17367473761
17367473762
17367473763
17367473764
17367473765
17367473766
17367473767
17367473768
17367473769
17367473770
17367473771
17367473772
17367473773
17367473774
17367473775
17367473776
17367473777
17367473778
17367473779
17367473780
17367473781
17367473782
17367473783
17367473784
17367473785
17367473786
17367473787
17367473788
17367473789
17367473790
17367473791
17367473792
17367473793
17367473794
17367473795
17367473796
17367473797
17367473798
17367473799
17367473800
17367473801
17367473802
17367473803
17367473804
17367473805
17367473806
17367473807
17367473808
17367473809
17367473810
17367473811
17367473812
17367473813
17367473814
17367473815
17367473816
17367473817
17367473818
17367473819
17367473820
17367473821
17367473822
17367473823
17367473824
22097541452
22097541453
22097541454
22097541455
22097541456
22097541457
22097541458
22097541459
22097541460
22097541461
22097541462
22097541463
22097541464
22097541465
22097541466
22097541467
22097541468
22097541469
22097541470
22097541471
22097541472
22097541473
22097541474
22097541475
22097541476
22097541477
22097541478
22097541479
22097541480
22097541481
22097541482
22097541483
22097541484
22097541485
22097541486
22097541487
22097541488
22097541489
22097541490
22097541491
22097541492
22097541493
22097541494
22097541495
22097541496
22097541497
22097541498
22097541499
22097541500
22097541501
22097541502
22097541503
22097541504
22097541505
22097541506
22097541507
22097541508
22097541509
22097541510
22097541511
22097541512
22097541513
22097541514
22097541515
22097541516
22097541517
22097541518
22097541519
22097541520
22097541521
22097541522
22097541523
22097541524
22097541525
22097541526
22097541527
22097541528
22097541529
22097541530
22097541531
22097541532
22097541533
22097541534
22097541535
22097541536
22097541537
22097541538
22097541539
22097541540
22097541541
22097541542
22097541543
22097541544
22097541545
22097541546
22097541547
22097541548
22097541549
22097541550
22097541551
26708723971
26708723972
26708723973
26708723974
26708723975
26708723976
26708723977
26708723978
26708723979
26708723980
26708723981
26708723982
26708723983
26708723984
26708723985
26708723986
26708723987
26708723988
26708723989
26708723990
26708723991
26708723992
26708723993
26708723994
26708723995
26708723996
26708723997
26708723998
26708723999
26708724000
26708724001
26708724002
26708724003
26708724004
26708724005
26708724006
26708724007
26708724008
26708724009
26708724010
26708724011
26708724012
26708724013
26708724014
26708724015
26708724016
26708724017
26708724018
26708724019
26708724020
26708724021
26708724022
26708724023
26708724024
26708724025
26708724026
26708724027
26708724028
26708724029
26708724030
26708724031
26708724032
26708724033
26708724034
26708724035
26708724036
26708724037
26708724038
26708724039
26708724040
26708724041
26708724042
26708724043
26708724044
26708724045
26708724046
26708724047
26708724048
26708724049
26708724050
26708724051
26708724052
26708724053
26708724054
26708724055
26708724056
26708724057
26708724058
26708724059
26708724060
26708724061
26708724062
26708724063
26708724064
26708724065
26708724066
26708724067
26708724068
26708724069
26708724070
16366049593
16366049594
16366049595
16366049596
16366049597
16366049598
16366049599
16366049600
16366049601
16366049602
16366049603
16366049604
16366049605
16366049606
16366049607
16366049608
16366049609
16366049610
16366049611
16366049612
16366049613
16366049614
16366049615
16366049616
16366049617
16366049618
16366049619
16366049620
16366049621
16366049622
16366049623
16366049624
16366049625
16366049626
16366049627
16366049628
16366049629
16366049630
16366049631
16366049632
16366049633
16366049634
16366049635
16366049636
16366049637
16366049638
16366049639
16366049640
16366049641
16366049642
16366049643
16366049644
16366049645
16366049646
16366049647
16366049648
16366049649
16366049650
16366049651
16366049652
16366049653
16366049654
16366049655
16366049656
16366049657
16366049658
16366049659
16366049660
16366049661
16366049662
16366049663
16366049664
16366049665
16366049666
16366049667
16366049668
16366049669
16366049670
16366049671
16366049672
16366049673
16366049674
16366049675
16366049676
16366049677
16366049678
16366049679
16366049680
16366049681
16366049682
16366049683
16366049684
16366049685
16366049686
16366049687
16366049688
16366049689
16366049690
16366049691
16366049692
28073913279
28073913280
28073913281
28073913282
28073913283
28073913284
28073913285
28073913286
28073913287
28073913288
28073913289
28073913290
28073913291
28073913292
28073913293
28073913294
28073913295
28073913296
28073913297
28073913298
28073913299
28073913300
28073913301
28073913302
28073913303
28073913304
28073913305
28073913306
28073913307
28073913308
28073913309
28073913310
28073913311
28073913312
28073913313
28073913314
28073913315
28073913316
28073913317
28073913318
28073913319
28073913320
28073913321
28073913322
28073913323
28073913324
28073913325
28073913326
28073913327
28073913328
28073913329
28073913330
28073913331
28073913332
28073913333
28073913334
28073913335
28073913336
28073913337
28073913338
28073913339
28073913340
28073913341
28073913342
28073913343
28073913344
28073913345
28073913346
28073913347
28073913348
28073913349
28073913350
28073913351
28073913352
28073913353
28073913354
28073913355
28073913356
28073913357
28073913358
28073913359
28073913360
28073913361
28073913362
28073913363
28073913364
28073913365
28073913366
28073913367
28073913368
28073913369
28073913370
28073913371
28073913372
28073913373
28073913374
28073913375
28073913376
28073913377
28073913378
18505567874
18505567875
18505567876
18505567877
18505567878
18505567879
18505567880
18505567881
18505567882
18505567883
18505567884
18505567885
18505567886
18505567887
18505567888
18505567889
18505567890
18505567891
18505567892
18505567893
18505567894
18505567895
18505567896
18505567897
18505567898
18505567899
18505567900
18505567901
18505567902
18505567903
18505567904
18505567905
18505567906
18505567907
18505567908
18505567909
18505567910
18505567911
18505567912
18505567913
18505567914
18505567915
18505567916
18505567917
18505567918
18505567919
18505567920
18505567921
18505567922
18505567923
18505567924
18505567925
18505567926
18505567927
18505567928
18505567929
18505567930
18505567931
18505567932
18505567933
18505567934
18505567935
18505567936
18505567937
18505567938
18505567939
18505567940
18505567941
18505567942
18505567943
18505567944
18505567945
18505567946
18505567947
18505567948
18505567949
18505567950
18505567951
18505567952
18505567953
18505567954
18505567955
18505567956
18505567957
18505567958
18505567959
18505567960
18505567961
18505567962
18505567963
18505567964
18505567965
18505567966
18505567967
18505567968
18505567969
18505567970
18505567971
18505567972
18505567973
25166096031
25166096032
25166096033
25166096034
25166096035
25166096036
25166096037
25166096038
25166096039
25166096040
25166096041
25166096042
25166096043
25166096044
25166096045
25166096046
25166096047
25166096048
25166096049
25166096050
25166096051
25166096052
25166096053
25166096054
25166096055
25166096056
25166096057
25166096058
25166096059
25166096060
25166096061
25166096062
25166096063
25166096064
25166096065
25166096066
25166096067
25166096068
25166096069
25166096070
25166096071
25166096072
25166096073
25166096074
25166096075
25166096076
25166096077
25166096078
25166096079
25166096080
25166096081
25166096082
25166096083
25166096084
25166096085
25166096086
25166096087
25166096088
25166096089
25166096090
25166096091
25166096092
25166096093
25166096094
25166096095
25166096096
25166096097
25166096098
25166096099
25166096100
25166096101
25166096102
25166096103
25166096104
25166096105
25166096106
25166096107
25166096108
25166096109
25166096110
25166096111
25166096112
25166096113
25166096114
25166096115
25166096116
25166096117
25166096118
25166096119
25166096120
25166096121
25166096122
25166096123
25166096124
25166096125
25166096126
25166096127
25166096128
25166096129
25166096130
20652077772
20652077773
20652077774
20652077775
20652077776
20652077777
20652077778
20652077779
20652077780
20652077781
20652077782
20652077783
20652077784
20652077785
20652077786
20652077787
20652077788
20652077789
20652077790
20652077791
20652077792
20652077793
20652077794
20652077795
20652077796
20652077797
20652077798
20652077799
20652077800
20652077801
20652077802
20652077803
20652077804
20652077805
20652077806
20652077807
20652077808
20652077809
20652077810
20652077811
20652077812
20652077813
20652077814
20652077815
20652077816
20652077817
20652077818
20652077819
20652077820
20652077821
20652077822
20652077823
20652077824
20652077825
20652077826
20652077827
20652077828
20652077829
20652077830
20652077831
20652077832
20652077833
20652077834
20652077835
20652077836
20652077837
20652077838
20652077839
20652077840
20652077841
20652077842
20652077843
20652077844
20652077845
20652077846
20652077847
20652077848
20652077849
20652077850
20652077851
20652077852
20652077853
20652077854
20652077855
20652077856
20652077857
20652077858
20652077859
20652077860
20652077861
20652077862
20652077863
20652077864
20652077865
20652077866
20652077867
20652077868
20652077869
20652077870
20652077871
18023503513
18023503514
18023503515
18023503516
18023503517
18023503518
18023503519
18023503520
18023503521
18023503522
18023503523
18023503524
18023503525
18023503526
18023503527
18023503528
18023503529
18023503530
18023503531
18023503532
18023503533
18023503534
18023503535
18023503536
18023503537
18023503538
18023503539
18023503540
18023503541
18023503542
18023503543
18023503544
18023503545
18023503546
18023503547
18023503548
18023503549
18023503550
18023503551
18023503552
18023503553
18023503554
18023503555
18023503556
18023503557
18023503558
18023503559
18023503560
18023503561
18023503562
18023503563
18023503564
18023503565
18023503566
18023503567
18023503568
18023503569
18023503570
18023503571
18023503572
18023503573
18023503574
18023503575
18023503576
18023503577
18023503578
18023503579
18023503580
18023503581
18023503582
18023503583
18023503584
18023503585
18023503586
18023503587
18023503588
18023503589
18023503590
18023503591
18023503592
18023503593
18023503594
18023503595
18023503596
18023503597
18023503598
18023503599
18023503600
18023503601
18023503602
18023503603
18023503604
18023503605
18023503606
18023503607
18023503608
18023503609
18023503610
18023503611
18023503612
29467713090
29467713091
29467713092
29467713093
29467713094
29467713095
29467713096
29467713097
29467713098
29467713099
29467713100
29467713101
29467713102
29467713103
29467713104
29467713105
29467713106
29467713107
29467713108
29467713109
29467713110
29467713111
29467713112
29467713113
29467713114
29467713115
29467713116
29467713117
29467713118
29467713119
29467713120
29467713121
29467713122
29467713123
29467713124
29467713125
29467713126
29467713127
29467713128
29467713129
29467713130
29467713131
29467713132
29467713133
29467713134
29467713135
29467713136
29467713137
29467713138
29467713139
29467713140
29467713141
29467713142
29467713143
29467713144
29467713145
29467713146
29467713147
29467713148
29467713149
29467713150
29467713151
29467713152
29467713153
29467713154
29467713155
29467713156
29467713157
29467713158
29467713159
29467713160
29467713161
29467713162
29467713163
29467713164
29467713165
29467713166
29467713167
29467713168
29467713169
29467713170
29467713171
29467713172
29467713173
29467713174
29467713175
29467713176
29467713177
29467713178
29467713179
29467713180
29467713181
29467713182
29467713183
29467713184
29467713185
29467713186
29467713187
29467713188
29467713189
17484871162
17484871163
17484871164
17484871165
17484871166
17484871167
17484871168
17484871169
17484871170
17484871171
17484871172
17484871173
17484871174
17484871175
17484871176
17484871177
17484871178
17484871179
17484871180
17484871181
17484871182
17484871183
17484871184
17484871185
17484871186
17484871187
17484871188
17484871189
17484871190
17484871191
17484871192
17484871193
17484871194
17484871195
17484871196
17484871197
17484871198
17484871199
17484871200
17484871201
17484871202
17484871203
17484871204
17484871205
17484871206
17484871207
17484871208
17484871209
17484871210
17484871211
17484871212
17484871213
17484871214
17484871215
17484871216
17484871217
17484871218
17484871219
17484871220
17484871221
17484871222
17484871223
17484871224
17484871225
17484871226
17484871227
17484871228
17484871229
17484871230
17484871231
17484871232
17484871233
17484871234
17484871235
17484871236
17484871237
17484871238
17484871239
17484871240
17484871241
17484871242
17484871243
17484871244
17484871245
17484871246
17484871247
17484871248
17484871249
17484871250
17484871251
17484871252
17484871253
17484871254
17484871255
17484871256
17484871257
17484871258
17484871259
17484871260
17484871261
16110476205
16110476206
16110476207
16110476208
16110476209
16110476210
16110476211
16110476212
16110476213
16110476214
16110476215
16110476216
16110476217
16110476218
16110476219
16110476220
16110476221
16110476222
16110476223
16110476224
16110476225
16110476226
16110476227
16110476228
16110476229
16110476230
16110476231
16110476232
16110476233
16110476234
16110476235
16110476236
16110476237
16110476238
16110476239
16110476240
16110476241
16110476242
16110476243
16110476244
16110476245
16110476246
16110476247
16110476248
16110476249
16110476250
16110476251
16110476252
16110476253
16110476254
16110476255
16110476256
16110476257
16110476258
16110476259
16110476260
16110476261
16110476262
16110476263
16110476264
16110476265
16110476266
16110476267
16110476268
16110476269
16110476270
16110476271
16110476272
16110476273
16110476274
16110476275
16110476276
16110476277
16110476278
16110476279
16110476280
16110476281
16110476282
16110476283
16110476284
16110476285
16110476286
16110476287
16110476288
16110476289
16110476290
16110476291
16110476292
16110476293
16110476294
16110476295
16110476296
16110476297
16110476298
16110476299
16110476300
16110476301
16110476302
16110476303
16110476304
21168777470
21168777471
21168777472
21168777473
21168777474
21168777475
21168777476
21168777477
21168777478
21168777479
21168777480
21168777481
21168777482
21168777483
21168777484
21168777485
21168777486
21168777487
21168777488
21168777489
21168777490
21168777491
21168777492
21168777493
21168777494
21168777495
21168777496
21168777497
21168777498
21168777499
21168777500
21168777501
21168777502
21168777503
21168777504
21168777505
21168777506
21168777507
21168777508
21168777509
21168777510
21168777511
21168777512
21168777513
21168777514
21168777515
21168777516
21168777517
21168777518
21168777519
21168777520
21168777521
21168777522
21168777523
21168777524
21168777525
21168777526
21168777527
21168777528
21168777529
21168777530
21168777531
21168777532
21168777533
21168777534
21168777535
21168777536
21168777537
21168777538
21168777539
21168777540
21168777541
21168777542
21168777543
21168777544
21168777545
21168777546
21168777547
21168777548
21168777549
21168777550
21168777551
21168777552
21168777553
21168777554
21168777555
21168777556
21168777557
21168777558
21168777559
21168777560
21168777561
21168777562
21168777563
21168777564
21168777565
21168777566
21168777567
21168777568
21168777569
14815339799
14815339800
14815339801
14815339802
14815339803
14815339804
14815339805
14815339806
14815339807
14815339808
14815339809
14815339810
14815339811
14815339812
14815339813
14815339814
14815339815
14815339816
14815339817
14815339818
14815339819
14815339820
14815339821
14815339822
14815339823
14815339824
14815339825
14815339826
14815339827
14815339828
14815339829
14815339830
14815339831
14815339832
14815339833
14815339834
14815339835
14815339836
14815339837
14815339838
14815339839
14815339840
14815339841
14815339842
14815339843
14815339844
14815339845
14815339846
14815339847
14815339848
14815339849
14815339850
14815339851
14815339852
14815339853
14815339854
14815339855
14815339856
14815339857
14815339858
14815339859
14815339860
14815339861
14815339862
14815339863
14815339864
14815339865
14815339866
14815339867
14815339868
14815339869
14815339870
14815339871
14815339872
14815339873
14815339874
14815339875
14815339876
14815339877
14815339878
14815339879
14815339880
14815339881
14815339882
14815339883
14815339884
14815339885
14815339886
14815339887
14815339888
14815339889
14815339890
14815339891
14815339892
14815339893
14815339894
14815339895
14815339896
14815339897
14815339898
27271891875
27271891876
27271891877
27271891878
27271891879
27271891880
27271891881
27271891882
27271891883
27271891884
27271891885
27271891886
27271891887
27271891888
27271891889
27271891890
27271891891
27271891892
27271891893
27271891894
27271891895
27271891896
27271891897
27271891898
27271891899
27271891900
27271891901
27271891902
27271891903
27271891904
27271891905
27271891906
27271891907
27271891908
27271891909
27271891910
27271891911
27271891912
27271891913
27271891914
27271891915
27271891916
27271891917
27271891918
27271891919
27271891920
27271891921
27271891922
27271891923
27271891924
27271891925
27271891926
27271891927
27271891928
27271891929
27271891930
27271891931
27271891932
27271891933
27271891934
27271891935
27271891936
27271891937
27271891938
27271891939
27271891940
27271891941
27271891942
27271891943
27271891944
27271891945
27271891946
27271891947
27271891948
27271891949
27271891950
27271891951
27271891952
27271891953
27271891954
27271891955
27271891956
27271891957
27271891958
27271891959
27271891960
27271891961
27271891962
27271891963
27271891964
27271891965
27271891966
27271891967
27271891968
27271891969
27271891970
27271891971
27271891972
27271891973
27271891974
24578066751
24578066752
24578066753
24578066754
24578066755
24578066756
24578066757
24578066758
24578066759
24578066760
24578066761
24578066762
24578066763
24578066764
24578066765
24578066766
24578066767
24578066768
24578066769
24578066770
24578066771
24578066772
24578066773
24578066774
24578066775
24578066776
24578066777
24578066778
24578066779
24578066780
24578066781
24578066782
24578066783
24578066784
24578066785
24578066786
24578066787
24578066788
24578066789
24578066790
24578066791
24578066792
24578066793
24578066794
24578066795
24578066796
24578066797
24578066798
24578066799
24578066800
24578066801
24578066802
24578066803
24578066804
24578066805
24578066806
24578066807
24578066808
24578066809
24578066810
24578066811
24578066812
24578066813
24578066814
24578066815
24578066816
24578066817
24578066818
24578066819
24578066820
24578066821
24578066822
24578066823
24578066824
24578066825
24578066826
24578066827
24578066828
24578066829
24578066830
24578066831
24578066832
24578066833
24578066834
24578066835
24578066836
24578066837
24578066838
24578066839
24578066840
24578066841
24578066842
24578066843
24578066844
24578066845
24578066846
24578066847
24578066848
24578066849
24578066850
14938221944
14938221945
14938221946
14938221947
14938221948
14938221949
14938221950
14938221951
14938221952
14938221953
14938221954
14938221955
14938221956
14938221957
14938221958
14938221959
14938221960
14938221961
14938221962
14938221963
14938221964
14938221965
14938221966
14938221967
14938221968
14938221969
14938221970
14938221971
14938221972
14938221973
14938221974
14938221975
14938221976
14938221977
14938221978
14938221979
14938221980
14938221981
14938221982
14938221983
14938221984
14938221985
14938221986
14938221987
14938221988
14938221989
14938221990
14938221991
14938221992
14938221993
14938221994
14938221995
14938221996
14938221997
14938221998
14938221999
14938222000
14938222001
14938222002
14938222003
14938222004
14938222005
14938222006
14938222007
14938222008
14938222009
14938222010
14938222011
14938222012
14938222013
14938222014
14938222015
14938222016
14938222017
14938222018
14938222019
14938222020
14938222021
14938222022
14938222023
14938222024
14938222025
14938222026
14938222027
14938222028
14938222029
14938222030
14938222031
14938222032
14938222033
14938222034
14938222035
14938222036
14938222037
14938222038
14938222039
14938222040
14938222041
14938222042
14938222043
15349651555
15349651556
15349651557
15349651558
15349651559
15349651560
15349651561
15349651562
15349651563
15349651564
15349651565
15349651566
15349651567
15349651568
15349651569
15349651570
15349651571
15349651572
15349651573
15349651574
15349651575
15349651576
15349651577
15349651578
15349651579
15349651580
15349651581
15349651582
15349651583
15349651584
15349651585
15349651586
15349651587
15349651588
15349651589
15349651590
15349651591
15349651592
15349651593
15349651594
15349651595
15349651596
15349651597
15349651598
15349651599
15349651600
15349651601
15349651602
15349651603
15349651604
15349651605
15349651606
15349651607
15349651608
15349651609
15349651610
15349651611
15349651612
15349651613
15349651614
15349651615
15349651616
15349651617
15349651618
15349651619
15349651620
15349651621
15349651622
15349651623
15349651624
15349651625
15349651626
15349651627
15349651628
15349651629
15349651630
15349651631
15349651632
15349651633
15349651634
15349651635
15349651636
15349651637
15349651638
15349651639
15349651640
15349651641
15349651642
15349651643
15349651644
15349651645
15349651646
15349651647
15349651648
15349651649
15349651650
15349651651
15349651652
15349651653
15349651654
15719375896
15719375897
15719375898
15719375899
15719375900
15719375901
15719375902
15719375903
15719375904
15719375905
15719375906
15719375907
15719375908
15719375909
15719375910
15719375911
15719375912
15719375913
15719375914
15719375915
15719375916
15719375917
15719375918
15719375919
15719375920
15719375921
15719375922
15719375923
15719375924
15719375925
15719375926
15719375927
15719375928
15719375929
15719375930
15719375931
15719375932
15719375933
15719375934
15719375935
15719375936
15719375937
15719375938
15719375939
15719375940
15719375941
15719375942
15719375943
15719375944
15719375945
15719375946
15719375947
15719375948
15719375949
15719375950
15719375951
15719375952
15719375953
15719375954
15719375955
15719375956
15719375957
15719375958
15719375959
15719375960
15719375961
15719375962
15719375963
15719375964
15719375965
15719375966
15719375967
15719375968
15719375969
15719375970
15719375971
15719375972
15719375973
15719375974
15719375975
15719375976
15719375977
15719375978
15719375979
15719375980
15719375981
15719375982
15719375983
15719375984
15719375985
15719375986
15719375987
15719375988
15719375989
15719375990
15719375991
15719375992
15719375993
15719375994
15719375995
14866971087
14866971088
14866971089
14866971090
14866971091
14866971092
14866971093
14866971094
14866971095
14866971096
14866971097
14866971098
14866971099
14866971100
14866971101
14866971102
14866971103
14866971104
14866971105
14866971106
14866971107
14866971108
14866971109
14866971110
14866971111
14866971112
14866971113
14866971114
14866971115
14866971116
14866971117
14866971118
14866971119
14866971120
14866971121
14866971122
14866971123
14866971124
14866971125
14866971126
14866971127
14866971128
14866971129
14866971130
14866971131
14866971132
14866971133
14866971134
14866971135
14866971136
14866971137
14866971138
14866971139
14866971140
14866971141
14866971142
14866971143
14866971144
14866971145
14866971146
14866971147
14866971148
14866971149
14866971150
14866971151
14866971152
14866971153
14866971154
14866971155
14866971156
14866971157
14866971158
14866971159
14866971160
14866971161
14866971162
14866971163
14866971164
14866971165
14866971166
14866971167
14866971168
14866971169
14866971170
14866971171
14866971172
14866971173
14866971174
14866971175
14866971176
14866971177
14866971178
14866971179
14866971180
14866971181
14866971182
14866971183
14866971184
14866971185
14866971186
16106931688
16106931689
16106931690
16106931691
16106931692
16106931693
16106931694
16106931695
16106931696
16106931697
16106931698
16106931699
16106931700
16106931701
16106931702
16106931703
16106931704
16106931705
16106931706
16106931707
16106931708
16106931709
16106931710
16106931711
16106931712
16106931713
16106931714
16106931715
16106931716
16106931717
16106931718
16106931719
16106931720
16106931721
16106931722
16106931723
16106931724
16106931725
16106931726
16106931727
16106931728
16106931729
16106931730
16106931731
16106931732
16106931733
16106931734
16106931735
16106931736
16106931737
16106931738
16106931739
16106931740
16106931741
16106931742
16106931743
16106931744
16106931745
16106931746
16106931747
16106931748
16106931749
16106931750
16106931751
16106931752
16106931753
16106931754
16106931755
16106931756
16106931757
16106931758
16106931759
16106931760
16106931761
16106931762
16106931763
16106931764
16106931765
16106931766
16106931767
16106931768
16106931769
16106931770
16106931771
16106931772
16106931773
16106931774
16106931775
16106931776
16106931777
16106931778
16106931779
16106931780
16106931781
16106931782
16106931783
16106931784
16106931785
16106931786
16106931787
16881152500
16881152501
16881152502
16881152503
16881152504
16881152505
16881152506
16881152507
16881152508
16881152509
16881152510
16881152511
16881152512
16881152513
16881152514
16881152515
16881152516
16881152517
16881152518
16881152519
16881152520
16881152521
16881152522
16881152523
16881152524
16881152525
16881152526
16881152527
16881152528
16881152529
16881152530
16881152531
16881152532
16881152533
16881152534
16881152535
16881152536
16881152537
16881152538
16881152539
16881152540
16881152541
16881152542
16881152543
16881152544
16881152545
16881152546
16881152547
16881152548
16881152549
16881152550
16881152551
16881152552
16881152553
16881152554
16881152555
16881152556
16881152557
16881152558
16881152559
16881152560
16881152561
16881152562
16881152563
16881152564
16881152565
16881152566
16881152567
16881152568
16881152569
16881152570
16881152571
16881152572
16881152573
16881152574
16881152575
16881152576
16881152577
16881152578
16881152579
16881152580
16881152581
16881152582
16881152583
16881152584
16881152585
16881152586
16881152587
16881152588
16881152589
16881152590
16881152591
16881152592
16881152593
16881152594
16881152595
16881152596
16881152597
16881152598
16881152599
18158448994
18158448995
18158448996
18158448997
18158448998
18158448999
18158449000
18158449001
18158449002
18158449003
18158449004
18158449005
18158449006
18158449007
18158449008
18158449009
18158449010
18158449011
18158449012
18158449013
18158449014
18158449015
18158449016
18158449017
18158449018
18158449019
18158449020
18158449021
18158449022
18158449023
18158449024
18158449025
18158449026
18158449027
18158449028
18158449029
18158449030
18158449031
18158449032
18158449033
18158449034
18158449035
18158449036
18158449037
18158449038
18158449039
18158449040
18158449041
18158449042
18158449043
18158449044
18158449045
18158449046
18158449047
18158449048
18158449049
18158449050
18158449051
18158449052
18158449053
18158449054
18158449055
18158449056
18158449057
18158449058
18158449059
18158449060
18158449061
18158449062
18158449063
18158449064
18158449065
18158449066
18158449067
18158449068
18158449069
18158449070
18158449071
18158449072
18158449073
18158449074
18158449075
18158449076
18158449077
18158449078
18158449079
18158449080
18158449081
18158449082
18158449083
18158449084
18158449085
18158449086
18158449087
18158449088
18158449089
18158449090
18158449091
18158449092
18158449093
17131270363
17131270364
17131270365
17131270366
17131270367
17131270368
17131270369
17131270370
17131270371
17131270372
17131270373
17131270374
17131270375
17131270376
17131270377
17131270378
17131270379
17131270380
17131270381
17131270382
17131270383
17131270384
17131270385
17131270386
17131270387
17131270388
17131270389
17131270390
17131270391
17131270392
17131270393
17131270394
17131270395
17131270396
17131270397
17131270398
17131270399
17131270400
17131270401
17131270402
17131270403
17131270404
17131270405
17131270406
17131270407
17131270408
17131270409
17131270410
17131270411
17131270412
17131270413
17131270414
17131270415
17131270416
17131270417
17131270418
17131270419
17131270420
17131270421
17131270422
17131270423
17131270424
17131270425
17131270426
17131270427
17131270428
17131270429
17131270430
17131270431
17131270432
17131270433
17131270434
17131270435
17131270436
17131270437
17131270438
17131270439
17131270440
17131270441
17131270442
17131270443
17131270444
17131270445
17131270446
17131270447
17131270448
17131270449
17131270450
17131270451
17131270452
17131270453
17131270454
17131270455
17131270456
17131270457
17131270458
17131270459
17131270460
17131270461
17131270462
15701413489
15701413490
15701413491
15701413492
15701413493
15701413494
15701413495
15701413496
15701413497
15701413498
15701413499
15701413500
15701413501
15701413502
15701413503
15701413504
15701413505
15701413506
15701413507
15701413508
15701413509
15701413510
15701413511
15701413512
15701413513
15701413514
15701413515
15701413516
15701413517
15701413518
15701413519
15701413520
15701413521
15701413522
15701413523
15701413524
15701413525
15701413526
15701413527
15701413528
15701413529
15701413530
15701413531
15701413532
15701413533
15701413534
15701413535
15701413536
15701413537
15701413538
15701413539
15701413540
15701413541
15701413542
15701413543
15701413544
15701413545
15701413546
15701413547
15701413548
15701413549
15701413550
15701413551
15701413552
15701413553
15701413554
15701413555
15701413556
15701413557
15701413558
15701413559
15701413560
15701413561
15701413562
15701413563
15701413564
15701413565
15701413566
15701413567
15701413568
15701413569
15701413570
15701413571
15701413572
15701413573
15701413574
15701413575
15701413576
15701413577
15701413578
15701413579
15701413580
15701413581
15701413582
15701413583
15701413584
15701413585
15701413586
15701413587
15701413588
17672070359
17672070360
17672070361
17672070362
17672070363
17672070364
17672070365
17672070366
17672070367
17672070368
17672070369
17672070370
17672070371
17672070372
17672070373
17672070374
17672070375
17672070376
17672070377
17672070378
17672070379
17672070380
17672070381
17672070382
17672070383
17672070384
17672070385
17672070386
17672070387
17672070388
17672070389
17672070390
17672070391
17672070392
17672070393
17672070394
17672070395
17672070396
17672070397
17672070398
17672070399
17672070400
17672070401
17672070402
17672070403
17672070404
17672070405
17672070406
17672070407
17672070408
17672070409
17672070410
17672070411
17672070412
17672070413
17672070414
17672070415
17672070416
17672070417
17672070418
17672070419
17672070420
17672070421
17672070422
17672070423
17672070424
17672070425
17672070426
17672070427
17672070428
17672070429
17672070430
17672070431
17672070432
17672070433
17672070434
17672070435
17672070436
17672070437
17672070438
17672070439
17672070440
17672070441
17672070442
17672070443
17672070444
17672070445
17672070446
17672070447
17672070448
17672070449
17672070450
17672070451
17672070452
17672070453
17672070454
17672070455
17672070456
17672070457
17672070458
19278604605
19278604606
19278604607
19278604608
19278604609
19278604610
19278604611
19278604612
19278604613
19278604614
19278604615
19278604616
19278604617
19278604618
19278604619
19278604620
19278604621
19278604622
19278604623
19278604624
19278604625
19278604626
19278604627
19278604628
19278604629
19278604630
19278604631
19278604632
19278604633
19278604634
19278604635
19278604636
19278604637
19278604638
19278604639
19278604640
19278604641
19278604642
19278604643
19278604644
19278604645
19278604646
19278604647
19278604648
19278604649
19278604650
19278604651
19278604652
19278604653
19278604654
19278604655
19278604656
19278604657
19278604658
19278604659
19278604660
19278604661
19278604662
19278604663
19278604664
19278604665
19278604666
19278604667
19278604668
19278604669
19278604670
19278604671
19278604672
19278604673
19278604674
19278604675
19278604676
19278604677
19278604678
19278604679
19278604680
19278604681
19278604682
19278604683
19278604684
19278604685
19278604686
19278604687
19278604688
19278604689
19278604690
19278604691
19278604692
19278604693
19278604694
19278604695
19278604696
19278604697
19278604698
19278604699
19278604700
19278604701
19278604702
19278604703
19278604704
19490912451
19490912452
19490912453
19490912454
19490912455
19490912456
19490912457
19490912458
19490912459
19490912460
19490912461
19490912462
19490912463
19490912464
19490912465
19490912466
19490912467
19490912468
19490912469
19490912470
19490912471
19490912472
19490912473
19490912474
19490912475
19490912476
19490912477
19490912478
19490912479
19490912480
19490912481
19490912482
19490912483
19490912484
19490912485
19490912486
19490912487
19490912488
19490912489
19490912490
19490912491
19490912492
19490912493
19490912494
19490912495
19490912496
19490912497
19490912498
19490912499
19490912500
19490912501
19490912502
19490912503
19490912504
19490912505
19490912506
19490912507
19490912508
19490912509
19490912510
19490912511
19490912512
19490912513
19490912514
19490912515
19490912516
19490912517
19490912518
19490912519
19490912520
19490912521
19490912522
19490912523
19490912524
19490912525
19490912526
19490912527
19490912528
19490912529
19490912530
19490912531
19490912532
19490912533
19490912534
19490912535
19490912536
19490912537
19490912538
19490912539
19490912540
19490912541
19490912542
19490912543
19490912544
19490912545
19490912546
19490912547
19490912548
19490912549
19490912550
20918434965
20918434966
20918434967
20918434968
20918434969
20918434970
20918434971
20918434972
20918434973
20918434974
20918434975
20918434976
20918434977
20918434978
20918434979
20918434980
20918434981
20918434982
20918434983
20918434984
20918434985
20918434986
20918434987
20918434988
20918434989
20918434990
20918434991
20918434992
20918434993
20918434994
20918434995
20918434996
20918434997
20918434998
20918434999
20918435000
20918435001
20918435002
20918435003
20918435004
20918435005
20918435006
20918435007
20918435008
20918435009
20918435010
20918435011
20918435012
20918435013
20918435014
20918435015
20918435016
20918435017
20918435018
20918435019
20918435020
20918435021
20918435022
20918435023
20918435024
20918435025
20918435026
20918435027
20918435028
20918435029
20918435030
20918435031
20918435032
20918435033
20918435034
20918435035
20918435036
20918435037
20918435038
20918435039
20918435040
20918435041
20918435042
20918435043
20918435044
20918435045
20918435046
20918435047
20918435048
20918435049
20918435050
20918435051
20918435052
20918435053
20918435054
20918435055
20918435056
20918435057
20918435058
20918435059
20918435060
20918435061
20918435062
20918435063
20918435064
20694762682
20694762683
20694762684
20694762685
20694762686
20694762687
20694762688
20694762689
20694762690
20694762691
20694762692
20694762693
20694762694
20694762695
20694762696
20694762697
20694762698
20694762699
20694762700
20694762701
20694762702
20694762703
20694762704
20694762705
20694762706
20694762707
20694762708
20694762709
20694762710
20694762711
20694762712
20694762713
20694762714
20694762715
20694762716
20694762717
20694762718
20694762719
20694762720
20694762721
20694762722
20694762723
20694762724
20694762725
20694762726
20694762727
20694762728
20694762729
20694762730
20694762731
20694762732
20694762733
20694762734
20694762735
20694762736
20694762737
20694762738
20694762739
20694762740
20694762741
20694762742
20694762743
20694762744
20694762745
20694762746
20694762747
20694762748
20694762749
20694762750
20694762751
20694762752
20694762753
20694762754
20694762755
20694762756
20694762757
20694762758
20694762759
20694762760
20694762761
20694762762
20694762763
20694762764
20694762765
20694762766
20694762767
20694762768
20694762769
20694762770
20694762771
20694762772
20694762773
20694762774
20694762775
20694762776
20694762777
20694762778
20694762779
20694762780
20694762781
15200441737
15200441738
15200441739
15200441740
15200441741
15200441742
15200441743
15200441744
15200441745
15200441746
15200441747
15200441748
15200441749
15200441750
15200441751
15200441752
15200441753
15200441754
15200441755
15200441756
15200441757
15200441758
15200441759
15200441760
15200441761
15200441762
15200441763
15200441764
15200441765
15200441766
15200441767
15200441768
15200441769
15200441770
15200441771
15200441772
15200441773
15200441774
15200441775
15200441776
15200441777
15200441778
15200441779
15200441780
15200441781
15200441782
15200441783
15200441784
15200441785
15200441786
15200441787
15200441788
15200441789
15200441790
15200441791
15200441792
15200441793
15200441794
15200441795
15200441796
15200441797
15200441798
15200441799
15200441800
15200441801
15200441802
15200441803
15200441804
15200441805
15200441806
15200441807
15200441808
15200441809
15200441810
15200441811
15200441812
15200441813
15200441814
15200441815
15200441816
15200441817
15200441818
15200441819
15200441820
15200441821
15200441822
15200441823
15200441824
15200441825
15200441826
15200441827
15200441828
15200441829
15200441830
15200441831
15200441832
15200441833
15200441834
15200441835
15200441836
14893259737
14893259738
14893259739
14893259740
14893259741
14893259742
14893259743
14893259744
14893259745
14893259746
14893259747
14893259748
14893259749
14893259750
14893259751
14893259752
14893259753
14893259754
14893259755
14893259756
14893259757
14893259758
14893259759
14893259760
14893259761
14893259762
14893259763
14893259764
14893259765
14893259766
14893259767
14893259768
14893259769
14893259770
14893259771
14893259772
14893259773
14893259774
14893259775
14893259776
14893259777
14893259778
14893259779
14893259780
14893259781
14893259782
14893259783
14893259784
14893259785
14893259786
14893259787
14893259788
14893259789
14893259790
14893259791
14893259792
14893259793
14893259794
14893259795
14893259796
14893259797
14893259798
14893259799
14893259800
14893259801
14893259802
14893259803
14893259804
14893259805
14893259806
14893259807
14893259808
14893259809
14893259810
14893259811
14893259812
14893259813
14893259814
14893259815
14893259816
14893259817
14893259818
14893259819
14893259820
14893259821
14893259822
14893259823
14893259824
14893259825
14893259826
14893259827
14893259828
14893259829
14893259830
14893259831
14893259832
14893259833
14893259834
14893259835
14893259836
21839979605
21839979606
21839979607
21839979608
21839979609
21839979610
21839979611
21839979612
21839979613
21839979614
21839979615
21839979616
21839979617
21839979618
21839979619
21839979620
21839979621
21839979622
21839979623
21839979624
21839979625
21839979626
21839979627
21839979628
21839979629
21839979630
21839979631
21839979632
21839979633
21839979634
21839979635
21839979636
21839979637
21839979638
21839979639
21839979640
21839979641
21839979642
21839979643
21839979644
21839979645
21839979646
21839979647
21839979648
21839979649
21839979650
21839979651
21839979652
21839979653
21839979654
21839979655
21839979656
21839979657
21839979658
21839979659
21839979660
21839979661
21839979662
21839979663
21839979664
21839979665
21839979666
21839979667
21839979668
21839979669
21839979670
21839979671
21839979672
21839979673
21839979674
21839979675
21839979676
21839979677
21839979678
21839979679
21839979680
21839979681
21839979682
21839979683
21839979684
21839979685
21839979686
21839979687
21839979688
21839979689
21839979690
21839979691
21839979692
21839979693
21839979694
21839979695
21839979696
21839979697
21839979698
21839979699
21839979700
21839979701
21839979702
21839979703
21839979704
23963583432
23963583433
23963583434
23963583435
23963583436
23963583437
23963583438
23963583439
23963583440
23963583441
23963583442
23963583443
23963583444
23963583445
23963583446
23963583447
23963583448
23963583449
23963583450
23963583451
23963583452
23963583453
23963583454
23963583455
23963583456
23963583457
23963583458
23963583459
23963583460
23963583461
23963583462
23963583463
23963583464
23963583465
23963583466
23963583467
23963583468
23963583469
23963583470
23963583471
23963583472
23963583473
23963583474
23963583475
23963583476
23963583477
23963583478
23963583479
23963583480
23963583481
23963583482
23963583483
23963583484
23963583485
23963583486
23963583487
23963583488
23963583489
23963583490
23963583491
23963583492
23963583493
23963583494
23963583495
23963583496
23963583497
23963583498
23963583499
23963583500
23963583501
23963583502
23963583503
23963583504
23963583505
23963583506
23963583507
23963583508
23963583509
23963583510
23963583511
23963583512
23963583513
23963583514
23963583515
23963583516
23963583517
23963583518
23963583519
23963583520
23963583521
23963583522
23963583523
23963583524
23963583525
23963583526
23963583527
23963583528
23963583529
23963583530
23963583531
15529739178
15529739179
15529739180
15529739181
15529739182
15529739183
15529739184
15529739185
15529739186
15529739187
15529739188
15529739189
15529739190
15529739191
15529739192
15529739193
15529739194
15529739195
15529739196
15529739197
15529739198
15529739199
15529739200
15529739201
15529739202
15529739203
15529739204
15529739205
15529739206
15529739207
15529739208
15529739209
15529739210
15529739211
15529739212
15529739213
15529739214
15529739215
15529739216
15529739217
15529739218
15529739219
15529739220
15529739221
15529739222
15529739223
15529739224
15529739225
15529739226
15529739227
15529739228
15529739229
15529739230
15529739231
15529739232
15529739233
15529739234
15529739235
15529739236
15529739237
15529739238
15529739239
15529739240
15529739241
15529739242
15529739243
15529739244
15529739245
15529739246
15529739247
15529739248
15529739249
15529739250
15529739251
15529739252
15529739253
15529739254
15529739255
15529739256
15529739257
15529739258
15529739259
15529739260
15529739261
15529739262
15529739263
15529739264
15529739265
15529739266
15529739267
15529739268
15529739269
15529739270
15529739271
15529739272
15529739273
15529739274
15529739275
15529739276
15529739277
27257869382
27257869383
27257869384
27257869385
27257869386
27257869387
27257869388
27257869389
27257869390
27257869391
27257869392
27257869393
27257869394
27257869395
27257869396
27257869397
27257869398
27257869399
27257869400
27257869401
27257869402
27257869403
27257869404
27257869405
27257869406
27257869407
27257869408
27257869409
27257869410
27257869411
27257869412
27257869413
27257869414
27257869415
27257869416
27257869417
27257869418
27257869419
27257869420
27257869421
27257869422
27257869423
27257869424
27257869425
27257869426
27257869427
27257869428
27257869429
27257869430
27257869431
27257869432
27257869433
27257869434
27257869435
27257869436
27257869437
27257869438
27257869439
27257869440
27257869441
27257869442
27257869443
27257869444
27257869445
27257869446
27257869447
27257869448
27257869449
27257869450
27257869451
27257869452
27257869453
27257869454
27257869455
27257869456
27257869457
27257869458
27257869459
27257869460
27257869461
27257869462
27257869463
27257869464
27257869465
27257869466
27257869467
27257869468
27257869469
27257869470
27257869471
27257869472
27257869473
27257869474
27257869475
27257869476
27257869477
27257869478
27257869479
27257869480
27257869481
22027359456
22027359457
22027359458
22027359459
22027359460
22027359461
22027359462
22027359463
22027359464
22027359465
22027359466
22027359467
22027359468
22027359469
22027359470
22027359471
22027359472
22027359473
22027359474
22027359475
22027359476
22027359477
22027359478
22027359479
22027359480
22027359481
22027359482
22027359483
22027359484
22027359485
22027359486
22027359487
22027359488
22027359489
22027359490
22027359491
22027359492
22027359493
22027359494
22027359495
22027359496
22027359497
22027359498
22027359499
22027359500
22027359501
22027359502
22027359503
22027359504
22027359505
22027359506
22027359507
22027359508
22027359509
22027359510
22027359511
22027359512
22027359513
22027359514
22027359515
22027359516
22027359517
22027359518
22027359519
22027359520
22027359521
22027359522
22027359523
22027359524
22027359525
22027359526
22027359527
22027359528
22027359529
22027359530
22027359531
22027359532
22027359533
22027359534
22027359535
22027359536
22027359537
22027359538
22027359539
22027359540
22027359541
22027359542
22027359543
22027359544
22027359545
22027359546
22027359547
22027359548
22027359549
22027359550
22027359551
22027359552
22027359553
22027359554
22027359555
16787278622
16787278623
16787278624
16787278625
16787278626
16787278627
16787278628
16787278629
16787278630
16787278631
16787278632
16787278633
16787278634
16787278635
16787278636
16787278637
16787278638
16787278639
16787278640
16787278641
16787278642
16787278643
16787278644
16787278645
16787278646
16787278647
16787278648
16787278649
16787278650
16787278651
16787278652
16787278653
16787278654
16787278655
16787278656
16787278657
16787278658
16787278659
16787278660
16787278661
16787278662
16787278663
16787278664
16787278665
16787278666
16787278667
16787278668
16787278669
16787278670
16787278671
16787278672
16787278673
16787278674
16787278675
16787278676
16787278677
16787278678
16787278679
16787278680
16787278681
16787278682
16787278683
16787278684
16787278685
16787278686
16787278687
16787278688
16787278689
16787278690
16787278691
16787278692
16787278693
16787278694
16787278695
16787278696
16787278697
16787278698
16787278699
16787278700
16787278701
16787278702
16787278703
16787278704
16787278705
16787278706
16787278707
16787278708
16787278709
16787278710
16787278711
16787278712
16787278713
16787278714
16787278715
16787278716
16787278717
16787278718
16787278719
16787278720
16787278721
20010011457
20010011458
20010011459
20010011460
20010011461
20010011462
20010011463
20010011464
20010011465
20010011466
20010011467
20010011468
20010011469
20010011470
20010011471
20010011472
20010011473
20010011474
20010011475
20010011476
20010011477
20010011478
20010011479
20010011480
20010011481
20010011482
20010011483
20010011484
20010011485
20010011486
20010011487
20010011488
20010011489
20010011490
20010011491
20010011492
20010011493
20010011494
20010011495
20010011496
20010011497
20010011498
20010011499
20010011500
20010011501
20010011502
20010011503
20010011504
20010011505
20010011506
20010011507
20010011508
20010011509
20010011510
20010011511
20010011512
20010011513
20010011514
20010011515
20010011516
20010011517
20010011518
20010011519
20010011520
20010011521
20010011522
20010011523
20010011524
20010011525
20010011526
20010011527
20010011528
20010011529
20010011530
20010011531
20010011532
20010011533
20010011534
20010011535
20010011536
20010011537
20010011538
20010011539
20010011540
20010011541
20010011542
20010011543
20010011544
20010011545
20010011546
20010011547
20010011548
20010011549
20010011550
20010011551
20010011552
20010011553
20010011554
20010011555
20010011556
26268194480
26268194481
26268194482
26268194483
26268194484
26268194485
26268194486
26268194487
26268194488
26268194489
26268194490
26268194491
26268194492
26268194493
26268194494
26268194495
26268194496
26268194497
26268194498
26268194499
26268194500
26268194501
26268194502
26268194503
26268194504
26268194505
26268194506
26268194507
26268194508
26268194509
26268194510
26268194511
26268194512
26268194513
26268194514
26268194515
26268194516
26268194517
26268194518
26268194519
26268194520
26268194521
26268194522
26268194523
26268194524
26268194525
26268194526
26268194527
26268194528
26268194529
26268194530
26268194531
26268194532
26268194533
26268194534
26268194535
26268194536
26268194537
26268194538
26268194539
26268194540
26268194541
26268194542
26268194543
26268194544
26268194545
26268194546
26268194547
26268194548
26268194549
26268194550
26268194551
26268194552
26268194553
26268194554
26268194555
26268194556
26268194557
26268194558
26268194559
26268194560
26268194561
26268194562
26268194563
26268194564
26268194565
26268194566
26268194567
26268194568
26268194569
26268194570
26268194571
26268194572
26268194573
26268194574
26268194575
26268194576
26268194577
26268194578
26268194579
22972210075
22972210076
22972210077
22972210078
22972210079
22972210080
22972210081
22972210082
22972210083
22972210084
22972210085
22972210086
22972210087
22972210088
22972210089
22972210090
22972210091
22972210092
22972210093
22972210094
22972210095
22972210096
22972210097
22972210098
22972210099
22972210100
22972210101
22972210102
22972210103
22972210104
22972210105
22972210106
22972210107
22972210108
22972210109
22972210110
22972210111
22972210112
22972210113
22972210114
22972210115
22972210116
22972210117
22972210118
22972210119
22972210120
22972210121
22972210122
22972210123
22972210124
22972210125
22972210126
22972210127
22972210128
22972210129
22972210130
22972210131
22972210132
22972210133
22972210134
22972210135
22972210136
22972210137
22972210138
22972210139
22972210140
22972210141
22972210142
22972210143
22972210144
22972210145
22972210146
22972210147
22972210148
22972210149
22972210150
22972210151
22972210152
22972210153
22972210154
22972210155
22972210156
22972210157
22972210158
22972210159
22972210160
22972210161
22972210162
22972210163
22972210164
22972210165
22972210166
22972210167
22972210168
22972210169
22972210170
22972210171
22972210172
22972210173
22972210174
16351360568
16351360569
16351360570
16351360571
16351360572
16351360573
16351360574
16351360575
16351360576
16351360577
16351360578
16351360579
16351360580
16351360581
16351360582
16351360583
16351360584
16351360585
16351360586
16351360587
16351360588
16351360589
16351360590
16351360591
16351360592
16351360593
16351360594
16351360595
16351360596
16351360597
16351360598
16351360599
16351360600
16351360601
16351360602
16351360603
16351360604
16351360605
16351360606
16351360607
16351360608
16351360609
16351360610
16351360611
16351360612
16351360613
16351360614
16351360615
16351360616
16351360617
16351360618
16351360619
16351360620
16351360621
16351360622
16351360623
16351360624
16351360625
16351360626
16351360627
16351360628
16351360629
16351360630
16351360631
16351360632
16351360633
16351360634
16351360635
16351360636
16351360637
16351360638
16351360639
16351360640
16351360641
16351360642
16351360643
16351360644
16351360645
16351360646
16351360647
16351360648
16351360649
16351360650
16351360651
16351360652
16351360653
16351360654
16351360655
16351360656
16351360657
16351360658
16351360659
16351360660
16351360661
16351360662
16351360663
16351360664
16351360665
16351360666
16351360667
22325648989
22325648990
22325648991
22325648992
22325648993
22325648994
22325648995
22325648996
22325648997
22325648998
22325648999
22325649000
22325649001
22325649002
22325649003
22325649004
22325649005
22325649006
22325649007
22325649008
22325649009
22325649010
22325649011
22325649012
22325649013
22325649014
22325649015
22325649016
22325649017
22325649018
22325649019
22325649020
22325649021
22325649022
22325649023
22325649024
22325649025
22325649026
22325649027
22325649028
22325649029
22325649030
22325649031
22325649032
22325649033
22325649034
22325649035
22325649036
22325649037
22325649038
22325649039
22325649040
22325649041
22325649042
22325649043
22325649044
22325649045
22325649046
22325649047
22325649048
22325649049
22325649050
22325649051
22325649052
22325649053
22325649054
22325649055
22325649056
22325649057
22325649058
22325649059
22325649060
22325649061
22325649062
22325649063
22325649064
22325649065
22325649066
22325649067
22325649068
22325649069
22325649070
22325649071
22325649072
22325649073
22325649074
22325649075
22325649076
22325649077
22325649078
22325649079
22325649080
22325649081
22325649082
22325649083
22325649084
22325649085
22325649086
22325649087
22325649088
14783266255
14783266256
14783266257
14783266258
14783266259
14783266260
14783266261
14783266262
14783266263
14783266264
14783266265
14783266266
14783266267
14783266268
14783266269
14783266270
14783266271
14783266272
14783266273
14783266274
14783266275
14783266276
14783266277
14783266278
14783266279
14783266280
14783266281
14783266282
14783266283
14783266284
14783266285
14783266286
14783266287
14783266288
14783266289
14783266290
14783266291
14783266292
14783266293
14783266294
14783266295
14783266296
14783266297
14783266298
14783266299
14783266300
14783266301
14783266302
14783266303
14783266304
14783266305
14783266306
14783266307
14783266308
14783266309
14783266310
14783266311
14783266312
14783266313
14783266314
14783266315
14783266316
14783266317
14783266318
14783266319
14783266320
14783266321
14783266322
14783266323
14783266324
14783266325
14783266326
14783266327
14783266328
14783266329
14783266330
14783266331
14783266332
14783266333
14783266334
14783266335
14783266336
14783266337
14783266338
14783266339
14783266340
14783266341
14783266342
14783266343
14783266344
14783266345
14783266346
14783266347
14783266348
14783266349
14783266350
14783266351
14783266352
14783266353
14783266354
21350561292
21350561293
21350561294
21350561295
21350561296
21350561297
21350561298
21350561299
21350561300
21350561301
21350561302
21350561303
21350561304
21350561305
21350561306
21350561307
21350561308
21350561309
21350561310
21350561311
21350561312
21350561313
21350561314
21350561315
21350561316
21350561317
21350561318
21350561319
21350561320
21350561321
21350561322
21350561323
21350561324
21350561325
21350561326
21350561327
21350561328
21350561329
21350561330
21350561331
21350561332
21350561333
21350561334
21350561335
21350561336
21350561337
21350561338
21350561339
21350561340
21350561341
21350561342
21350561343
21350561344
21350561345
21350561346
21350561347
21350561348
21350561349
21350561350
21350561351
21350561352
21350561353
21350561354
21350561355
21350561356
21350561357
21350561358
21350561359
21350561360
21350561361
21350561362
21350561363
21350561364
21350561365
21350561366
21350561367
21350561368
21350561369
21350561370
21350561371
21350561372
21350561373
21350561374
21350561375
21350561376
21350561377
21350561378
21350561379
21350561380
21350561381
21350561382
21350561383
21350561384
21350561385
21350561386
21350561387
21350561388
21350561389
21350561390
21350561391
16373746200
16373746201
16373746202
16373746203
16373746204
16373746205
16373746206
16373746207
16373746208
16373746209
16373746210
16373746211
16373746212
16373746213
16373746214
16373746215
16373746216
16373746217
16373746218
16373746219
16373746220
16373746221
16373746222
16373746223
16373746224
16373746225
16373746226
16373746227
16373746228
16373746229
16373746230
16373746231
16373746232
16373746233
16373746234
16373746235
16373746236
16373746237
16373746238
16373746239
16373746240
16373746241
16373746242
16373746243
16373746244
16373746245
16373746246
16373746247
16373746248
16373746249
16373746250
16373746251
16373746252
16373746253
16373746254
16373746255
16373746256
16373746257
16373746258
16373746259
16373746260
16373746261
16373746262
16373746263
16373746264
16373746265
16373746266
16373746267
16373746268
16373746269
16373746270
16373746271
16373746272
16373746273
16373746274
16373746275
16373746276
16373746277
16373746278
16373746279
16373746280
16373746281
16373746282
16373746283
16373746284
16373746285
16373746286
16373746287
16373746288
16373746289
16373746290
16373746291
16373746292
16373746293
16373746294
16373746295
16373746296
16373746297
16373746298
16373746299
21868445545
21868445546
21868445547
21868445548
21868445549
21868445550
21868445551
21868445552
21868445553
21868445554
21868445555
21868445556
21868445557
21868445558
21868445559
21868445560
21868445561
21868445562
21868445563
21868445564
21868445565
21868445566
21868445567
21868445568
21868445569
21868445570
21868445571
21868445572
21868445573
21868445574
21868445575
21868445576
21868445577
21868445578
21868445579
21868445580
21868445581
21868445582
21868445583
21868445584
21868445585
21868445586
21868445587
21868445588
21868445589
21868445590
21868445591
21868445592
21868445593
21868445594
21868445595
21868445596
21868445597
21868445598
21868445599
21868445600
21868445601
21868445602
21868445603
21868445604
21868445605
21868445606
21868445607
21868445608
21868445609
21868445610
21868445611
21868445612
21868445613
21868445614
21868445615
21868445616
21868445617
21868445618
21868445619
21868445620
21868445621
21868445622
21868445623
21868445624
21868445625
21868445626
21868445627
21868445628
21868445629
21868445630
21868445631
21868445632
21868445633
21868445634
21868445635
21868445636
21868445637
21868445638
21868445639
21868445640
21868445641
21868445642
21868445643
21868445644
19510190595
19510190596
19510190597
19510190598
19510190599
19510190600
19510190601
19510190602
19510190603
19510190604
19510190605
19510190606
19510190607
19510190608
19510190609
19510190610
19510190611
19510190612
19510190613
19510190614
19510190615
19510190616
19510190617
19510190618
19510190619
19510190620
19510190621
19510190622
19510190623
19510190624
19510190625
19510190626
19510190627
19510190628
19510190629
19510190630
19510190631
19510190632
19510190633
19510190634
19510190635
19510190636
19510190637
19510190638
19510190639
19510190640
19510190641
19510190642
19510190643
19510190644
19510190645
19510190646
19510190647
19510190648
19510190649
19510190650
19510190651
19510190652
19510190653
19510190654
19510190655
19510190656
19510190657
19510190658
19510190659
19510190660
19510190661
19510190662
19510190663
19510190664
19510190665
19510190666
19510190667
19510190668
19510190669
19510190670
19510190671
19510190672
19510190673
19510190674
19510190675
19510190676
19510190677
19510190678
19510190679
19510190680
19510190681
19510190682
19510190683
19510190684
19510190685
19510190686
19510190687
19510190688
19510190689
19510190690
19510190691
19510190692
19510190693
19510190694
17821091843
17821091844
17821091845
17821091846
17821091847
17821091848
17821091849
17821091850
17821091851
17821091852
17821091853
17821091854
17821091855
17821091856
17821091857
17821091858
17821091859
17821091860
17821091861
17821091862
17821091863
17821091864
17821091865
17821091866
17821091867
17821091868
17821091869
17821091870
17821091871
17821091872
17821091873
17821091874
17821091875
17821091876
17821091877
17821091878
17821091879
17821091880
17821091881
17821091882
17821091883
17821091884
17821091885
17821091886
17821091887
17821091888
17821091889
17821091890
17821091891
17821091892
17821091893
17821091894
17821091895
17821091896
17821091897
17821091898
17821091899
17821091900
17821091901
17821091902
17821091903
17821091904
17821091905
17821091906
17821091907
17821091908
17821091909
17821091910
17821091911
17821091912
17821091913
17821091914
17821091915
17821091916
17821091917
17821091918
17821091919
17821091920
17821091921
17821091922
17821091923
17821091924
17821091925
17821091926
17821091927
17821091928
17821091929
17821091930
17821091931
17821091932
17821091933
17821091934
17821091935
17821091936
17821091937
17821091938
17821091939
17821091940
17821091941
17821091942
15501036059
15501036060
15501036061
15501036062
15501036063
15501036064
15501036065
15501036066
15501036067
15501036068
15501036069
15501036070
15501036071
15501036072
15501036073
15501036074
15501036075
15501036076
15501036077
15501036078
15501036079
15501036080
15501036081
15501036082
15501036083
15501036084
15501036085
15501036086
15501036087
15501036088
15501036089
15501036090
15501036091
15501036092
15501036093
15501036094
15501036095
15501036096
15501036097
15501036098
15501036099
15501036100
15501036101
15501036102
15501036103
15501036104
15501036105
15501036106
15501036107
15501036108
15501036109
15501036110
15501036111
15501036112
15501036113
15501036114
15501036115
15501036116
15501036117
15501036118
15501036119
15501036120
15501036121
15501036122
15501036123
15501036124
15501036125
15501036126
15501036127
15501036128
15501036129
15501036130
15501036131
15501036132
15501036133
15501036134
15501036135
15501036136
15501036137
15501036138
15501036139
15501036140
15501036141
15501036142
15501036143
15501036144
15501036145
15501036146
15501036147
15501036148
15501036149
15501036150
15501036151
15501036152
15501036153
15501036154
15501036155
15501036156
15501036157
15501036158
19617135287
19617135288
19617135289
19617135290
19617135291
19617135292
19617135293
19617135294
19617135295
19617135296
19617135297
19617135298
19617135299
19617135300
19617135301
19617135302
19617135303
19617135304
19617135305
19617135306
19617135307
19617135308
19617135309
19617135310
19617135311
19617135312
19617135313
19617135314
19617135315
19617135316
19617135317
19617135318
19617135319
19617135320
19617135321
19617135322
19617135323
19617135324
19617135325
19617135326
19617135327
19617135328
19617135329
19617135330
19617135331
19617135332
19617135333
19617135334
19617135335
19617135336
19617135337
19617135338
19617135339
19617135340
19617135341
19617135342
19617135343
19617135344
19617135345
19617135346
19617135347
19617135348
19617135349
19617135350
19617135351
19617135352
19617135353
19617135354
19617135355
19617135356
19617135357
19617135358
19617135359
19617135360
19617135361
19617135362
19617135363
19617135364
19617135365
19617135366
19617135367
19617135368
19617135369
19617135370
19617135371
19617135372
19617135373
19617135374
19617135375
19617135376
19617135377
19617135378
19617135379
19617135380
19617135381
19617135382
19617135383
19617135384
19617135385
19617135386
25046706248
25046706249
25046706250
25046706251
25046706252
25046706253
25046706254
25046706255
25046706256
25046706257
25046706258
25046706259
25046706260
25046706261
25046706262
25046706263
25046706264
25046706265
25046706266
25046706267
25046706268
25046706269
25046706270
25046706271
25046706272
25046706273
25046706274
25046706275
25046706276
25046706277
25046706278
25046706279
25046706280
25046706281
25046706282
25046706283
25046706284
25046706285
25046706286
25046706287
25046706288
25046706289
25046706290
25046706291
25046706292
25046706293
25046706294
25046706295
25046706296
25046706297
25046706298
25046706299
25046706300
25046706301
25046706302
25046706303
25046706304
25046706305
25046706306
25046706307
25046706308
25046706309
25046706310
25046706311
25046706312
25046706313
25046706314
25046706315
25046706316
25046706317
25046706318
25046706319
25046706320
25046706321
25046706322
25046706323
25046706324
25046706325
25046706326
25046706327
25046706328
25046706329
25046706330
25046706331
25046706332
25046706333
25046706334
25046706335
25046706336
25046706337
25046706338
25046706339
25046706340
25046706341
25046706342
25046706343
25046706344
25046706345
25046706346
25046706347
22805816953
22805816954
22805816955
22805816956
22805816957
22805816958
22805816959
22805816960
22805816961
22805816962
22805816963
22805816964
22805816965
22805816966
22805816967
22805816968
22805816969
22805816970
22805816971
22805816972
22805816973
22805816974
22805816975
22805816976
22805816977
22805816978
22805816979
22805816980
22805816981
22805816982
22805816983
22805816984
22805816985
22805816986
22805816987
22805816988
22805816989
22805816990
22805816991
22805816992
22805816993
22805816994
22805816995
22805816996
22805816997
22805816998
22805816999
22805817000
22805817001
22805817002
22805817003
22805817004
22805817005
22805817006
22805817007
22805817008
22805817009
22805817010
22805817011
22805817012
22805817013
22805817014
22805817015
22805817016
22805817017
22805817018
22805817019
22805817020
22805817021
22805817022
22805817023
22805817024
22805817025
22805817026
22805817027
22805817028
22805817029
22805817030
22805817031
22805817032
22805817033
22805817034
22805817035
22805817036
22805817037
22805817038
22805817039
22805817040
22805817041
22805817042
22805817043
22805817044
22805817045
22805817046
22805817047
22805817048
22805817049
22805817050
22805817051
22805817052
16394631200
16394631201
16394631202
16394631203
16394631204
16394631205
16394631206
16394631207
16394631208
16394631209
16394631210
16394631211
16394631212
16394631213
16394631214
16394631215
16394631216
16394631217
16394631218
16394631219
16394631220
16394631221
16394631222
16394631223
16394631224
16394631225
16394631226
16394631227
16394631228
16394631229
16394631230
16394631231
16394631232
16394631233
16394631234
16394631235
16394631236
16394631237
16394631238
16394631239
16394631240
16394631241
16394631242
16394631243
16394631244
16394631245
16394631246
16394631247
16394631248
16394631249
16394631250
16394631251
16394631252
16394631253
16394631254
16394631255
16394631256
16394631257
16394631258
16394631259
16394631260
16394631261
16394631262
16394631263
16394631264
16394631265
16394631266
16394631267
16394631268
16394631269
16394631270
16394631271
16394631272
16394631273
16394631274
16394631275
16394631276
16394631277
16394631278
16394631279
16394631280
16394631281
16394631282
16394631283
16394631284
16394631285
16394631286
16394631287
16394631288
16394631289
16394631290
16394631291
16394631292
16394631293
16394631294
16394631295
16394631296
16394631297
16394631298
16394631299
19380121427
19380121428
19380121429
19380121430
19380121431
19380121432
19380121433
19380121434
19380121435
19380121436
19380121437
19380121438
19380121439
19380121440
19380121441
19380121442
19380121443
19380121444
19380121445
19380121446
19380121447
19380121448
19380121449
19380121450
19380121451
19380121452
19380121453
19380121454
19380121455
19380121456
19380121457
19380121458
19380121459
19380121460
19380121461
19380121462
19380121463
19380121464
19380121465
19380121466
19380121467
19380121468
19380121469
19380121470
19380121471
19380121472
19380121473
19380121474
19380121475
19380121476
19380121477
19380121478
19380121479
19380121480
19380121481
19380121482
19380121483
19380121484
19380121485
19380121486
19380121487
19380121488
19380121489
19380121490
19380121491
19380121492
19380121493
19380121494
19380121495
19380121496
19380121497
19380121498
19380121499
19380121500
19380121501
19380121502
19380121503
19380121504
19380121505
19380121506
19380121507
19380121508
19380121509
19380121510
19380121511
19380121512
19380121513
19380121514
19380121515
19380121516
19380121517
19380121518
19380121519
19380121520
19380121521
19380121522
19380121523
19380121524
19380121525
19380121526
22277729090
22277729091
22277729092
22277729093
22277729094
22277729095
22277729096
22277729097
22277729098
22277729099
22277729100
22277729101
22277729102
22277729103
22277729104
22277729105
22277729106
22277729107
22277729108
22277729109
22277729110
22277729111
22277729112
22277729113
22277729114
22277729115
22277729116
22277729117
22277729118
22277729119
22277729120
22277729121
22277729122
22277729123
22277729124
22277729125
22277729126
22277729127
22277729128
22277729129
22277729130
22277729131
22277729132
22277729133
22277729134
22277729135
22277729136
22277729137
22277729138
22277729139
22277729140
22277729141
22277729142
22277729143
22277729144
22277729145
22277729146
22277729147
22277729148
22277729149
22277729150
22277729151
22277729152
22277729153
22277729154
22277729155
22277729156
22277729157
22277729158
22277729159
22277729160
22277729161
22277729162
22277729163
22277729164
22277729165
22277729166
22277729167
22277729168
22277729169
22277729170
22277729171
22277729172
22277729173
22277729174
22277729175
22277729176
22277729177
22277729178
22277729179
22277729180
22277729181
22277729182
22277729183
22277729184
22277729185
22277729186
22277729187
22277729188
22277729189
17352001073
17352001074
17352001075
17352001076
17352001077
17352001078
17352001079
17352001080
17352001081
17352001082
17352001083
17352001084
17352001085
17352001086
17352001087
17352001088
17352001089
17352001090
17352001091
17352001092
17352001093
17352001094
17352001095
17352001096
17352001097
17352001098
17352001099
17352001100
17352001101
17352001102
17352001103
17352001104
17352001105
17352001106
17352001107
17352001108
17352001109
17352001110
17352001111
17352001112
17352001113
17352001114
17352001115
17352001116
17352001117
17352001118
17352001119
17352001120
17352001121
17352001122
17352001123
17352001124
17352001125
17352001126
17352001127
17352001128
17352001129
17352001130
17352001131
17352001132
17352001133
17352001134
17352001135
17352001136
17352001137
17352001138
17352001139
17352001140
17352001141
17352001142
17352001143
17352001144
17352001145
17352001146
17352001147
17352001148
17352001149
17352001150
17352001151
17352001152
17352001153
17352001154
17352001155
17352001156
17352001157
17352001158
17352001159
17352001160
17352001161
17352001162
17352001163
17352001164
17352001165
17352001166
17352001167
17352001168
17352001169
17352001170
17352001171
17352001172
23197234831
23197234832
23197234833
23197234834
23197234835
23197234836
23197234837
23197234838
23197234839
23197234840
23197234841
23197234842
23197234843
23197234844
23197234845
23197234846
23197234847
23197234848
23197234849
23197234850
23197234851
23197234852
23197234853
23197234854
23197234855
23197234856
23197234857
23197234858
23197234859
23197234860
23197234861
23197234862
23197234863
23197234864
23197234865
23197234866
23197234867
23197234868
23197234869
23197234870
23197234871
23197234872
23197234873
23197234874
23197234875
23197234876
23197234877
23197234878
23197234879
23197234880
23197234881
23197234882
23197234883
23197234884
23197234885
23197234886
23197234887
23197234888
23197234889
23197234890
23197234891
23197234892
23197234893
23197234894
23197234895
23197234896
23197234897
23197234898
23197234899
23197234900
23197234901
23197234902
23197234903
23197234904
23197234905
23197234906
23197234907
23197234908
23197234909
23197234910
23197234911
23197234912
23197234913
23197234914
23197234915
23197234916
23197234917
23197234918
23197234919
23197234920
23197234921
23197234922
23197234923
23197234924
23197234925
23197234926
23197234927
23197234928
23197234929
23197234930
21174803157
21174803158
21174803159
21174803160
21174803161
21174803162
21174803163
21174803164
21174803165
21174803166
21174803167
21174803168
21174803169
21174803170
21174803171
21174803172
21174803173
21174803174
21174803175
21174803176
21174803177
21174803178
21174803179
21174803180
21174803181
21174803182
21174803183
21174803184
21174803185
21174803186
21174803187
21174803188
21174803189
21174803190
21174803191
21174803192
21174803193
21174803194
21174803195
21174803196
21174803197
21174803198
21174803199
21174803200
21174803201
21174803202
21174803203
21174803204
21174803205
21174803206
21174803207
21174803208
21174803209
21174803210
21174803211
21174803212
21174803213
21174803214
21174803215
21174803216
21174803217
21174803218
21174803219
21174803220
21174803221
21174803222
21174803223
21174803224
21174803225
21174803226
21174803227
21174803228
21174803229
21174803230
21174803231
21174803232
21174803233
21174803234
21174803235
21174803236
21174803237
21174803238
21174803239
21174803240
21174803241
21174803242
21174803243
21174803244
21174803245
21174803246
21174803247
21174803248
21174803249
21174803250
21174803251
21174803252
21174803253
21174803254
21174803255
21174803256
23825333612
23825333613
23825333614
23825333615
23825333616
23825333617
23825333618
23825333619
23825333620
23825333621
23825333622
23825333623
23825333624
23825333625
23825333626
23825333627
23825333628
23825333629
23825333630
23825333631
23825333632
23825333633
23825333634
23825333635
23825333636
23825333637
23825333638
23825333639
23825333640
23825333641
23825333642
23825333643
23825333644
23825333645
23825333646
23825333647
23825333648
23825333649
23825333650
23825333651
23825333652
23825333653
23825333654
23825333655
23825333656
23825333657
23825333658
23825333659
23825333660
23825333661
23825333662
23825333663
23825333664
23825333665
23825333666
23825333667
23825333668
23825333669
23825333670
23825333671
23825333672
23825333673
23825333674
23825333675
23825333676
23825333677
23825333678
23825333679
23825333680
23825333681
23825333682
23825333683
23825333684
23825333685
23825333686
23825333687
23825333688
23825333689
23825333690
23825333691
23825333692
23825333693
23825333694
23825333695
23825333696
23825333697
23825333698
23825333699
23825333700
23825333701
23825333702
23825333703
23825333704
23825333705
23825333706
23825333707
23825333708
23825333709
23825333710
23825333711
23086896278
23086896279
23086896280
23086896281
23086896282
23086896283
23086896284
23086896285
23086896286
23086896287
23086896288
23086896289
23086896290
23086896291
23086896292
23086896293
23086896294
23086896295
23086896296
23086896297
23086896298
23086896299
23086896300
23086896301
23086896302
23086896303
23086896304
23086896305
23086896306
23086896307
23086896308
23086896309
23086896310
23086896311
23086896312
23086896313
23086896314
23086896315
23086896316
23086896317
23086896318
23086896319
23086896320
23086896321
23086896322
23086896323
23086896324
23086896325
23086896326
23086896327
23086896328
23086896329
23086896330
23086896331
23086896332
23086896333
23086896334
23086896335
23086896336
23086896337
23086896338
23086896339
23086896340
23086896341
23086896342
23086896343
23086896344
23086896345
23086896346
23086896347
23086896348
23086896349
23086896350
23086896351
23086896352
23086896353
23086896354
23086896355
23086896356
23086896357
23086896358
23086896359
23086896360
23086896361
23086896362
23086896363
23086896364
23086896365
23086896366
23086896367
23086896368
23086896369
23086896370
23086896371
23086896372
23086896373
23086896374
23086896375
23086896376
23086896377
23847157287
23847157288
23847157289
23847157290
23847157291
23847157292
23847157293
23847157294
23847157295
23847157296
23847157297
23847157298
23847157299
23847157300
23847157301
23847157302
23847157303
23847157304
23847157305
23847157306
23847157307
23847157308
23847157309
23847157310
23847157311
23847157312
23847157313
23847157314
23847157315
23847157316
23847157317
23847157318
23847157319
23847157320
23847157321
23847157322
23847157323
23847157324
23847157325
23847157326
23847157327
23847157328
23847157329
23847157330
23847157331
23847157332
23847157333
23847157334
23847157335
23847157336
23847157337
23847157338
23847157339
23847157340
23847157341
23847157342
23847157343
23847157344
23847157345
23847157346
23847157347
23847157348
23847157349
23847157350
23847157351
23847157352
23847157353
23847157354
23847157355
23847157356
23847157357
23847157358
23847157359
23847157360
23847157361
23847157362
23847157363
23847157364
23847157365
23847157366
23847157367
23847157368
23847157369
23847157370
23847157371
23847157372
23847157373
23847157374
23847157375
23847157376
23847157377
23847157378
23847157379
23847157380
23847157381
23847157382
23847157383
23847157384
23847157385
23847157386
28801923796
28801923797
28801923798
28801923799
28801923800
28801923801
28801923802
28801923803
28801923804
28801923805
28801923806
28801923807
28801923808
28801923809
28801923810
28801923811
28801923812
28801923813
28801923814
28801923815
28801923816
28801923817
28801923818
28801923819
28801923820
28801923821
28801923822
28801923823
28801923824
28801923825
28801923826
28801923827
28801923828
28801923829
28801923830
28801923831
28801923832
28801923833
28801923834
28801923835
28801923836
28801923837
28801923838
28801923839
28801923840
28801923841
28801923842
28801923843
28801923844
28801923845
28801923846
28801923847
28801923848
28801923849
28801923850
28801923851
28801923852
28801923853
28801923854
28801923855
28801923856
28801923857
28801923858
28801923859
28801923860
28801923861
28801923862
28801923863
28801923864
28801923865
28801923866
28801923867
28801923868
28801923869
28801923870
28801923871
28801923872
28801923873
28801923874
28801923875
28801923876
28801923877
28801923878
28801923879
28801923880
28801923881
28801923882
28801923883
28801923884
28801923885
28801923886
28801923887
28801923888
28801923889
28801923890
28801923891
28801923892
28801923893
28801923894
28801923895
23194560422
23194560423
23194560424
23194560425
23194560426
23194560427
23194560428
23194560429
23194560430
23194560431
23194560432
23194560433
23194560434
23194560435
23194560436
23194560437
23194560438
23194560439
23194560440
23194560441
23194560442
23194560443
23194560444
23194560445
23194560446
23194560447
23194560448
23194560449
23194560450
23194560451
23194560452
23194560453
23194560454
23194560455
23194560456
23194560457
23194560458
23194560459
23194560460
23194560461
23194560462
23194560463
23194560464
23194560465
23194560466
23194560467
23194560468
23194560469
23194560470
23194560471
23194560472
23194560473
23194560474
23194560475
23194560476
23194560477
23194560478
23194560479
23194560480
23194560481
23194560482
23194560483
23194560484
23194560485
23194560486
23194560487
23194560488
23194560489
23194560490
23194560491
23194560492
23194560493
23194560494
23194560495
23194560496
23194560497
23194560498
23194560499
23194560500
23194560501
23194560502
23194560503
23194560504
23194560505
23194560506
23194560507
23194560508
23194560509
23194560510
23194560511
23194560512
23194560513
23194560514
23194560515
23194560516
23194560517
23194560518
23194560519
23194560520
23194560521
16773996867
16773996868
16773996869
16773996870
16773996871
16773996872
16773996873
16773996874
16773996875
16773996876
16773996877
16773996878
16773996879
16773996880
16773996881
16773996882
16773996883
16773996884
16773996885
16773996886
16773996887
16773996888
16773996889
16773996890
16773996891
16773996892
16773996893
16773996894
16773996895
16773996896
16773996897
16773996898
16773996899
16773996900
16773996901
16773996902
16773996903
16773996904
16773996905
16773996906
16773996907
16773996908
16773996909
16773996910
16773996911
16773996912
16773996913
16773996914
16773996915
16773996916
16773996917
16773996918
16773996919
16773996920
16773996921
16773996922
16773996923
16773996924
16773996925
16773996926
16773996927
16773996928
16773996929
16773996930
16773996931
16773996932
16773996933
16773996934
16773996935
16773996936
16773996937
16773996938
16773996939
16773996940
16773996941
16773996942
16773996943
16773996944
16773996945
16773996946
16773996947
16773996948
16773996949
16773996950
16773996951
16773996952
16773996953
16773996954
16773996955
16773996956
16773996957
16773996958
16773996959
16773996960
16773996961
16773996962
16773996963
16773996964
16773996965
16773996966
27129632957
27129632958
27129632959
27129632960
27129632961
27129632962
27129632963
27129632964
27129632965
27129632966
27129632967
27129632968
27129632969
27129632970
27129632971
27129632972
27129632973
27129632974
27129632975
27129632976
27129632977
27129632978
27129632979
27129632980
27129632981
27129632982
27129632983
27129632984
27129632985
27129632986
27129632987
27129632988
27129632989
27129632990
27129632991
27129632992
27129632993
27129632994
27129632995
27129632996
27129632997
27129632998
27129632999
27129633000
27129633001
27129633002
27129633003
27129633004
27129633005
27129633006
27129633007
27129633008
27129633009
27129633010
27129633011
27129633012
27129633013
27129633014
27129633015
27129633016
27129633017
27129633018
27129633019
27129633020
27129633021
27129633022
27129633023
27129633024
27129633025
27129633026
27129633027
27129633028
27129633029
27129633030
27129633031
27129633032
27129633033
27129633034
27129633035
27129633036
27129633037
27129633038
27129633039
27129633040
27129633041
27129633042
27129633043
27129633044
27129633045
27129633046
27129633047
27129633048
27129633049
27129633050
27129633051
27129633052
27129633053
27129633054
27129633055
27129633056
23600051183
23600051184
23600051185
23600051186
23600051187
23600051188
23600051189
23600051190
23600051191
23600051192
23600051193
23600051194
23600051195
23600051196
23600051197
23600051198
23600051199
23600051200
23600051201
23600051202
23600051203
23600051204
23600051205
23600051206
23600051207
23600051208
23600051209
23600051210
23600051211
23600051212
23600051213
23600051214
23600051215
23600051216
23600051217
23600051218
23600051219
23600051220
23600051221
23600051222
23600051223
23600051224
23600051225
23600051226
23600051227
23600051228
23600051229
23600051230
23600051231
23600051232
23600051233
23600051234
23600051235
23600051236
23600051237
23600051238
23600051239
23600051240
23600051241
23600051242
23600051243
23600051244
23600051245
23600051246
23600051247
23600051248
23600051249
23600051250
23600051251
23600051252
23600051253
23600051254
23600051255
23600051256
23600051257
23600051258
23600051259
23600051260
23600051261
23600051262
23600051263
23600051264
23600051265
23600051266
23600051267
23600051268
23600051269
23600051270
23600051271
23600051272
23600051273
23600051274
23600051275
23600051276
23600051277
23600051278
23600051279
23600051280
23600051281
23600051282
28379319457
28379319458
28379319459
28379319460
28379319461
28379319462
28379319463
28379319464
28379319465
28379319466
28379319467
28379319468
28379319469
28379319470
28379319471
28379319472
28379319473
28379319474
28379319475
28379319476
28379319477
28379319478
28379319479
28379319480
28379319481
28379319482
28379319483
28379319484
28379319485
28379319486
28379319487
28379319488
28379319489
28379319490
28379319491
28379319492
28379319493
28379319494
28379319495
28379319496
28379319497
28379319498
28379319499
28379319500
28379319501
28379319502
28379319503
28379319504
28379319505
28379319506
28379319507
28379319508
28379319509
28379319510
28379319511
28379319512
28379319513
28379319514
28379319515
28379319516
28379319517
28379319518
28379319519
28379319520
28379319521
28379319522
28379319523
28379319524
28379319525
28379319526
28379319527
28379319528
28379319529
28379319530
28379319531
28379319532
28379319533
28379319534
28379319535
28379319536
28379319537
28379319538
28379319539
28379319540
28379319541
28379319542
28379319543
28379319544
28379319545
28379319546
28379319547
28379319548
28379319549
28379319550
28379319551
28379319552
28379319553
28379319554
28379319555
28379319556
28224024884
28224024885
28224024886
28224024887
28224024888
28224024889
28224024890
28224024891
28224024892
28224024893
28224024894
28224024895
28224024896
28224024897
28224024898
28224024899
28224024900
28224024901
28224024902
28224024903
28224024904
28224024905
28224024906
28224024907
28224024908
28224024909
28224024910
28224024911
28224024912
28224024913
28224024914
28224024915
28224024916
28224024917
28224024918
28224024919
28224024920
28224024921
28224024922
28224024923
28224024924
28224024925
28224024926
28224024927
28224024928
28224024929
28224024930
28224024931
28224024932
28224024933
28224024934
28224024935
28224024936
28224024937
28224024938
28224024939
28224024940
28224024941
28224024942
28224024943
28224024944
28224024945
28224024946
28224024947
28224024948
28224024949
28224024950
28224024951
28224024952
28224024953
28224024954
28224024955
28224024956
28224024957
28224024958
28224024959
28224024960
28224024961
28224024962
28224024963
28224024964
28224024965
28224024966
28224024967
28224024968
28224024969
28224024970
28224024971
28224024972
28224024973
28224024974
28224024975
28224024976
28224024977
28224024978
28224024979
28224024980
28224024981
28224024982
28224024983
26971660125
26971660126
26971660127
26971660128
26971660129
26971660130
26971660131
26971660132
26971660133
26971660134
26971660135
26971660136
26971660137
26971660138
26971660139
26971660140
26971660141
26971660142
26971660143
26971660144
26971660145
26971660146
26971660147
26971660148
26971660149
26971660150
26971660151
26971660152
26971660153
26971660154
26971660155
26971660156
26971660157
26971660158
26971660159
26971660160
26971660161
26971660162
26971660163
26971660164
26971660165
26971660166
26971660167
26971660168
26971660169
26971660170
26971660171
26971660172
26971660173
26971660174
26971660175
26971660176
26971660177
26971660178
26971660179
26971660180
26971660181
26971660182
26971660183
26971660184
26971660185
26971660186
26971660187
26971660188
26971660189
26971660190
26971660191
26971660192
26971660193
26971660194
26971660195
26971660196
26971660197
26971660198
26971660199
26971660200
26971660201
26971660202
26971660203
26971660204
26971660205
26971660206
26971660207
26971660208
26971660209
26971660210
26971660211
26971660212
26971660213
26971660214
26971660215
26971660216
26971660217
26971660218
26971660219
26971660220
26971660221
26971660222
26971660223
26971660224
15289926937
15289926938
15289926939
15289926940
15289926941
15289926942
15289926943
15289926944
15289926945
15289926946
15289926947
15289926948
15289926949
15289926950
15289926951
15289926952
15289926953
15289926954
15289926955
15289926956
15289926957
15289926958
15289926959
15289926960
15289926961
15289926962
15289926963
15289926964
15289926965
15289926966
15289926967
15289926968
15289926969
15289926970
15289926971
15289926972
15289926973
15289926974
15289926975
15289926976
15289926977
15289926978
15289926979
15289926980
15289926981
15289926982
15289926983
15289926984
15289926985
15289926986
15289926987
15289926988
15289926989
15289926990
15289926991
15289926992
15289926993
15289926994
15289926995
15289926996
15289926997
15289926998
15289926999
15289927000
15289927001
15289927002
15289927003
15289927004
15289927005
15289927006
15289927007
15289927008
15289927009
15289927010
15289927011
15289927012
15289927013
15289927014
15289927015
15289927016
15289927017
15289927018
15289927019
15289927020
15289927021
15289927022
15289927023
15289927024
15289927025
15289927026
15289927027
15289927028
15289927029
15289927030
15289927031
15289927032
15289927033
15289927034
15289927035
15289927036
20530324451
20530324452
20530324453
20530324454
20530324455
20530324456
20530324457
20530324458
20530324459
20530324460
20530324461
20530324462
20530324463
20530324464
20530324465
20530324466
20530324467
20530324468
20530324469
20530324470
20530324471
20530324472
20530324473
20530324474
20530324475
20530324476
20530324477
20530324478
20530324479
20530324480
20530324481
20530324482
20530324483
20530324484
20530324485
20530324486
20530324487
20530324488
20530324489
20530324490
20530324491
20530324492
20530324493
20530324494
20530324495
20530324496
20530324497
20530324498
20530324499
20530324500
20530324501
20530324502
20530324503
20530324504
20530324505
20530324506
20530324507
20530324508
20530324509
20530324510
20530324511
20530324512
20530324513
20530324514
20530324515
20530324516
20530324517
20530324518
20530324519
20530324520
20530324521
20530324522
20530324523
20530324524
20530324525
20530324526
20530324527
20530324528
20530324529
20530324530
20530324531
20530324532
20530324533
20530324534
20530324535
20530324536
20530324537
20530324538
20530324539
20530324540
20530324541
20530324542
20530324543
20530324544
20530324545
20530324546
20530324547
20530324548
20530324549
20530324550
20046509026
20046509027
20046509028
20046509029
20046509030
20046509031
20046509032
20046509033
20046509034
20046509035
20046509036
20046509037
20046509038
20046509039
20046509040
20046509041
20046509042
20046509043
20046509044
20046509045
20046509046
20046509047
20046509048
20046509049
20046509050
20046509051
20046509052
20046509053
20046509054
20046509055
20046509056
20046509057
20046509058
20046509059
20046509060
20046509061
20046509062
20046509063
20046509064
20046509065
20046509066
20046509067
20046509068
20046509069
20046509070
20046509071
20046509072
20046509073
20046509074
20046509075
20046509076
20046509077
20046509078
20046509079
20046509080
20046509081
20046509082
20046509083
20046509084
20046509085
20046509086
20046509087
20046509088
20046509089
20046509090
20046509091
20046509092
20046509093
20046509094
20046509095
20046509096
20046509097
20046509098
20046509099
20046509100
20046509101
20046509102
20046509103
20046509104
20046509105
20046509106
20046509107
20046509108
20046509109
20046509110
20046509111
20046509112
20046509113
20046509114
20046509115
20046509116
20046509117
20046509118
20046509119
20046509120
20046509121
20046509122
20046509123
20046509124
20046509125
17149239331
17149239332
17149239333
17149239334
17149239335
17149239336
17149239337
17149239338
17149239339
17149239340
17149239341
17149239342
17149239343
17149239344
17149239345
17149239346
17149239347
17149239348
17149239349
17149239350
17149239351
17149239352
17149239353
17149239354
17149239355
17149239356
17149239357
17149239358
17149239359
17149239360
17149239361
17149239362
17149239363
17149239364
17149239365
17149239366
17149239367
17149239368
17149239369
17149239370
17149239371
17149239372
17149239373
17149239374
17149239375
17149239376
17149239377
17149239378
17149239379
17149239380
17149239381
17149239382
17149239383
17149239384
17149239385
17149239386
17149239387
17149239388
17149239389
17149239390
17149239391
17149239392
17149239393
17149239394
17149239395
17149239396
17149239397
17149239398
17149239399
17149239400
17149239401
17149239402
17149239403
17149239404
17149239405
17149239406
17149239407
17149239408
17149239409
17149239410
17149239411
17149239412
17149239413
17149239414
17149239415
17149239416
17149239417
17149239418
17149239419
17149239420
17149239421
17149239422
17149239423
17149239424
17149239425
17149239426
17149239427
17149239428
17149239429
17149239430
23256938837
23256938838
23256938839
23256938840
23256938841
23256938842
23256938843
23256938844
23256938845
23256938846
23256938847
23256938848
23256938849
23256938850
23256938851
23256938852
23256938853
23256938854
23256938855
23256938856
23256938857
23256938858
23256938859
23256938860
23256938861
23256938862
23256938863
23256938864
23256938865
23256938866
23256938867
23256938868
23256938869
23256938870
23256938871
23256938872
23256938873
23256938874
23256938875
23256938876
23256938877
23256938878
23256938879
23256938880
23256938881
23256938882
23256938883
23256938884
23256938885
23256938886
23256938887
23256938888
23256938889
23256938890
23256938891
23256938892
23256938893
23256938894
23256938895
23256938896
23256938897
23256938898
23256938899
23256938900
23256938901
23256938902
23256938903
23256938904
23256938905
23256938906
23256938907
23256938908
23256938909
23256938910
23256938911
23256938912
23256938913
23256938914
23256938915
23256938916
23256938917
23256938918
23256938919
23256938920
23256938921
23256938922
23256938923
23256938924
23256938925
23256938926
23256938927
23256938928
23256938929
23256938930
23256938931
23256938932
23256938933
23256938934
23256938935
23256938936
21465437276
21465437277
21465437278
21465437279
21465437280
21465437281
21465437282
21465437283
21465437284
21465437285
21465437286
21465437287
21465437288
21465437289
21465437290
21465437291
21465437292
21465437293
21465437294
21465437295
21465437296
21465437297
21465437298
21465437299
21465437300
21465437301
21465437302
21465437303
21465437304
21465437305
21465437306
21465437307
21465437308
21465437309
21465437310
21465437311
21465437312
21465437313
21465437314
21465437315
21465437316
21465437317
21465437318
21465437319
21465437320
21465437321
21465437322
21465437323
21465437324
21465437325
21465437326
21465437327
21465437328
21465437329
21465437330
21465437331
21465437332
21465437333
21465437334
21465437335
21465437336
21465437337
21465437338
21465437339
21465437340
21465437341
21465437342
21465437343
21465437344
21465437345
21465437346
21465437347
21465437348
21465437349
21465437350
21465437351
21465437352
21465437353
21465437354
21465437355
21465437356
21465437357
21465437358
21465437359
21465437360
21465437361
21465437362
21465437363
21465437364
21465437365
21465437366
21465437367
21465437368
21465437369
21465437370
21465437371
21465437372
21465437373
21465437374
21465437375
22640251615
22640251616
22640251617
22640251618
22640251619
22640251620
22640251621
22640251622
22640251623
22640251624
22640251625
22640251626
22640251627
22640251628
22640251629
22640251630
22640251631
22640251632
22640251633
22640251634
22640251635
22640251636
22640251637
22640251638
22640251639
22640251640
22640251641
22640251642
22640251643
22640251644
22640251645
22640251646
22640251647
22640251648
22640251649
22640251650
22640251651
22640251652
22640251653
22640251654
22640251655
22640251656
22640251657
22640251658
22640251659
22640251660
22640251661
22640251662
22640251663
22640251664
22640251665
22640251666
22640251667
22640251668
22640251669
22640251670
22640251671
22640251672
22640251673
22640251674
22640251675
22640251676
22640251677
22640251678
22640251679
22640251680
22640251681
22640251682
22640251683
22640251684
22640251685
22640251686
22640251687
22640251688
22640251689
22640251690
22640251691
22640251692
22640251693
22640251694
22640251695
22640251696
22640251697
22640251698
22640251699
22640251700
22640251701
22640251702
22640251703
22640251704
22640251705
22640251706
22640251707
22640251708
22640251709
22640251710
22640251711
22640251712
22640251713
22640251714
21978008477
21978008478
21978008479
21978008480
21978008481
21978008482
21978008483
21978008484
21978008485
21978008486
21978008487
21978008488
21978008489
21978008490
21978008491
21978008492
21978008493
21978008494
21978008495
21978008496
21978008497
21978008498
21978008499
21978008500
21978008501
21978008502
21978008503
21978008504
21978008505
21978008506
21978008507
21978008508
21978008509
21978008510
21978008511
21978008512
21978008513
21978008514
21978008515
21978008516
21978008517
21978008518
21978008519
21978008520
21978008521
21978008522
21978008523
21978008524
21978008525
21978008526
21978008527
21978008528
21978008529
21978008530
21978008531
21978008532
21978008533
21978008534
21978008535
21978008536
21978008537
21978008538
21978008539
21978008540
21978008541
21978008542
21978008543
21978008544
21978008545
21978008546
21978008547
21978008548
21978008549
21978008550
21978008551
21978008552
21978008553
21978008554
21978008555
21978008556
21978008557
21978008558
21978008559
21978008560
21978008561
21978008562
21978008563
21978008564
21978008565
21978008566
21978008567
21978008568
21978008569
21978008570
21978008571
21978008572
21978008573
21978008574
21978008575
21978008576
15853487846
15853487847
15853487848
15853487849
15853487850
15853487851
15853487852
15853487853
15853487854
15853487855
15853487856
15853487857
15853487858
15853487859
15853487860
15853487861
15853487862
15853487863
15853487864
15853487865
15853487866
15853487867
15853487868
15853487869
15853487870
15853487871
15853487872
15853487873
15853487874
15853487875
15853487876
15853487877
15853487878
15853487879
15853487880
15853487881
15853487882
15853487883
15853487884
15853487885
15853487886
15853487887
15853487888
15853487889
15853487890
15853487891
15853487892
15853487893
15853487894
15853487895
15853487896
15853487897
15853487898
15853487899
15853487900
15853487901
15853487902
15853487903
15853487904
15853487905
15853487906
15853487907
15853487908
15853487909
15853487910
15853487911
15853487912
15853487913
15853487914
15853487915
15853487916
15853487917
15853487918
15853487919
15853487920
15853487921
15853487922
15853487923
15853487924
15853487925
15853487926
15853487927
15853487928
15853487929
15853487930
15853487931
15853487932
15853487933
15853487934
15853487935
15853487936
15853487937
15853487938
15853487939
15853487940
15853487941
15853487942
15853487943
15853487944
15853487945
25366843376
25366843377
25366843378
25366843379
25366843380
25366843381
25366843382
25366843383
25366843384
25366843385
25366843386
25366843387
25366843388
25366843389
25366843390
25366843391
25366843392
25366843393
25366843394
25366843395
25366843396
25366843397
25366843398
25366843399
25366843400
25366843401
25366843402
25366843403
25366843404
25366843405
25366843406
25366843407
25366843408
25366843409
25366843410
25366843411
25366843412
25366843413
25366843414
25366843415
25366843416
25366843417
25366843418
25366843419
25366843420
25366843421
25366843422
25366843423
25366843424
25366843425
25366843426
25366843427
25366843428
25366843429
25366843430
25366843431
25366843432
25366843433
25366843434
25366843435
25366843436
25366843437
25366843438
25366843439
25366843440
25366843441
25366843442
25366843443
25366843444
25366843445
25366843446
25366843447
25366843448
25366843449
25366843450
25366843451
25366843452
25366843453
25366843454
25366843455
25366843456
25366843457
25366843458
25366843459
25366843460
25366843461
25366843462
25366843463
25366843464
25366843465
25366843466
25366843467
25366843468
25366843469
25366843470
25366843471
25366843472
25366843473
25366843474
25366843475
25597022588
25597022589
25597022590
25597022591
25597022592
25597022593
25597022594
25597022595
25597022596
25597022597
15907910015
15907910016
23034245410
19050988636
20041550921
27653286339
27653286340
27653286341
27653286342
27653286343
27653286344
27653286345
27653286346
27653286347
27653286348
27653286349
27653286350
27653286351
27653286352
27653286353
27653286354
27653286355
27653286356
27653286357
27653286358
27653286359
27653286360
27653286361
27653286362
27653286363
27653286364
27653286365
27653286366
27653286367
27653286368
27653286369
27653286370
27653286371
27653286372
27653286373
27653286374
27653286375
27653286376
27653286377
27653286378
27653286379
27653286380
27653286381
27653286382
27653286383
27653286384
27653286385
27653286386
27653286387
27653286388
27653286389
27653286390
27653286391
27653286392
27653286393
27653286394
27653286395
27653286396
27653286397
27653286398
27653286399
27653286400
27653286401
27653286402
27653286403
27653286404
27653286405
27653286406
27653286407
27653286408
27653286409
27653286410
27653286411
27653286412
27653286413
27653286414
27653286415
27653286416
27653286417
27653286418
27653286419
27653286420
27653286421
27653286422
27653286423
27653286424
27653286425
27653286426
27653286427
27653286428
27653286429
27653286430
27653286431
27653286432
27653286433
27653286434
27653286435
27653286436
27653286437
27653286438
15792355838
15792355839
15792355840
15792355841
15792355842
15792355843
15792355844
15792355845
15792355846
15792355847
15792355848
15792355849
15792355850
15792355851
15792355852
15792355853
15792355854
15792355855
15792355856
15792355857
15792355858
15792355859
15792355860
15792355861
15792355862
15792355863
15792355864
15792355865
15792355866
15792355867
15792355868
15792355869
15792355870
15792355871
15792355872
15792355873
15792355874
15792355875
15792355876
15792355877
15792355878
15792355879
15792355880
15792355881
15792355882
15792355883
15792355884
15792355885
15792355886
15792355887
15792355888
15792355889
15792355890
15792355891
15792355892
15792355893
15792355894
15792355895
15792355896
15792355897
15792355898
15792355899
15792355900
15792355901
15792355902
15792355903
15792355904
15792355905
15792355906
15792355907
15792355908
15792355909
15792355910
15792355911
15792355912
15792355913
15792355914
15792355915
15792355916
15792355917
15792355918
15792355919
15792355920
15792355921
15792355922
15792355923
15792355924
15792355925
15792355926
15792355927
15792355928
15792355929
15792355930
15792355931
15792355932
15792355933
15792355934
15792355935
15792355936
15792355937
29220654442
29220654443
29220654444
29220654445
29220654446
29220654447
29220654448
29220654449
29220654450
29220654451
29220654452
29220654453
29220654454
29220654455
29220654456
29220654457
29220654458
29220654459
29220654460
29220654461
29220654462
29220654463
29220654464
29220654465
29220654466
29220654467
29220654468
29220654469
29220654470
29220654471
29220654472
29220654473
29220654474
29220654475
29220654476
29220654477
29220654478
29220654479
29220654480
29220654481
29220654482
29220654483
29220654484
29220654485
29220654486
29220654487
29220654488
29220654489
29220654490
29220654491
29220654492
29220654493
29220654494
29220654495
29220654496
29220654497
29220654498
29220654499
29220654500
29220654501
29220654502
29220654503
29220654504
29220654505
29220654506
29220654507
29220654508
29220654509
29220654510
29220654511
29220654512
29220654513
29220654514
29220654515
29220654516
29220654517
29220654518
29220654519
29220654520
29220654521
29220654522
29220654523
29220654524
29220654525
29220654526
29220654527
29220654528
29220654529
29220654530
29220654531
29220654532
29220654533
29220654534
29220654535
29220654536
29220654537
29220654538
29220654539
29220654540
29220654541
19822954348
19822954349
19822954350
19822954351
19822954352
19822954353
19822954354
19822954355
19822954356
19822954357
19822954358
19822954359
19822954360
19822954361
19822954362
19822954363
19822954364
19822954365
19822954366
19822954367
19822954368
19822954369
19822954370
19822954371
19822954372
19822954373
19822954374
19822954375
19822954376
19822954377
19822954378
19822954379
19822954380
19822954381
19822954382
19822954383
19822954384
19822954385
19822954386
19822954387
19822954388
19822954389
19822954390
19822954391
19822954392
19822954393
19822954394
19822954395
19822954396
19822954397
19822954398
19822954399
19822954400
19822954401
19822954402
19822954403
19822954404
19822954405
19822954406
19822954407
19822954408
19822954409
19822954410
19822954411
19822954412
19822954413
19822954414
19822954415
19822954416
19822954417
19822954418
19822954419
19822954420
19822954421
19822954422
19822954423
19822954424
19822954425
19822954426
19822954427
19822954428
19822954429
19822954430
19822954431
19822954432
19822954433
19822954434
19822954435
19822954436
19822954437
19822954438
19822954439
19822954440
19822954441
19822954442
19822954443
19822954444
19822954445
19822954446
19822954447
20977604444
20977604445
20977604446
20977604447
20977604448
20977604449
20977604450
20977604451
20977604452
20977604453
20977604454
20977604455
20977604456
20977604457
20977604458
20977604459
20977604460
20977604461
20977604462
20977604463
20977604464
20977604465
20977604466
20977604467
20977604468
20977604469
20977604470
20977604471
20977604472
20977604473
20977604474
20977604475
20977604476
20977604477
20977604478
20977604479
20977604480
20977604481
20977604482
20977604483
20977604484
20977604485
20977604486
20977604487
20977604488
20977604489
20977604490
20977604491
20977604492
20977604493
20977604494
20977604495
20977604496
20977604497
20977604498
20977604499
20977604500
20977604501
20977604502
20977604503
20977604504
20977604505
20977604506
20977604507
20977604508
20977604509
20977604510
20977604511
20977604512
20977604513
20977604514
20977604515
20977604516
20977604517
20977604518
20977604519
20977604520
20977604521
20977604522
20977604523
20977604524
20977604525
20977604526
20977604527
20977604528
20977604529
20977604530
20977604531
20977604532
20977604533
20977604534
20977604535
20977604536
20977604537
20977604538
20977604539
20977604540
20977604541
20977604542
20977604543
26831904964
26831904965
26831904966
26831904967
26831904968
26831904969
26831904970
26831904971
26831904972
26831904973
26831904974
26831904975
26831904976
26831904977
26831904978
26831904979
26831904980
26831904981
26831904982
26831904983
26831904984
26831904985
26831904986
26831904987
26831904988
26831904989
26831904990
26831904991
26831904992
26831904993
26831904994
26831904995
26831904996
26831904997
26831904998
26831904999
26831905000
26831905001
26831905002
26831905003
26831905004
26831905005
26831905006
26831905007
26831905008
26831905009
26831905010
26831905011
26831905012
26831905013
26831905014
26831905015
26831905016
26831905017
26831905018
26831905019
26831905020
26831905021
26831905022
26831905023
26831905024
26831905025
26831905026
26831905027
26831905028
26831905029
26831905030
26831905031
26831905032
26831905033
26831905034
26831905035
26831905036
26831905037
26831905038
26831905039
26831905040
26831905041
26831905042
26831905043
26831905044
26831905045
26831905046
26831905047
26831905048
26831905049
26831905050
26831905051
26831905052
26831905053
26831905054
26831905055
26831905056
26831905057
26831905058
26831905059
26831905060
26831905061
26831905062
26831905063
28582799987
28582799988
28582799989
28582799990
28582799991
28582799992
28582799993
28582799994
28582799995
28582799996
28582799997
28582799998
28582799999
28582800000
28582800001
28582800002
28582800003
28582800004
28582800005
28582800006
28582800007
28582800008
28582800009
28582800010
28582800011
28582800012
28582800013
28582800014
28582800015
28582800016
28582800017
28582800018
28582800019
28582800020
28582800021
28582800022
28582800023
28582800024
28582800025
28582800026
28582800027
28582800028
28582800029
28582800030
28582800031
28582800032
28582800033
28582800034
28582800035
28582800036
28582800037
28582800038
28582800039
28582800040
28582800041
28582800042
28582800043
28582800044
28582800045
28582800046
28582800047
28582800048
28582800049
28582800050
28582800051
28582800052
28582800053
28582800054
28582800055
28582800056
28582800057
28582800058
28582800059
28582800060
28582800061
28582800062
28582800063
28582800064
28582800065
28582800066
28582800067
28582800068
28582800069
28582800070
28582800071
28582800072
28582800073
28582800074
28582800075
28582800076
28582800077
28582800078
28582800079
28582800080
28582800081
28582800082
28582800083
28582800084
28582800085
28582800086
18644049071
18644049072
18644049073
18644049074
18644049075
18644049076
18644049077
18644049078
18644049079
18644049080
18644049081
18644049082
18644049083
18644049084
18644049085
18644049086
18644049087
18644049088
18644049089
18644049090
18644049091
18644049092
18644049093
18644049094
18644049095
18644049096
18644049097
18644049098
18644049099
18644049100
18644049101
18644049102
18644049103
18644049104
18644049105
18644049106
18644049107
18644049108
18644049109
18644049110
18644049111
18644049112
18644049113
18644049114
18644049115
18644049116
18644049117
18644049118
18644049119
18644049120
18644049121
18644049122
18644049123
18644049124
18644049125
18644049126
18644049127
18644049128
18644049129
18644049130
18644049131
18644049132
18644049133
18644049134
18644049135
18644049136
18644049137
18644049138
18644049139
18644049140
18644049141
18644049142
18644049143
18644049144
18644049145
18644049146
18644049147
18644049148
18644049149
18644049150
18644049151
18644049152
18644049153
18644049154
18644049155
18644049156
18644049157
18644049158
18644049159
18644049160
18644049161
18644049162
18644049163
18644049164
18644049165
18644049166
18644049167
18644049168
18644049169
18644049170
27204958347
27204958348
27204958349
27204958350
27204958351
27204958352
27204958353
27204958354
27204958355
27204958356
27204958357
27204958358
27204958359
27204958360
27204958361
27204958362
27204958363
27204958364
27204958365
27204958366
27204958367
27204958368
27204958369
27204958370
27204958371
27204958372
27204958373
27204958374
27204958375
27204958376
27204958377
27204958378
27204958379
27204958380
27204958381
27204958382
27204958383
27204958384
27204958385
27204958386
27204958387
27204958388
27204958389
27204958390
27204958391
27204958392
27204958393
27204958394
27204958395
27204958396
27204958397
27204958398
27204958399
27204958400
27204958401
27204958402
27204958403
27204958404
27204958405
27204958406
27204958407
27204958408
27204958409
27204958410
27204958411
27204958412
27204958413
27204958414
27204958415
27204958416
27204958417
27204958418
27204958419
27204958420
27204958421
27204958422
27204958423
27204958424
27204958425
27204958426
27204958427
27204958428
27204958429
27204958430
27204958431
27204958432
27204958433
27204958434
27204958435
27204958436
27204958437
27204958438
27204958439
27204958440
27204958441
27204958442
27204958443
27204958444
27204958445
27204958446
21167582919
21167582920
21167582921
21167582922
21167582923
21167582924
21167582925
21167582926
21167582927
21167582928
21167582929
21167582930
21167582931
21167582932
21167582933
21167582934
21167582935
21167582936
21167582937
21167582938
21167582939
21167582940
21167582941
21167582942
21167582943
21167582944
21167582945
21167582946
21167582947
21167582948
21167582949
21167582950
21167582951
21167582952
21167582953
21167582954
21167582955
21167582956
21167582957
21167582958
21167582959
21167582960
21167582961
21167582962
21167582963
21167582964
21167582965
21167582966
21167582967
21167582968
21167582969
21167582970
21167582971
21167582972
21167582973
21167582974
21167582975
21167582976
21167582977
21167582978
21167582979
21167582980
21167582981
21167582982
21167582983
21167582984
21167582985
21167582986
21167582987
21167582988
21167582989
21167582990
21167582991
21167582992
21167582993
21167582994
21167582995
21167582996
21167582997
21167582998
21167582999
21167583000
21167583001
21167583002
21167583003
21167583004
21167583005
21167583006
21167583007
21167583008
21167583009
21167583010
21167583011
21167583012
21167583013
21167583014
21167583015
21167583016
21167583017
21167583018
20408637437
20408637438
20408637439
20408637440
20408637441
20408637442
20408637443
20408637444
20408637445
20408637446
20408637447
20408637448
20408637449
20408637450
20408637451
20408637452
20408637453
20408637454
20408637455
20408637456
20408637457
20408637458
20408637459
20408637460
20408637461
20408637462
20408637463
20408637464
20408637465
20408637466
20408637467
20408637468
20408637469
20408637470
20408637471
20408637472
20408637473
20408637474
20408637475
20408637476
20408637477
20408637478
20408637479
20408637480
20408637481
20408637482
20408637483
20408637484
20408637485
20408637486
20408637487
20408637488
20408637489
20408637490
20408637491
20408637492
20408637493
20408637494
20408637495
20408637496
20408637497
20408637498
20408637499
20408637500
20408637501
20408637502
20408637503
20408637504
20408637505
20408637506
20408637507
20408637508
20408637509
20408637510
20408637511
20408637512
20408637513
20408637514
20408637515
20408637516
20408637517
20408637518
20408637519
20408637520
20408637521
20408637522
20408637523
20408637524
20408637525
20408637526
20408637527
20408637528
20408637529
20408637530
20408637531
20408637532
20408637533
20408637534
20408637535
20408637536
27811273582
27811273583
27811273584
27811273585
27811273586
27811273587
27811273588
27811273589
27811273590
27811273591
27811273592
27811273593
27811273594
27811273595
27811273596
27811273597
27811273598
27811273599
27811273600
27811273601
27811273602
27811273603
27811273604
27811273605
27811273606
27811273607
27811273608
27811273609
27811273610
27811273611
27811273612
27811273613
27811273614
27811273615
27811273616
27811273617
27811273618
27811273619
27811273620
27811273621
27811273622
27811273623
27811273624
27811273625
27811273626
27811273627
27811273628
27811273629
27811273630
27811273631
27811273632
27811273633
27811273634
27811273635
27811273636
27811273637
27811273638
27811273639
27811273640
27811273641
27811273642
27811273643
27811273644
27811273645
27811273646
27811273647
27811273648
27811273649
27811273650
27811273651
27811273652
27811273653
27811273654
27811273655
27811273656
27811273657
27811273658
27811273659
27811273660
27811273661
27811273662
27811273663
27811273664
27811273665
27811273666
27811273667
27811273668
27811273669
27811273670
27811273671
27811273672
27811273673
27811273674
27811273675
27811273676
27811273677
27811273678
27811273679
27811273680
27811273681
23707651114
23707651115
23707651116
23707651117
23707651118
23707651119
23707651120
23707651121
23707651122
23707651123
23707651124
23707651125
23707651126
23707651127
23707651128
23707651129
23707651130
23707651131
23707651132
23707651133
23707651134
23707651135
23707651136
23707651137
23707651138
23707651139
23707651140
23707651141
23707651142
23707651143
23707651144
23707651145
23707651146
23707651147
23707651148
23707651149
23707651150
23707651151
23707651152
23707651153
23707651154
23707651155
23707651156
23707651157
23707651158
23707651159
23707651160
23707651161
23707651162
23707651163
23707651164
23707651165
23707651166
23707651167
23707651168
23707651169
23707651170
23707651171
23707651172
23707651173
23707651174
23707651175
23707651176
23707651177
23707651178
23707651179
23707651180
23707651181
23707651182
23707651183
23707651184
23707651185
23707651186
23707651187
23707651188
23707651189
23707651190
23707651191
23707651192
23707651193
23707651194
23707651195
23707651196
23707651197
23707651198
23707651199
23707651200
23707651201
23707651202
23707651203
23707651204
23707651205
23707651206
23707651207
23707651208
23707651209
23707651210
23707651211
23707651212
23707651213
17795794244
17795794245
17795794246
17795794247
17795794248
17795794249
17795794250
17795794251
17795794252
17795794253
17795794254
17795794255
17795794256
17795794257
17795794258
17795794259
17795794260
17795794261
17795794262
17795794263
17795794264
17795794265
17795794266
17795794267
17795794268
17795794269
17795794270
17795794271
17795794272
17795794273
17795794274
17795794275
17795794276
17795794277
17795794278
17795794279
17795794280
17795794281
17795794282
17795794283
17795794284
17795794285
17795794286
17795794287
17795794288
17795794289
17795794290
17795794291
17795794292
17795794293
17795794294
17795794295
17795794296
17795794297
17795794298
17795794299
17795794300
17795794301
17795794302
17795794303
17795794304
17795794305
17795794306
17795794307
17795794308
17795794309
17795794310
17795794311
17795794312
17795794313
17795794314
17795794315
17795794316
17795794317
17795794318
17795794319
17795794320
17795794321
17795794322
17795794323
17795794324
17795794325
17795794326
17795794327
17795794328
17795794329
17795794330
17795794331
17795794332
17795794333
17795794334
17795794335
17795794336
17795794337
17795794338
17795794339
17795794340
17795794341
17795794342
17795794343
23342663310
23342663311
23342663312
23342663313
23342663314
23342663315
23342663316
23342663317
23342663318
23342663319
23342663320
23342663321
23342663322
23342663323
23342663324
23342663325
23342663326
23342663327
23342663328
23342663329
23342663330
23342663331
23342663332
23342663333
23342663334
23342663335
23342663336
23342663337
23342663338
23342663339
23342663340
23342663341
23342663342
23342663343
23342663344
23342663345
23342663346
23342663347
23342663348
23342663349
23342663350
23342663351
23342663352
23342663353
23342663354
23342663355
23342663356
23342663357
23342663358
23342663359
23342663360
23342663361
23342663362
23342663363
23342663364
23342663365
23342663366
23342663367
23342663368
23342663369
23342663370
23342663371
23342663372
23342663373
23342663374
23342663375
23342663376
23342663377
23342663378
23342663379
23342663380
23342663381
23342663382
23342663383
23342663384
23342663385
23342663386
23342663387
23342663388
23342663389
23342663390
23342663391
23342663392
23342663393
23342663394
23342663395
23342663396
23342663397
23342663398
23342663399
23342663400
23342663401
23342663402
23342663403
23342663404
23342663405
23342663406
23342663407
23342663408
23342663409
24288086569
24288086570
24288086571
24288086572
24288086573
24288086574
24288086575
24288086576
24288086577
24288086578
24288086579
24288086580
24288086581
24288086582
24288086583
24288086584
24288086585
24288086586
24288086587
24288086588
24288086589
24288086590
24288086591
24288086592
24288086593
24288086594
24288086595
24288086596
24288086597
24288086598
24288086599
24288086600
24288086601
24288086602
24288086603
24288086604
24288086605
24288086606
24288086607
24288086608
24288086609
24288086610
24288086611
24288086612
24288086613
24288086614
24288086615
24288086616
24288086617
24288086618
24288086619
24288086620
24288086621
24288086622
24288086623
24288086624
24288086625
24288086626
24288086627
24288086628
24288086629
24288086630
24288086631
24288086632
24288086633
24288086634
24288086635
24288086636
24288086637
24288086638
24288086639
24288086640
24288086641
24288086642
24288086643
24288086644
24288086645
24288086646
24288086647
24288086648
24288086649
24288086650
24288086651
24288086652
24288086653
24288086654
24288086655
24288086656
24288086657
24288086658
24288086659
24288086660
24288086661
24288086662
24288086663
24288086664
24288086665
24288086666
24288086667
24288086668
23357982986
23357982987
23357982988
23357982989
23357982990
23357982991
23357982992
23357982993
23357982994
23357982995
23357982996
23357982997
23357982998
23357982999
23357983000
23357983001
23357983002
23357983003
23357983004
23357983005
23357983006
23357983007
23357983008
23357983009
23357983010
23357983011
23357983012
23357983013
23357983014
23357983015
23357983016
23357983017
23357983018
23357983019
23357983020
23357983021
23357983022
23357983023
23357983024
23357983025
23357983026
23357983027
23357983028
23357983029
23357983030
23357983031
23357983032
23357983033
23357983034
23357983035
23357983036
23357983037
23357983038
23357983039
23357983040
23357983041
23357983042
23357983043
23357983044
23357983045
23357983046
23357983047
23357983048
23357983049
23357983050
23357983051
23357983052
23357983053
23357983054
23357983055
23357983056
23357983057
23357983058
23357983059
23357983060
23357983061
23357983062
23357983063
23357983064
23357983065
23357983066
23357983067
23357983068
23357983069
23357983070
23357983071
23357983072
23357983073
23357983074
23357983075
23357983076
23357983077
23357983078
23357983079
23357983080
23357983081
23357983082
23357983083
23357983084
23357983085
18522617409
18522617410
18522617411
18522617412
18522617413
18522617414
18522617415
18522617416
18522617417
18522617418
18522617419
18522617420
18522617421
18522617422
18522617423
18522617424
18522617425
18522617426
18522617427
18522617428
18522617429
18522617430
18522617431
18522617432
18522617433
18522617434
18522617435
18522617436
18522617437
18522617438
18522617439
18522617440
18522617441
18522617442
18522617443
18522617444
18522617445
18522617446
18522617447
18522617448
18522617449
18522617450
18522617451
18522617452
18522617453
18522617454
18522617455
18522617456
18522617457
18522617458
18522617459
18522617460
18522617461
18522617462
18522617463
18522617464
18522617465
18522617466
18522617467
18522617468
18522617469
18522617470
18522617471
18522617472
18522617473
18522617474
18522617475
18522617476
18522617477
18522617478
18522617479
18522617480
18522617481
18522617482
18522617483
18522617484
18522617485
18522617486
18522617487
18522617488
18522617489
18522617490
18522617491
18522617492
18522617493
18522617494
18522617495
18522617496
18522617497
18522617498
18522617499
18522617500
18522617501
18522617502
18522617503
18522617504
18522617505
18522617506
18522617507
18522617508
17822028156
17822028157
17822028158
17822028159
17822028160
17822028161
17822028162
17822028163
17822028164
17822028165
17822028166
17822028167
17822028168
17822028169
17822028170
17822028171
17822028172
17822028173
17822028174
17822028175
17822028176
17822028177
17822028178
17822028179
17822028180
17822028181
17822028182
17822028183
17822028184
17822028185
17822028186
17822028187
17822028188
17822028189
17822028190
17822028191
17822028192
17822028193
17822028194
17822028195
17822028196
17822028197
17822028198
17822028199
17822028200
17822028201
17822028202
17822028203
17822028204
17822028205
17822028206
17822028207
17822028208
17822028209
17822028210
17822028211
17822028212
17822028213
17822028214
17822028215
17822028216
17822028217
17822028218
17822028219
17822028220
17822028221
17822028222
17822028223
17822028224
17822028225
17822028226
17822028227
17822028228
17822028229
17822028230
17822028231
17822028232
17822028233
17822028234
17822028235
17822028236
17822028237
17822028238
17822028239
17822028240
17822028241
17822028242
17822028243
17822028244
17822028245
17822028246
17822028247
17822028248
17822028249
17822028250
17822028251
17822028252
17822028253
17822028254
17822028255
28270888360
28270888361
28270888362
28270888363
28270888364
28270888365
28270888366
28270888367
28270888368
28270888369
28270888370
28270888371
28270888372
28270888373
28270888374
28270888375
28270888376
28270888377
28270888378
28270888379
28270888380
28270888381
28270888382
28270888383
28270888384
28270888385
28270888386
28270888387
28270888388
28270888389
28270888390
28270888391
28270888392
28270888393
28270888394
28270888395
28270888396
28270888397
28270888398
28270888399
28270888400
28270888401
28270888402
28270888403
28270888404
28270888405
28270888406
28270888407
28270888408
28270888409
28270888410
28270888411
28270888412
28270888413
28270888414
28270888415
28270888416
28270888417
28270888418
28270888419
28270888420
28270888421
28270888422
28270888423
28270888424
28270888425
28270888426
28270888427
28270888428
28270888429
28270888430
28270888431
28270888432
28270888433
28270888434
28270888435
28270888436
28270888437
28270888438
28270888439
28270888440
28270888441
28270888442
28270888443
28270888444
28270888445
28270888446
28270888447
28270888448
28270888449
28270888450
28270888451
28270888452
28270888453
28270888454
28270888455
28270888456
28270888457
28270888458
28270888459
14881940817
14881940818
14881940819
14881940820
14881940821
14881940822
14881940823
14881940824
14881940825
14881940826
14881940827
14881940828
14881940829
14881940830
14881940831
14881940832
14881940833
14881940834
14881940835
14881940836
14881940837
14881940838
14881940839
14881940840
14881940841
14881940842
14881940843
14881940844
14881940845
14881940846
14881940847
14881940848
14881940849
14881940850
14881940851
14881940852
14881940853
14881940854
14881940855
14881940856
14881940857
14881940858
14881940859
14881940860
14881940861
14881940862
14881940863
14881940864
14881940865
14881940866
14881940867
14881940868
14881940869
14881940870
14881940871
14881940872
14881940873
14881940874
14881940875
14881940876
14881940877
14881940878
14881940879
14881940880
14881940881
14881940882
14881940883
14881940884
14881940885
14881940886
14881940887
14881940888
14881940889
14881940890
14881940891
14881940892
14881940893
14881940894
14881940895
14881940896
14881940897
14881940898
14881940899
14881940900
14881940901
14881940902
14881940903
14881940904
14881940905
14881940906
14881940907
14881940908
14881940909
14881940910
14881940911
14881940912
14881940913
14881940914
14881940915
14881940916
28444154170
28444154171
28444154172
28444154173
28444154174
28444154175
28444154176
28444154177
28444154178
28444154179
28444154180
28444154181
28444154182
28444154183
28444154184
28444154185
28444154186
28444154187
28444154188
28444154189
28444154190
28444154191
28444154192
28444154193
28444154194
28444154195
28444154196
28444154197
28444154198
28444154199
28444154200
28444154201
28444154202
28444154203
28444154204
28444154205
28444154206
28444154207
28444154208
28444154209
28444154210
28444154211
28444154212
28444154213
28444154214
28444154215
28444154216
28444154217
28444154218
28444154219
28444154220
28444154221
28444154222
28444154223
28444154224
28444154225
28444154226
28444154227
28444154228
28444154229
28444154230
28444154231
28444154232
28444154233
28444154234
28444154235
28444154236
28444154237
28444154238
28444154239
28444154240
28444154241
28444154242
28444154243
28444154244
28444154245
28444154246
28444154247
28444154248
28444154249
28444154250
28444154251
28444154252
28444154253
28444154254
28444154255
28444154256
28444154257
28444154258
28444154259
28444154260
28444154261
28444154262
28444154263
28444154264
28444154265
28444154266
28444154267
28444154268
28444154269
26228107924
26228107925
26228107926
26228107927
26228107928
26228107929
26228107930
26228107931
26228107932
26228107933
26228107934
26228107935
26228107936
26228107937
26228107938
26228107939
26228107940
26228107941
26228107942
26228107943
26228107944
26228107945
26228107946
26228107947
26228107948
26228107949
26228107950
26228107951
26228107952
26228107953
26228107954
26228107955
26228107956
26228107957
26228107958
26228107959
26228107960
26228107961
26228107962
26228107963
26228107964
26228107965
26228107966
26228107967
26228107968
26228107969
26228107970
26228107971
26228107972
26228107973
26228107974
26228107975
26228107976
26228107977
26228107978
26228107979
26228107980
26228107981
26228107982
26228107983
26228107984
26228107985
26228107986
26228107987
26228107988
26228107989
26228107990
26228107991
26228107992
26228107993
26228107994
26228107995
26228107996
26228107997
26228107998
26228107999
26228108000
26228108001
26228108002
26228108003
26228108004
26228108005
26228108006
26228108007
26228108008
26228108009
26228108010
26228108011
26228108012
26228108013
26228108014
26228108015
26228108016
26228108017
26228108018
26228108019
26228108020
26228108021
26228108022
26228108023
16312663210
16312663211
16312663212
16312663213
16312663214
16312663215
16312663216
16312663217
16312663218
16312663219
16312663220
16312663221
16312663222
16312663223
16312663224
16312663225
16312663226
16312663227
16312663228
16312663229
16312663230
16312663231
16312663232
16312663233
16312663234
16312663235
16312663236
16312663237
16312663238
16312663239
16312663240
16312663241
16312663242
16312663243
16312663244
16312663245
16312663246
16312663247
16312663248
16312663249
16312663250
16312663251
16312663252
16312663253
16312663254
16312663255
16312663256
16312663257
16312663258
16312663259
16312663260
16312663261
16312663262
16312663263
16312663264
16312663265
16312663266
16312663267
16312663268
16312663269
16312663270
16312663271
16312663272
16312663273
16312663274
16312663275
16312663276
16312663277
16312663278
16312663279
16312663280
16312663281
16312663282
16312663283
16312663284
16312663285
16312663286
16312663287
16312663288
16312663289
16312663290
16312663291
16312663292
16312663293
16312663294
16312663295
16312663296
16312663297
16312663298
16312663299
16312663300
16312663301
16312663302
16312663303
16312663304
16312663305
16312663306
16312663307
16312663308
16312663309
28963470313
28963470314
28963470315
28963470316
28963470317
28963470318
28963470319
28963470320
28963470321
28963470322
28963470323
28963470324
28963470325
28963470326
28963470327
28963470328
28963470329
28963470330
28963470331
28963470332
28963470333
28963470334
28963470335
28963470336
28963470337
28963470338
28963470339
28963470340
28963470341
28963470342
28963470343
28963470344
28963470345
28963470346
28963470347
28963470348
28963470349
28963470350
28963470351
28963470352
28963470353
28963470354
28963470355
28963470356
28963470357
28963470358
28963470359
28963470360
28963470361
28963470362
28963470363
28963470364
28963470365
28963470366
28963470367
28963470368
28963470369
28963470370
28963470371
28963470372
28963470373
28963470374
28963470375
28963470376
28963470377
28963470378
28963470379
28963470380
28963470381
28963470382
28963470383
28963470384
28963470385
28963470386
28963470387
28963470388
28963470389
28963470390
28963470391
28963470392
28963470393
28963470394
28963470395
28963470396
28963470397
28963470398
28963470399
28963470400
28963470401
28963470402
28963470403
28963470404
28963470405
28963470406
28963470407
28963470408
28963470409
28963470410
28963470411
28963470412
14908169360
14908169361
14908169362
14908169363
14908169364
14908169365
14908169366
14908169367
14908169368
14908169369
14908169370
14908169371
14908169372
14908169373
14908169374
14908169375
14908169376
14908169377
14908169378
14908169379
14908169380
14908169381
14908169382
14908169383
14908169384
14908169385
14908169386
14908169387
14908169388
14908169389
14908169390
14908169391
14908169392
14908169393
14908169394
14908169395
14908169396
14908169397
14908169398
14908169399
14908169400
14908169401
14908169402
14908169403
14908169404
14908169405
14908169406
14908169407
14908169408
14908169409
14908169410
14908169411
14908169412
14908169413
14908169414
14908169415
14908169416
14908169417
14908169418
14908169419
14908169420
14908169421
14908169422
14908169423
14908169424
14908169425
14908169426
14908169427
14908169428
14908169429
14908169430
14908169431
14908169432
14908169433
14908169434
14908169435
14908169436
14908169437
14908169438
14908169439
14908169440
14908169441
14908169442
14908169443
14908169444
14908169445
14908169446
14908169447
14908169448
14908169449
14908169450
14908169451
14908169452
14908169453
14908169454
14908169455
14908169456
14908169457
14908169458
14908169459
28870714911
28870714912
28870714913
28870714914
28870714915
28870714916
28870714917
28870714918
28870714919
28870714920
28870714921
28870714922
28870714923
28870714924
28870714925
28870714926
28870714927
28870714928
28870714929
28870714930
28870714931
28870714932
28870714933
28870714934
28870714935
28870714936
28870714937
28870714938
28870714939
28870714940
28870714941
28870714942
28870714943
28870714944
28870714945
28870714946
28870714947
28870714948
28870714949
28870714950
28870714951
28870714952
28870714953
28870714954
28870714955
28870714956
28870714957
28870714958
28870714959
28870714960
28870714961
28870714962
28870714963
28870714964
28870714965
28870714966
28870714967
28870714968
28870714969
28870714970
28870714971
28870714972
28870714973
28870714974
28870714975
28870714976
28870714977
28870714978
28870714979
28870714980
28870714981
28870714982
28870714983
28870714984
28870714985
28870714986
28870714987
28870714988
28870714989
28870714990
28870714991
28870714992
28870714993
28870714994
28870714995
28870714996
28870714997
28870714998
28870714999
28870715000
28870715001
28870715002
28870715003
28870715004
28870715005
28870715006
28870715007
28870715008
28870715009
28870715010
27777032895
27777032896
27777032897
27777032898
27777032899
27777032900
27777032901
27777032902
27777032903
27777032904
27777032905
27777032906
27777032907
27777032908
27777032909
27777032910
27777032911
27777032912
27777032913
27777032914
27777032915
27777032916
27777032917
27777032918
27777032919
27777032920
27777032921
27777032922
27777032923
27777032924
27777032925
27777032926
27777032927
27777032928
27777032929
27777032930
27777032931
27777032932
27777032933
27777032934
27777032935
27777032936
27777032937
27777032938
27777032939
27777032940
27777032941
27777032942
27777032943
27777032944
27777032945
27777032946
27777032947
27777032948
27777032949
27777032950
27777032951
27777032952
27777032953
27777032954
27777032955
27777032956
27777032957
27777032958
27777032959
27777032960
27777032961
27777032962
27777032963
27777032964
27777032965
27777032966
27777032967
27777032968
27777032969
27777032970
27777032971
27777032972
27777032973
27777032974
27777032975
27777032976
27777032977
27777032978
27777032979
27777032980
27777032981
27777032982
27777032983
27777032984
27777032985
27777032986
27777032987
27777032988
27777032989
27777032990
27777032991
27777032992
27777032993
27777032994
20157698996
20157698997
20157698998
20157698999
20157699000
20157699001
20157699002
20157699003
20157699004
20157699005
20157699006
20157699007
20157699008
20157699009
20157699010
20157699011
20157699012
20157699013
20157699014
20157699015
20157699016
20157699017
20157699018
20157699019
20157699020
20157699021
20157699022
20157699023
20157699024
20157699025
20157699026
20157699027
20157699028
20157699029
20157699030
20157699031
20157699032
20157699033
20157699034
20157699035
20157699036
20157699037
20157699038
20157699039
20157699040
20157699041
20157699042
20157699043
20157699044
20157699045
20157699046
20157699047
20157699048
20157699049
20157699050
20157699051
20157699052
20157699053
20157699054
20157699055
20157699056
20157699057
20157699058
20157699059
20157699060
20157699061
20157699062
20157699063
20157699064
20157699065
20157699066
20157699067
20157699068
20157699069
20157699070
20157699071
20157699072
20157699073
20157699074
20157699075
20157699076
20157699077
20157699078
20157699079
20157699080
20157699081
20157699082
20157699083
20157699084
20157699085
20157699086
20157699087
20157699088
20157699089
20157699090
20157699091
20157699092
20157699093
20157699094
20157699095
25353775789
25353775790
25353775791
25353775792
25353775793
25353775794
25353775795
25353775796
25353775797
25353775798
25353775799
25353775800
25353775801
25353775802
25353775803
25353775804
25353775805
25353775806
25353775807
25353775808
25353775809
25353775810
25353775811
25353775812
25353775813
25353775814
25353775815
25353775816
25353775817
25353775818
25353775819
25353775820
25353775821
25353775822
25353775823
25353775824
25353775825
25353775826
25353775827
25353775828
25353775829
25353775830
25353775831
25353775832
25353775833
25353775834
25353775835
25353775836
25353775837
25353775838
25353775839
25353775840
25353775841
25353775842
25353775843
25353775844
25353775845
25353775846
25353775847
25353775848
25353775849
25353775850
25353775851
25353775852
25353775853
25353775854
25353775855
25353775856
25353775857
25353775858
25353775859
25353775860
25353775861
25353775862
25353775863
25353775864
25353775865
25353775866
25353775867
25353775868
25353775869
25353775870
25353775871
25353775872
25353775873
25353775874
25353775875
25353775876
25353775877
25353775878
25353775879
25353775880
25353775881
25353775882
25353775883
25353775884
25353775885
25353775886
25353775887
25353775888
23333114760
23333114761
23333114762
23333114763
23333114764
23333114765
23333114766
23333114767
23333114768
23333114769
23333114770
23333114771
23333114772
23333114773
23333114774
23333114775
23333114776
23333114777
23333114778
23333114779
23333114780
23333114781
23333114782
23333114783
23333114784
23333114785
23333114786
23333114787
23333114788
23333114789
23333114790
23333114791
23333114792
23333114793
23333114794
23333114795
23333114796
23333114797
23333114798
23333114799
23333114800
23333114801
23333114802
23333114803
23333114804
23333114805
23333114806
23333114807
23333114808
23333114809
23333114810
23333114811
23333114812
23333114813
23333114814
23333114815
23333114816
23333114817
23333114818
23333114819
23333114820
23333114821
23333114822
23333114823
23333114824
23333114825
23333114826
23333114827
23333114828
23333114829
23333114830
23333114831
23333114832
23333114833
23333114834
23333114835
23333114836
23333114837
23333114838
23333114839
23333114840
23333114841
23333114842
23333114843
23333114844
23333114845
23333114846
23333114847
23333114848
23333114849
23333114850
23333114851
23333114852
23333114853
23333114854
23333114855
23333114856
23333114857
23333114858
23333114859
25618789532
25618789533
25618789534
25618789535
25618789536
25618789537
25618789538
25618789539
25618789540
25618789541
25618789542
25618789543
25618789544
25618789545
25618789546
25618789547
25618789548
25618789549
25618789550
25618789551
25618789552
25618789553
25618789554
25618789555
25618789556
25618789557
25618789558
25618789559
25618789560
25618789561
25618789562
25618789563
25618789564
25618789565
25618789566
25618789567
25618789568
25618789569
25618789570
25618789571
25618789572
25618789573
25618789574
25618789575
25618789576
25618789577
25618789578
25618789579
25618789580
25618789581
25618789582
25618789583
25618789584
25618789585
25618789586
25618789587
25618789588
25618789589
25618789590
25618789591
25618789592
25618789593
25618789594
25618789595
25618789596
25618789597
25618789598
25618789599
25618789600
25618789601
25618789602
25618789603
25618789604
25618789605
25618789606
25618789607
25618789608
25618789609
25618789610
25618789611
25618789612
25618789613
25618789614
25618789615
25618789616
25618789617
25618789618
25618789619
25618789620
25618789621
25618789622
25618789623
25618789624
25618789625
25618789626
25618789627
25618789628
25618789629
25618789630
25618789631
28852211658
28852211659
28852211660
28852211661
28852211662
28852211663
28852211664
28852211665
28852211666
28852211667
28852211668
28852211669
28852211670
28852211671
28852211672
28852211673
28852211674
28852211675
28852211676
28852211677
28852211678
28852211679
28852211680
28852211681
28852211682
28852211683
28852211684
28852211685
28852211686
28852211687
28852211688
28852211689
28852211690
28852211691
28852211692
28852211693
28852211694
28852211695
28852211696
28852211697
28852211698
28852211699
28852211700
28852211701
28852211702
28852211703
28852211704
28852211705
28852211706
28852211707
28852211708
28852211709
28852211710
28852211711
28852211712
28852211713
28852211714
28852211715
28852211716
28852211717
28852211718
28852211719
28852211720
28852211721
28852211722
28852211723
28852211724
28852211725
28852211726
28852211727
28852211728
28852211729
28852211730
28852211731
28852211732
28852211733
28852211734
28852211735
28852211736
28852211737
28852211738
28852211739
28852211740
28852211741
28852211742
28852211743
28852211744
28852211745
28852211746
28852211747
28852211748
28852211749
28852211750
28852211751
28852211752
28852211753
28852211754
28852211755
28852211756
28852211757
15106755804
15106755805
15106755806
15106755807
15106755808
15106755809
15106755810
15106755811
15106755812
15106755813
15106755814
15106755815
15106755816
15106755817
15106755818
15106755819
15106755820
15106755821
15106755822
15106755823
15106755824
15106755825
15106755826
15106755827
15106755828
15106755829
15106755830
15106755831
15106755832
15106755833
15106755834
15106755835
15106755836
15106755837
15106755838
15106755839
15106755840
15106755841
15106755842
15106755843
15106755844
15106755845
15106755846
15106755847
15106755848
15106755849
15106755850
15106755851
15106755852
15106755853
15106755854
15106755855
15106755856
15106755857
15106755858
15106755859
15106755860
15106755861
15106755862
15106755863
15106755864
15106755865
15106755866
15106755867
15106755868
15106755869
15106755870
15106755871
15106755872
15106755873
15106755874
15106755875
15106755876
15106755877
15106755878
15106755879
15106755880
15106755881
15106755882
15106755883
15106755884
15106755885
15106755886
15106755887
15106755888
15106755889
15106755890
15106755891
15106755892
15106755893
15106755894
15106755895
15106755896
15106755897
15106755898
15106755899
15106755900
15106755901
15106755902
15106755903
26631977319
26631977320
26631977321
26631977322
26631977323
26631977324
26631977325
26631977326
26631977327
26631977328
26631977329
26631977330
26631977331
26631977332
26631977333
26631977334
26631977335
26631977336
26631977337
26631977338
26631977339
26631977340
26631977341
26631977342
26631977343
26631977344
26631977345
26631977346
26631977347
26631977348
26631977349
26631977350
26631977351
26631977352
26631977353
26631977354
26631977355
26631977356
26631977357
26631977358
26631977359
26631977360
26631977361
26631977362
26631977363
26631977364
26631977365
26631977366
26631977367
26631977368
26631977369
26631977370
26631977371
26631977372
26631977373
26631977374
26631977375
26631977376
26631977377
26631977378
26631977379
26631977380
26631977381
26631977382
26631977383
26631977384
26631977385
26631977386
26631977387
26631977388
26631977389
26631977390
26631977391
26631977392
26631977393
26631977394
26631977395
26631977396
26631977397
26631977398
26631977399
26631977400
26631977401
26631977402
26631977403
26631977404
26631977405
26631977406
26631977407
26631977408
26631977409
26631977410
26631977411
26631977412
26631977413
26631977414
26631977415
26631977416
26631977417
26631977418
19335931857
19335931858
19335931859
19335931860
19335931861
19335931862
19335931863
19335931864
19335931865
19335931866
19335931867
19335931868
19335931869
19335931870
19335931871
19335931872
19335931873
19335931874
19335931875
19335931876
19335931877
19335931878
19335931879
19335931880
19335931881
19335931882
19335931883
19335931884
19335931885
19335931886
19335931887
19335931888
19335931889
19335931890
19335931891
19335931892
19335931893
19335931894
19335931895
19335931896
19335931897
19335931898
19335931899
19335931900
19335931901
19335931902
19335931903
19335931904
19335931905
19335931906
19335931907
19335931908
19335931909
19335931910
19335931911
19335931912
19335931913
19335931914
19335931915
19335931916
19335931917
19335931918
19335931919
19335931920
19335931921
19335931922
19335931923
19335931924
19335931925
19335931926
19335931927
19335931928
19335931929
19335931930
19335931931
19335931932
19335931933
19335931934
19335931935
19335931936
19335931937
19335931938
19335931939
19335931940
19335931941
19335931942
19335931943
19335931944
19335931945
19335931946
19335931947
19335931948
19335931949
19335931950
19335931951
19335931952
19335931953
19335931954
19335931955
19335931956
21034257984
21034257985
21034257986
21034257987
21034257988
21034257989
21034257990
21034257991
21034257992
21034257993
21034257994
21034257995
21034257996
21034257997
21034257998
21034257999
21034258000
21034258001
21034258002
21034258003
21034258004
21034258005
21034258006
21034258007
21034258008
21034258009
21034258010
21034258011
21034258012
21034258013
21034258014
21034258015
21034258016
21034258017
21034258018
21034258019
21034258020
21034258021
21034258022
21034258023
21034258024
21034258025
21034258026
21034258027
21034258028
21034258029
21034258030
21034258031
21034258032
21034258033
21034258034
21034258035
21034258036
21034258037
21034258038
21034258039
21034258040
21034258041
21034258042
21034258043
21034258044
21034258045
21034258046
21034258047
21034258048
21034258049
21034258050
21034258051
21034258052
21034258053
21034258054
21034258055
21034258056
21034258057
21034258058
21034258059
21034258060
21034258061
21034258062
21034258063
21034258064
21034258065
21034258066
21034258067
21034258068
21034258069
21034258070
21034258071
21034258072
21034258073
21034258074
21034258075
21034258076
21034258077
21034258078
21034258079
21034258080
21034258081
21034258082
21034258083
26604253821
26604253822
26604253823
26604253824
26604253825
26604253826
26604253827
26604253828
26604253829
26604253830
26604253831
26604253832
26604253833
26604253834
26604253835
26604253836
26604253837
26604253838
26604253839
26604253840
26604253841
26604253842
26604253843
26604253844
26604253845
26604253846
26604253847
26604253848
26604253849
26604253850
26604253851
26604253852
26604253853
26604253854
26604253855
26604253856
26604253857
26604253858
26604253859
26604253860
26604253861
26604253862
26604253863
26604253864
26604253865
26604253866
26604253867
26604253868
26604253869
26604253870
26604253871
26604253872
26604253873
26604253874
26604253875
26604253876
26604253877
26604253878
26604253879
26604253880
26604253881
26604253882
26604253883
26604253884
26604253885
26604253886
26604253887
26604253888
26604253889
26604253890
26604253891
26604253892
26604253893
26604253894
26604253895
26604253896
26604253897
26604253898
26604253899
26604253900
26604253901
26604253902
26604253903
26604253904
26604253905
26604253906
26604253907
26604253908
26604253909
26604253910
26604253911
26604253912
26604253913
26604253914
26604253915
26604253916
26604253917
26604253918
26604253919
26604253920
26823449616
26823449617
26823449618
26823449619
26823449620
26823449621
26823449622
26823449623
26823449624
26823449625
26823449626
26823449627
26823449628
26823449629
26823449630
26823449631
26823449632
26823449633
26823449634
26823449635
26823449636
26823449637
26823449638
26823449639
26823449640
26823449641
26823449642
26823449643
26823449644
26823449645
26823449646
26823449647
26823449648
26823449649
26823449650
26823449651
26823449652
26823449653
26823449654
26823449655
26823449656
26823449657
26823449658
26823449659
26823449660
26823449661
26823449662
26823449663
26823449664
26823449665
26823449666
26823449667
26823449668
26823449669
26823449670
26823449671
26823449672
26823449673
26823449674
26823449675
26823449676
26823449677
26823449678
26823449679
26823449680
26823449681
26823449682
26823449683
26823449684
26823449685
26823449686
26823449687
26823449688
26823449689
26823449690
26823449691
26823449692
26823449693
26823449694
26823449695
26823449696
26823449697
26823449698
26823449699
26823449700
26823449701
26823449702
26823449703
26823449704
26823449705
26823449706
26823449707
26823449708
26823449709
26823449710
26823449711
26823449712
26823449713
26823449714
26823449715
18367212846
18367212847
18367212848
18367212849
18367212850
18367212851
18367212852
18367212853
18367212854
18367212855
18367212856
18367212857
18367212858
18367212859
18367212860
18367212861
18367212862
18367212863
18367212864
18367212865
18367212866
18367212867
18367212868
18367212869
18367212870
18367212871
18367212872
18367212873
18367212874
18367212875
18367212876
18367212877
18367212878
18367212879
18367212880
18367212881
18367212882
18367212883
18367212884
18367212885
18367212886
18367212887
18367212888
18367212889
18367212890
18367212891
18367212892
18367212893
18367212894
18367212895
18367212896
18367212897
18367212898
18367212899
18367212900
18367212901
18367212902
18367212903
18367212904
18367212905
18367212906
18367212907
18367212908
18367212909
18367212910
18367212911
18367212912
18367212913
18367212914
18367212915
18367212916
18367212917
18367212918
18367212919
18367212920
18367212921
18367212922
18367212923
18367212924
18367212925
18367212926
18367212927
18367212928
18367212929
18367212930
18367212931
18367212932
18367212933
18367212934
18367212935
18367212936
18367212937
18367212938
18367212939
18367212940
18367212941
18367212942
18367212943
18367212944
18367212945
15483005952
15483005953
15483005954
15483005955
15483005956
15483005957
15483005958
15483005959
15483005960
15483005961
15483005962
15483005963
15483005964
15483005965
15483005966
15483005967
15483005968
15483005969
15483005970
15483005971
15483005972
15483005973
15483005974
15483005975
15483005976
15483005977
15483005978
15483005979
15483005980
15483005981
15483005982
15483005983
15483005984
15483005985
15483005986
15483005987
15483005988
15483005989
15483005990
15483005991
15483005992
15483005993
15483005994
15483005995
15483005996
15483005997
15483005998
15483005999
15483006000
15483006001
15483006002
15483006003
15483006004
15483006005
15483006006
15483006007
15483006008
15483006009
15483006010
15483006011
15483006012
15483006013
15483006014
15483006015
15483006016
15483006017
15483006018
15483006019
15483006020
15483006021
15483006022
15483006023
15483006024
15483006025
15483006026
15483006027
15483006028
15483006029
15483006030
15483006031
15483006032
15483006033
15483006034
15483006035
15483006036
15483006037
15483006038
15483006039
15483006040
15483006041
15483006042
15483006043
15483006044
15483006045
15483006046
15483006047
15483006048
15483006049
15483006050
15483006051
22949024200
22949024201
22949024202
22949024203
22949024204
22949024205
22949024206
22949024207
22949024208
22949024209
22949024210
22949024211
22949024212
22949024213
22949024214
22949024215
22949024216
22949024217
22949024218
22949024219
22949024220
22949024221
22949024222
22949024223
22949024224
22949024225
22949024226
22949024227
22949024228
22949024229
22949024230
22949024231
22949024232
22949024233
22949024234
22949024235
22949024236
22949024237
22949024238
22949024239
22949024240
22949024241
22949024242
22949024243
22949024244
22949024245
22949024246
22949024247
22949024248
22949024249
22949024250
22949024251
22949024252
22949024253
22949024254
22949024255
22949024256
22949024257
22949024258
22949024259
22949024260
22949024261
22949024262
22949024263
22949024264
22949024265
22949024266
22949024267
22949024268
22949024269
22949024270
22949024271
22949024272
22949024273
22949024274
22949024275
22949024276
22949024277
22949024278
22949024279
22949024280
22949024281
22949024282
22949024283
22949024284
22949024285
22949024286
22949024287
22949024288
22949024289
22949024290
22949024291
22949024292
22949024293
22949024294
22949024295
22949024296
22949024297
22949024298
22949024299
18777764758
18777764759
18777764760
18777764761
18777764762
18777764763
18777764764
18777764765
18777764766
18777764767
18777764768
18777764769
18777764770
18777764771
18777764772
18777764773
18777764774
18777764775
18777764776
18777764777
18777764778
18777764779
18777764780
18777764781
18777764782
18777764783
18777764784
18777764785
18777764786
18777764787
18777764788
18777764789
18777764790
18777764791
18777764792
18777764793
18777764794
18777764795
18777764796
18777764797
18777764798
18777764799
18777764800
18777764801
18777764802
18777764803
18777764804
18777764805
18777764806
18777764807
18777764808
18777764809
18777764810
18777764811
18777764812
18777764813
18777764814
18777764815
18777764816
18777764817
18777764818
18777764819
18777764820
18777764821
18777764822
18777764823
18777764824
18777764825
18777764826
18777764827
18777764828
18777764829
18777764830
18777764831
18777764832
18777764833
18777764834
18777764835
18777764836
18777764837
18777764838
18777764839
18777764840
18777764841
18777764842
18777764843
18777764844
18777764845
18777764846
18777764847
18777764848
18777764849
18777764850
18777764851
18777764852
18777764853
18777764854
18777764855
18777764856
18777764857
29259589760
29259589761
29259589762
29259589763
29259589764
29259589765
29259589766
29259589767
29259589768
29259589769
29259589770
29259589771
29259589772
29259589773
29259589774
29259589775
29259589776
29259589777
29259589778
29259589779
29259589780
29259589781
29259589782
29259589783
29259589784
29259589785
29259589786
29259589787
29259589788
29259589789
29259589790
29259589791
29259589792
29259589793
29259589794
29259589795
29259589796
29259589797
29259589798
29259589799
29259589800
29259589801
29259589802
29259589803
29259589804
29259589805
29259589806
29259589807
29259589808
29259589809
29259589810
29259589811
29259589812
29259589813
29259589814
29259589815
29259589816
29259589817
29259589818
29259589819
29259589820
29259589821
29259589822
29259589823
29259589824
29259589825
29259589826
29259589827
29259589828
29259589829
29259589830
29259589831
29259589832
29259589833
29259589834
29259589835
29259589836
29259589837
29259589838
29259589839
29259589840
29259589841
29259589842
29259589843
29259589844
29259589845
29259589846
29259589847
29259589848
29259589849
29259589850
29259589851
29259589852
29259589853
29259589854
29259589855
29259589856
29259589857
29259589858
29259589859
21027831465
21027831466
21027831467
21027831468
21027831469
21027831470
21027831471
21027831472
21027831473
21027831474
21027831475
21027831476
21027831477
21027831478
21027831479
21027831480
21027831481
21027831482
21027831483
21027831484
21027831485
21027831486
21027831487
21027831488
21027831489
21027831490
21027831491
21027831492
21027831493
21027831494
21027831495
21027831496
21027831497
21027831498
21027831499
21027831500
21027831501
21027831502
21027831503
21027831504
21027831505
21027831506
21027831507
21027831508
21027831509
21027831510
21027831511
21027831512
21027831513
21027831514
21027831515
21027831516
21027831517
21027831518
21027831519
21027831520
21027831521
21027831522
21027831523
21027831524
21027831525
21027831526
21027831527
21027831528
21027831529
21027831530
21027831531
21027831532
21027831533
21027831534
21027831535
21027831536
21027831537
21027831538
21027831539
21027831540
21027831541
21027831542
21027831543
21027831544
21027831545
21027831546
21027831547
21027831548
21027831549
21027831550
21027831551
21027831552
21027831553
21027831554
21027831555
21027831556
21027831557
21027831558
21027831559
21027831560
21027831561
21027831562
21027831563
21027831564
15323515842
15323515843
15323515844
15323515845
15323515846
15323515847
15323515848
15323515849
15323515850
15323515851
15323515852
15323515853
15323515854
15323515855
15323515856
15323515857
15323515858
15323515859
15323515860
15323515861
15323515862
15323515863
15323515864
15323515865
15323515866
15323515867
15323515868
15323515869
15323515870
15323515871
15323515872
15323515873
15323515874
15323515875
15323515876
15323515877
15323515878
15323515879
15323515880
15323515881
15323515882
15323515883
15323515884
15323515885
15323515886
15323515887
15323515888
15323515889
15323515890
15323515891
15323515892
15323515893
15323515894
15323515895
15323515896
15323515897
15323515898
15323515899
15323515900
15323515901
15323515902
15323515903
15323515904
15323515905
15323515906
15323515907
15323515908
15323515909
15323515910
15323515911
15323515912
15323515913
15323515914
15323515915
15323515916
15323515917
15323515918
15323515919
15323515920
15323515921
15323515922
15323515923
15323515924
15323515925
15323515926
15323515927
15323515928
15323515929
15323515930
15323515931
15323515932
15323515933
15323515934
15323515935
15323515936
15323515937
15323515938
15323515939
15323515940
15323515941
29464395035
29464395036
29464395037
29464395038
29464395039
29464395040
29464395041
29464395042
29464395043
29464395044
29464395045
29464395046
29464395047
29464395048
29464395049
29464395050
29464395051
29464395052
29464395053
29464395054
29464395055
29464395056
29464395057
29464395058
29464395059
29464395060
29464395061
29464395062
29464395063
29464395064
29464395065
29464395066
29464395067
29464395068
29464395069
29464395070
29464395071
29464395072
29464395073
29464395074
29464395075
29464395076
29464395077
29464395078
29464395079
29464395080
29464395081
29464395082
29464395083
29464395084
29464395085
29464395086
29464395087
29464395088
29464395089
29464395090
29464395091
29464395092
29464395093
29464395094
29464395095
29464395096
29464395097
29464395098
29464395099
29464395100
29464395101
29464395102
29464395103
29464395104
29464395105
29464395106
29464395107
29464395108
29464395109
29464395110
29464395111
29464395112
29464395113
29464395114
29464395115
29464395116
29464395117
29464395118
29464395119
29464395120
29464395121
29464395122
29464395123
29464395124
29464395125
29464395126
29464395127
29464395128
29464395129
29464395130
29464395131
29464395132
29464395133
29464395134
23532341348
23532341349
23532341350
23532341351
23532341352
23532341353
23532341354
23532341355
23532341356
23532341357
23532341358
23532341359
23532341360
23532341361
23532341362
23532341363
23532341364
23532341365
23532341366
23532341367
23532341368
23532341369
23532341370
23532341371
23532341372
23532341373
23532341374
23532341375
23532341376
23532341377
23532341378
23532341379
23532341380
23532341381
23532341382
23532341383
23532341384
23532341385
23532341386
23532341387
23532341388
23532341389
23532341390
23532341391
23532341392
23532341393
23532341394
23532341395
23532341396
23532341397
23532341398
23532341399
23532341400
23532341401
23532341402
23532341403
23532341404
23532341405
23532341406
23532341407
23532341408
23532341409
23532341410
23532341411
23532341412
23532341413
23532341414
23532341415
23532341416
23532341417
23532341418
23532341419
23532341420
23532341421
23532341422
23532341423
23532341424
23532341425
23532341426
23532341427
23532341428
23532341429
23532341430
23532341431
23532341432
23532341433
23532341434
23532341435
23532341436
23532341437
23532341438
23532341439
23532341440
23532341441
23532341442
23532341443
23532341444
23532341445
23532341446
23532341447
29360982324
29360982325
29360982326
29360982327
29360982328
29360982329
29360982330
29360982331
29360982332
29360982333
29360982334
29360982335
29360982336
29360982337
29360982338
29360982339
29360982340
29360982341
29360982342
29360982343
29360982344
29360982345
29360982346
29360982347
29360982348
29360982349
29360982350
29360982351
29360982352
29360982353
29360982354
29360982355
29360982356
29360982357
29360982358
29360982359
29360982360
29360982361
29360982362
29360982363
29360982364
29360982365
29360982366
29360982367
29360982368
29360982369
29360982370
29360982371
29360982372
29360982373
29360982374
29360982375
29360982376
29360982377
29360982378
29360982379
29360982380
29360982381
29360982382
29360982383
29360982384
29360982385
29360982386
29360982387
29360982388
29360982389
29360982390
29360982391
29360982392
29360982393
29360982394
29360982395
29360982396
29360982397
29360982398
29360982399
29360982400
29360982401
29360982402
29360982403
29360982404
29360982405
29360982406
29360982407
29360982408
29360982409
29360982410
29360982411
29360982412
29360982413
29360982414
29360982415
29360982416
29360982417
29360982418
29360982419
29360982420
29360982421
29360982422
29360982423
15328707199
15328707200
15328707201
15328707202
15328707203
15328707204
15328707205
15328707206
15328707207
15328707208
15328707209
15328707210
15328707211
15328707212
15328707213
15328707214
15328707215
15328707216
15328707217
15328707218
15328707219
15328707220
15328707221
15328707222
15328707223
15328707224
15328707225
15328707226
15328707227
15328707228
15328707229
15328707230
15328707231
15328707232
15328707233
15328707234
15328707235
15328707236
15328707237
15328707238
15328707239
15328707240
15328707241
15328707242
15328707243
15328707244
15328707245
15328707246
15328707247
15328707248
15328707249
15328707250
15328707251
15328707252
15328707253
15328707254
15328707255
15328707256
15328707257
15328707258
15328707259
15328707260
15328707261
15328707262
15328707263
15328707264
15328707265
15328707266
15328707267
15328707268
15328707269
15328707270
15328707271
15328707272
15328707273
15328707274
15328707275
15328707276
15328707277
15328707278
15328707279
15328707280
15328707281
15328707282
15328707283
15328707284
15328707285
15328707286
15328707287
15328707288
15328707289
15328707290
15328707291
15328707292
15328707293
15328707294
15328707295
15328707296
15328707297
15328707298
22695948528
22695948529
22695948530
22695948531
22695948532
22695948533
22695948534
22695948535
22695948536
22695948537
22695948538
22695948539
22695948540
22695948541
22695948542
22695948543
22695948544
22695948545
22695948546
22695948547
22695948548
22695948549
22695948550
22695948551
22695948552
22695948553
22695948554
22695948555
22695948556
22695948557
22695948558
22695948559
22695948560
22695948561
22695948562
22695948563
22695948564
22695948565
22695948566
22695948567
22695948568
22695948569
22695948570
22695948571
22695948572
22695948573
22695948574
22695948575
22695948576
22695948577
22695948578
22695948579
22695948580
22695948581
22695948582
22695948583
22695948584
22695948585
22695948586
22695948587
22695948588
22695948589
22695948590
22695948591
22695948592
22695948593
22695948594
22695948595
22695948596
22695948597
22695948598
22695948599
22695948600
22695948601
22695948602
22695948603
22695948604
22695948605
22695948606
22695948607
22695948608
22695948609
22695948610
22695948611
22695948612
22695948613
22695948614
22695948615
22695948616
22695948617
22695948618
22695948619
22695948620
22695948621
22695948622
22695948623
22695948624
22695948625
22695948626
22695948627
25192994852
25192994853
25192994854
25192994855
25192994856
25192994857
25192994858
25192994859
25192994860
25192994861
25192994862
25192994863
25192994864
25192994865
25192994866
25192994867
25192994868
25192994869
25192994870
25192994871
25192994872
25192994873
25192994874
25192994875
25192994876
25192994877
25192994878
25192994879
25192994880
25192994881
25192994882
25192994883
25192994884
25192994885
25192994886
25192994887
25192994888
25192994889
25192994890
25192994891
25192994892
25192994893
25192994894
25192994895
25192994896
25192994897
25192994898
25192994899
25192994900
25192994901
25192994902
25192994903
25192994904
25192994905
25192994906
25192994907
25192994908
25192994909
25192994910
25192994911
25192994912
25192994913
25192994914
25192994915
25192994916
25192994917
25192994918
25192994919
25192994920
25192994921
25192994922
25192994923
25192994924
25192994925
25192994926
25192994927
25192994928
25192994929
25192994930
25192994931
25192994932
25192994933
25192994934
25192994935
25192994936
25192994937
25192994938
25192994939
25192994940
25192994941
25192994942
25192994943
25192994944
25192994945
25192994946
25192994947
25192994948
25192994949
25192994950
25192994951
24625447948
24625447949
24625447950
24625447951
24625447952
24625447953
24625447954
24625447955
24625447956
24625447957
24625447958
24625447959
24625447960
24625447961
24625447962
24625447963
24625447964
24625447965
24625447966
24625447967
24625447968
24625447969
24625447970
24625447971
24625447972
24625447973
24625447974
24625447975
24625447976
24625447977
24625447978
24625447979
24625447980
24625447981
24625447982
24625447983
24625447984
24625447985
24625447986
24625447987
24625447988
24625447989
24625447990
24625447991
24625447992
24625447993
24625447994
24625447995
24625447996
24625447997
24625447998
24625447999
24625448000
24625448001
24625448002
24625448003
24625448004
24625448005
24625448006
24625448007
24625448008
24625448009
24625448010
24625448011
24625448012
24625448013
24625448014
24625448015
24625448016
24625448017
24625448018
24625448019
24625448020
24625448021
24625448022
24625448023
24625448024
24625448025
24625448026
24625448027
24625448028
24625448029
24625448030
24625448031
24625448032
24625448033
24625448034
24625448035
24625448036
24625448037
24625448038
24625448039
24625448040
24625448041
24625448042
24625448043
24625448044
24625448045
24625448046
24625448047
26184121367
26184121368
26184121369
26184121370
26184121371
26184121372
26184121373
26184121374
26184121375
26184121376
26184121377
26184121378
26184121379
26184121380
26184121381
26184121382
26184121383
26184121384
26184121385
26184121386
26184121387
26184121388
26184121389
26184121390
26184121391
26184121392
26184121393
26184121394
26184121395
26184121396
26184121397
26184121398
26184121399
26184121400
26184121401
26184121402
26184121403
26184121404
26184121405
26184121406
26184121407
26184121408
26184121409
26184121410
26184121411
26184121412
26184121413
26184121414
26184121415
26184121416
26184121417
26184121418
26184121419
26184121420
26184121421
26184121422
26184121423
26184121424
26184121425
26184121426
26184121427
26184121428
26184121429
26184121430
26184121431
26184121432
26184121433
26184121434
26184121435
26184121436
26184121437
26184121438
26184121439
26184121440
26184121441
26184121442
26184121443
26184121444
26184121445
26184121446
26184121447
26184121448
26184121449
26184121450
26184121451
26184121452
26184121453
26184121454
26184121455
26184121456
26184121457
26184121458
26184121459
26184121460
26184121461
26184121462
26184121463
26184121464
26184121465
26184121466
15260020001
15260020002
15260020003
15260020004
15260020005
15260020006
15260020007
15260020008
15260020009
15260020010
15260020011
15260020012
15260020013
15260020014
15260020015
15260020016
15260020017
15260020018
15260020019
15260020020
15260020021
15260020022
15260020023
15260020024
15260020025
15260020026
15260020027
15260020028
15260020029
15260020030
15260020031
15260020032
15260020033
15260020034
15260020035
15260020036
15260020037
15260020038
15260020039
15260020040
15260020041
15260020042
15260020043
15260020044
15260020045
15260020046
15260020047
15260020048
15260020049
15260020050
15260020051
15260020052
15260020053
15260020054
15260020055
15260020056
15260020057
15260020058
15260020059
15260020060
15260020061
15260020062
15260020063
15260020064
15260020065
15260020066
15260020067
15260020068
15260020069
15260020070
15260020071
15260020072
15260020073
15260020074
15260020075
15260020076
15260020077
15260020078
15260020079
15260020080
15260020081
15260020082
15260020083
15260020084
15260020085
15260020086
15260020087
15260020088
15260020089
15260020090
15260020091
15260020092
15260020093
15260020094
15260020095
15260020096
15260020097
15260020098
15260020099
15260020100
25317476285
25317476286
25317476287
25317476288
25317476289
25317476290
25317476291
25317476292
25317476293
25317476294
25317476295
25317476296
25317476297
25317476298
25317476299
25317476300
25317476301
25317476302
25317476303
25317476304
25317476305
25317476306
25317476307
25317476308
25317476309
25317476310
25317476311
25317476312
25317476313
25317476314
25317476315
25317476316
25317476317
25317476318
25317476319
25317476320
25317476321
25317476322
25317476323
25317476324
25317476325
25317476326
25317476327
25317476328
25317476329
25317476330
25317476331
25317476332
25317476333
25317476334
25317476335
25317476336
25317476337
25317476338
25317476339
25317476340
25317476341
25317476342
25317476343
25317476344
25317476345
25317476346
25317476347
25317476348
25317476349
25317476350
25317476351
25317476352
25317476353
25317476354
25317476355
25317476356
25317476357
25317476358
25317476359
25317476360
25317476361
25317476362
25317476363
25317476364
25317476365
25317476366
25317476367
25317476368
25317476369
25317476370
25317476371
25317476372
25317476373
25317476374
25317476375
25317476376
25317476377
25317476378
25317476379
25317476380
25317476381
25317476382
25317476383
25317476384
19284006729
19284006730
19284006731
19284006732
19284006733
19284006734
19284006735
19284006736
19284006737
19284006738
19284006739
19284006740
19284006741
19284006742
19284006743
19284006744
19284006745
19284006746
19284006747
19284006748
19284006749
19284006750
19284006751
19284006752
19284006753
19284006754
19284006755
19284006756
19284006757
19284006758
19284006759
19284006760
19284006761
19284006762
19284006763
19284006764
19284006765
19284006766
19284006767
19284006768
19284006769
19284006770
19284006771
19284006772
19284006773
19284006774
19284006775
19284006776
19284006777
19284006778
19284006779
19284006780
19284006781
19284006782
19284006783
19284006784
19284006785
19284006786
19284006787
19284006788
19284006789
19284006790
19284006791
19284006792
19284006793
19284006794
19284006795
19284006796
19284006797
19284006798
19284006799
19284006800
19284006801
19284006802
19284006803
19284006804
19284006805
19284006806
19284006807
19284006808
19284006809
19284006810
19284006811
19284006812
19284006813
19284006814
19284006815
19284006816
19284006817
19284006818
19284006819
19284006820
19284006821
19284006822
19284006823
19284006824
19284006825
19284006826
19284006827
19284006828
27541273054
27541273055
27541273056
27541273057
27541273058
27541273059
27541273060
27541273061
27541273062
27541273063
27541273064
27541273065
27541273066
27541273067
27541273068
27541273069
27541273070
27541273071
27541273072
27541273073
27541273074
27541273075
27541273076
27541273077
27541273078
27541273079
27541273080
27541273081
27541273082
27541273083
27541273084
27541273085
27541273086
27541273087
27541273088
27541273089
27541273090
27541273091
27541273092
27541273093
27541273094
27541273095
27541273096
27541273097
27541273098
27541273099
27541273100
27541273101
27541273102
27541273103
27541273104
27541273105
27541273106
27541273107
27541273108
27541273109
27541273110
27541273111
27541273112
27541273113
27541273114
27541273115
27541273116
27541273117
27541273118
27541273119
27541273120
27541273121
27541273122
27541273123
27541273124
27541273125
27541273126
27541273127
27541273128
27541273129
27541273130
27541273131
27541273132
27541273133
27541273134
27541273135
27541273136
27541273137
27541273138
27541273139
27541273140
27541273141
27541273142
27541273143
27541273144
27541273145
27541273146
27541273147
27541273148
27541273149
27541273150
27541273151
27541273152
27541273153
15457480918
15457480919
15457480920
15457480921
15457480922
15457480923
15457480924
15457480925
15457480926
15457480927
15457480928
15457480929
15457480930
15457480931
15457480932
15457480933
15457480934
15457480935
15457480936
15457480937
15457480938
15457480939
15457480940
15457480941
15457480942
15457480943
15457480944
15457480945
15457480946
15457480947
15457480948
15457480949
15457480950
15457480951
15457480952
15457480953
15457480954
15457480955
15457480956
15457480957
15457480958
15457480959
15457480960
15457480961
15457480962
15457480963
15457480964
15457480965
15457480966
15457480967
15457480968
15457480969
15457480970
15457480971
15457480972
15457480973
15457480974
15457480975
15457480976
15457480977
15457480978
15457480979
15457480980
15457480981
15457480982
15457480983
15457480984
15457480985
15457480986
15457480987
15457480988
15457480989
15457480990
15457480991
15457480992
15457480993
15457480994
15457480995
15457480996
15457480997
15457480998
15457480999
15457481000
15457481001
15457481002
15457481003
15457481004
15457481005
15457481006
15457481007
15457481008
15457481009
15457481010
15457481011
15457481012
15457481013
15457481014
15457481015
15457481016
15457481017
21251233012
21251233013
21251233014
21251233015
21251233016
21251233017
21251233018
21251233019
21251233020
21251233021
21251233022
21251233023
21251233024
21251233025
21251233026
21251233027
21251233028
21251233029
21251233030
21251233031
21251233032
21251233033
21251233034
21251233035
21251233036
21251233037
21251233038
21251233039
21251233040
21251233041
21251233042
21251233043
21251233044
21251233045
21251233046
21251233047
21251233048
21251233049
21251233050
21251233051
21251233052
21251233053
21251233054
21251233055
21251233056
21251233057
21251233058
21251233059
21251233060
21251233061
21251233062
21251233063
21251233064
21251233065
21251233066
21251233067
21251233068
21251233069
21251233070
21251233071
21251233072
21251233073
21251233074
21251233075
21251233076
21251233077
21251233078
21251233079
21251233080
21251233081
21251233082
21251233083
21251233084
21251233085
21251233086
21251233087
21251233088
21251233089
21251233090
21251233091
21251233092
21251233093
21251233094
21251233095
21251233096
21251233097
21251233098
21251233099
21251233100
21251233101
21251233102
21251233103
21251233104
21251233105
21251233106
21251233107
21251233108
21251233109
21251233110
21251233111
16452934028
16452934029
16452934030
16452934031
16452934032
16452934033
16452934034
16452934035
16452934036
16452934037
16452934038
16452934039
16452934040
16452934041
16452934042
16452934043
16452934044
16452934045
16452934046
16452934047
16452934048
16452934049
16452934050
16452934051
16452934052
16452934053
16452934054
16452934055
16452934056
16452934057
16452934058
16452934059
16452934060
16452934061
16452934062
16452934063
16452934064
16452934065
16452934066
16452934067
16452934068
16452934069
16452934070
16452934071
16452934072
16452934073
16452934074
16452934075
16452934076
16452934077
16452934078
16452934079
16452934080
16452934081
16452934082
16452934083
16452934084
16452934085
16452934086
16452934087
16452934088
16452934089
16452934090
16452934091
16452934092
16452934093
16452934094
16452934095
16452934096
16452934097
16452934098
16452934099
16452934100
16452934101
16452934102
16452934103
16452934104
16452934105
16452934106
16452934107
16452934108
16452934109
16452934110
16452934111
16452934112
16452934113
16452934114
16452934115
16452934116
16452934117
16452934118
16452934119
16452934120
16452934121
16452934122
16452934123
16452934124
16452934125
16452934126
16452934127
20595265369
20595265370
20595265371
20595265372
20595265373
20595265374
20595265375
20595265376
20595265377
20595265378
20595265379
20595265380
20595265381
20595265382
20595265383
20595265384
20595265385
20595265386
20595265387
20595265388
20595265389
20595265390
20595265391
20595265392
20595265393
20595265394
20595265395
20595265396
20595265397
20595265398
20595265399
20595265400
20595265401
20595265402
20595265403
20595265404
20595265405
20595265406
20595265407
20595265408
20595265409
20595265410
20595265411
20595265412
20595265413
20595265414
20595265415
20595265416
20595265417
20595265418
20595265419
20595265420
20595265421
20595265422
20595265423
20595265424
20595265425
20595265426
20595265427
20595265428
20595265429
20595265430
20595265431
20595265432
20595265433
20595265434
20595265435
20595265436
20595265437
20595265438
20595265439
20595265440
20595265441
20595265442
20595265443
20595265444
20595265445
20595265446
20595265447
20595265448
20595265449
20595265450
20595265451
20595265452
20595265453
20595265454
20595265455
20595265456
20595265457
20595265458
20595265459
20595265460
20595265461
20595265462
20595265463
20595265464
20595265465
20595265466
20595265467
20595265468
22032808716
22032808717
22032808718
22032808719
22032808720
22032808721
22032808722
22032808723
22032808724
22032808725
22032808726
22032808727
22032808728
22032808729
22032808730
22032808731
22032808732
22032808733
22032808734
22032808735
22032808736
22032808737
22032808738
22032808739
22032808740
22032808741
22032808742
22032808743
22032808744
22032808745
22032808746
22032808747
22032808748
22032808749
22032808750
22032808751
22032808752
22032808753
22032808754
22032808755
22032808756
22032808757
22032808758
22032808759
22032808760
22032808761
22032808762
22032808763
22032808764
22032808765
22032808766
22032808767
22032808768
22032808769
22032808770
22032808771
22032808772
22032808773
22032808774
22032808775
22032808776
22032808777
22032808778
22032808779
22032808780
22032808781
22032808782
22032808783
22032808784
22032808785
22032808786
22032808787
22032808788
22032808789
22032808790
22032808791
22032808792
22032808793
22032808794
22032808795
22032808796
22032808797
22032808798
22032808799
22032808800
22032808801
22032808802
22032808803
22032808804
22032808805
22032808806
22032808807
22032808808
22032808809
22032808810
22032808811
22032808812
22032808813
22032808814
22032808815
29480617273
29480617274
29480617275
29480617276
29480617277
29480617278
29480617279
29480617280
29480617281
29480617282
29480617283
29480617284
29480617285
29480617286
29480617287
29480617288
29480617289
29480617290
29480617291
29480617292
29480617293
29480617294
29480617295
29480617296
29480617297
29480617298
29480617299
29480617300
29480617301
29480617302
29480617303
29480617304
29480617305
29480617306
29480617307
29480617308
29480617309
29480617310
29480617311
29480617312
29480617313
29480617314
29480617315
29480617316
29480617317
29480617318
29480617319
29480617320
29480617321
29480617322
29480617323
29480617324
29480617325
29480617326
29480617327
29480617328
29480617329
29480617330
29480617331
29480617332
29480617333
29480617334
29480617335
29480617336
29480617337
29480617338
29480617339
29480617340
29480617341
29480617342
29480617343
29480617344
29480617345
29480617346
29480617347
29480617348
29480617349
29480617350
29480617351
29480617352
29480617353
29480617354
29480617355
29480617356
29480617357
29480617358
29480617359
29480617360
29480617361
29480617362
29480617363
29480617364
29480617365
29480617366
29480617367
29480617368
29480617369
29480617370
29480617371
29480617372
15916358484
15916358485
15916358486
15916358487
15916358488
15916358489
15916358490
15916358491
15916358492
15916358493
15916358494
15916358495
15916358496
15916358497
15916358498
15916358499
15916358500
15916358501
15916358502
15916358503
15916358504
15916358505
15916358506
15916358507
15916358508
15916358509
15916358510
15916358511
15916358512
15916358513
15916358514
15916358515
15916358516
15916358517
15916358518
15916358519
15916358520
15916358521
15916358522
15916358523
15916358524
15916358525
15916358526
15916358527
15916358528
15916358529
15916358530
15916358531
15916358532
15916358533
15916358534
15916358535
15916358536
15916358537
15916358538
15916358539
15916358540
15916358541
15916358542
15916358543
15916358544
15916358545
15916358546
15916358547
15916358548
15916358549
15916358550
15916358551
15916358552
15916358553
15916358554
15916358555
15916358556
15916358557
15916358558
15916358559
15916358560
15916358561
15916358562
15916358563
15916358564
15916358565
15916358566
15916358567
15916358568
15916358569
15916358570
15916358571
15916358572
15916358573
15916358574
15916358575
15916358576
15916358577
15916358578
15916358579
15916358580
15916358581
15916358582
15916358583
26965285310
26965285311
26965285312
26965285313
26965285314
26965285315
26965285316
26965285317
26965285318
26965285319
26965285320
26965285321
26965285322
26965285323
26965285324
26965285325
26965285326
26965285327
26965285328
26965285329
26965285330
26965285331
26965285332
26965285333
26965285334
26965285335
26965285336
26965285337
26965285338
26965285339
26965285340
26965285341
26965285342
26965285343
26965285344
26965285345
26965285346
26965285347
26965285348
26965285349
26965285350
26965285351
26965285352
26965285353
26965285354
26965285355
26965285356
26965285357
26965285358
26965285359
26965285360
26965285361
26965285362
26965285363
26965285364
26965285365
26965285366
26965285367
26965285368
26965285369
26965285370
26965285371
26965285372
26965285373
26965285374
26965285375
26965285376
26965285377
26965285378
26965285379
26965285380
26965285381
26965285382
26965285383
26965285384
26965285385
26965285386
26965285387
26965285388
26965285389
26965285390
26965285391
26965285392
26965285393
26965285394
26965285395
26965285396
26965285397
26965285398
26965285399
26965285400
26965285401
26965285402
26965285403
26965285404
26965285405
26965285406
26965285407
26965285408
26965285409
23702943944
23702943945
23702943946
23702943947
23702943948
23702943949
23702943950
23702943951
23702943952
23702943953
23702943954
23702943955
23702943956
23702943957
23702943958
23702943959
23702943960
23702943961
23702943962
23702943963
23702943964
23702943965
23702943966
23702943967
23702943968
23702943969
23702943970
23702943971
23702943972
23702943973
23702943974
23702943975
23702943976
23702943977
23702943978
23702943979
23702943980
23702943981
23702943982
23702943983
23702943984
23702943985
23702943986
23702943987
23702943988
23702943989
23702943990
23702943991
23702943992
23702943993
23702943994
23702943995
23702943996
23702943997
23702943998
23702943999
23702944000
23702944001
23702944002
23702944003
23702944004
23702944005
23702944006
23702944007
23702944008
23702944009
23702944010
23702944011
23702944012
23702944013
23702944014
23702944015
23702944016
23702944017
23702944018
23702944019
23702944020
23702944021
23702944022
23702944023
23702944024
23702944025
23702944026
23702944027
23702944028
23702944029
23702944030
23702944031
23702944032
23702944033
23702944034
23702944035
23702944036
23702944037
23702944038
23702944039
23702944040
23702944041
23702944042
23702944043
15891819865
15891819866
15891819867
15891819868
15891819869
15891819870
15891819871
15891819872
15891819873
15891819874
15891819875
15891819876
15891819877
15891819878
15891819879
15891819880
15891819881
15891819882
15891819883
15891819884
15891819885
15891819886
15891819887
15891819888
15891819889
15891819890
15891819891
15891819892
15891819893
15891819894
15891819895
15891819896
15891819897
15891819898
15891819899
15891819900
15891819901
15891819902
15891819903
15891819904
15891819905
15891819906
15891819907
15891819908
15891819909
15891819910
15891819911
15891819912
15891819913
15891819914
15891819915
15891819916
15891819917
15891819918
15891819919
15891819920
15891819921
15891819922
15891819923
15891819924
15891819925
15891819926
15891819927
15891819928
15891819929
15891819930
15891819931
15891819932
15891819933
15891819934
15891819935
15891819936
15891819937
15891819938
15891819939
15891819940
15891819941
15891819942
15891819943
15891819944
15891819945
15891819946
15891819947
15891819948
15891819949
15891819950
15891819951
15891819952
15891819953
15891819954
15891819955
15891819956
15891819957
15891819958
15891819959
15891819960
15891819961
15891819962
15891819963
15891819964
21699402611
21699402612
21699402613
21699402614
21699402615
21699402616
21699402617
21699402618
21699402619
21699402620
21699402621
21699402622
21699402623
21699402624
21699402625
21699402626
21699402627
21699402628
21699402629
21699402630
21699402631
21699402632
21699402633
21699402634
21699402635
21699402636
21699402637
21699402638
21699402639
21699402640
21699402641
21699402642
21699402643
21699402644
21699402645
21699402646
21699402647
21699402648
21699402649
21699402650
21699402651
21699402652
21699402653
21699402654
21699402655
21699402656
21699402657
21699402658
21699402659
21699402660
21699402661
21699402662
21699402663
21699402664
21699402665
21699402666
21699402667
21699402668
21699402669
21699402670
21699402671
21699402672
21699402673
21699402674
21699402675
21699402676
21699402677
21699402678
21699402679
21699402680
21699402681
21699402682
21699402683
21699402684
21699402685
21699402686
21699402687
21699402688
21699402689
21699402690
21699402691
21699402692
21699402693
21699402694
21699402695
21699402696
21699402697
21699402698
21699402699
21699402700
21699402701
21699402702
21699402703
21699402704
21699402705
21699402706
21699402707
21699402708
21699402709
21699402710
26373001259
26373001260
26373001261
26373001262
26373001263
26373001264
26373001265
26373001266
26373001267
26373001268
26373001269
26373001270
26373001271
26373001272
26373001273
26373001274
26373001275
26373001276
26373001277
26373001278
26373001279
26373001280
26373001281
26373001282
26373001283
26373001284
26373001285
26373001286
26373001287
26373001288
26373001289
26373001290
26373001291
26373001292
26373001293
26373001294
26373001295
26373001296
26373001297
26373001298
26373001299
26373001300
26373001301
26373001302
26373001303
26373001304
26373001305
26373001306
26373001307
26373001308
26373001309
26373001310
26373001311
26373001312
26373001313
26373001314
26373001315
26373001316
26373001317
26373001318
26373001319
26373001320
26373001321
26373001322
26373001323
26373001324
26373001325
26373001326
26373001327
26373001328
26373001329
26373001330
26373001331
26373001332
26373001333
26373001334
26373001335
26373001336
26373001337
26373001338
26373001339
26373001340
26373001341
26373001342
26373001343
26373001344
26373001345
26373001346
26373001347
26373001348
26373001349
26373001350
26373001351
26373001352
26373001353
26373001354
26373001355
26373001356
26373001357
26373001358
16556814287
16556814288
16556814289
16556814290
16556814291
16556814292
16556814293
16556814294
16556814295
16556814296
16556814297
16556814298
16556814299
16556814300
16556814301
16556814302
16556814303
16556814304
16556814305
16556814306
16556814307
16556814308
16556814309
16556814310
16556814311
16556814312
16556814313
16556814314
16556814315
16556814316
16556814317
16556814318
16556814319
16556814320
16556814321
16556814322
16556814323
16556814324
16556814325
16556814326
16556814327
16556814328
16556814329
16556814330
16556814331
16556814332
16556814333
16556814334
16556814335
16556814336
16556814337
16556814338
16556814339
16556814340
16556814341
16556814342
16556814343
16556814344
16556814345
16556814346
16556814347
16556814348
16556814349
16556814350
16556814351
16556814352
16556814353
16556814354
16556814355
16556814356
16556814357
16556814358
16556814359
16556814360
16556814361
16556814362
16556814363
16556814364
16556814365
16556814366
16556814367
16556814368
16556814369
16556814370
16556814371
16556814372
16556814373
16556814374
16556814375
16556814376
16556814377
16556814378
16556814379
16556814380
16556814381
16556814382
16556814383
16556814384
16556814385
16556814386
28196942073
28196942074
28196942075
28196942076
28196942077
28196942078
28196942079
28196942080
28196942081
28196942082
28196942083
28196942084
28196942085
28196942086
28196942087
28196942088
28196942089
28196942090
28196942091
28196942092
28196942093
28196942094
28196942095
28196942096
28196942097
28196942098
28196942099
28196942100
28196942101
28196942102
28196942103
28196942104
28196942105
28196942106
28196942107
28196942108
28196942109
28196942110
28196942111
28196942112
28196942113
28196942114
28196942115
28196942116
28196942117
28196942118
28196942119
28196942120
28196942121
28196942122
28196942123
28196942124
28196942125
28196942126
28196942127
28196942128
28196942129
28196942130
28196942131
28196942132
28196942133
28196942134
28196942135
28196942136
28196942137
28196942138
28196942139
28196942140
28196942141
28196942142
28196942143
28196942144
28196942145
28196942146
28196942147
28196942148
28196942149
28196942150
28196942151
28196942152
28196942153
28196942154
28196942155
28196942156
28196942157
28196942158
28196942159
28196942160
28196942161
28196942162
28196942163
28196942164
28196942165
28196942166
28196942167
28196942168
28196942169
28196942170
28196942171
28196942172
24583382728
24583382729
24583382730
24583382731
24583382732
24583382733
24583382734
24583382735
24583382736
24583382737
24583382738
24583382739
24583382740
24583382741
24583382742
24583382743
24583382744
24583382745
24583382746
24583382747
24583382748
24583382749
24583382750
24583382751
24583382752
24583382753
24583382754
24583382755
24583382756
24583382757
24583382758
24583382759
24583382760
24583382761
24583382762
24583382763
24583382764
24583382765
24583382766
24583382767
24583382768
24583382769
24583382770
24583382771
24583382772
24583382773
24583382774
24583382775
24583382776
24583382777
24583382778
24583382779
24583382780
24583382781
24583382782
24583382783
24583382784
24583382785
24583382786
24583382787
24583382788
24583382789
24583382790
24583382791
24583382792
24583382793
24583382794
24583382795
24583382796
24583382797
24583382798
24583382799
24583382800
24583382801
24583382802
24583382803
24583382804
24583382805
24583382806
24583382807
24583382808
24583382809
24583382810
24583382811
24583382812
24583382813
24583382814
24583382815
24583382816
24583382817
24583382818
24583382819
24583382820
24583382821
24583382822
24583382823
24583382824
24583382825
24583382826
24583382827
20344506689
20344506690
20344506691
20344506692
20344506693
20344506694
20344506695
20344506696
20344506697
20344506698
20344506699
20344506700
20344506701
20344506702
20344506703
20344506704
20344506705
20344506706
20344506707
20344506708
20344506709
20344506710
20344506711
20344506712
20344506713
20344506714
20344506715
20344506716
20344506717
20344506718
20344506719
20344506720
20344506721
20344506722
20344506723
20344506724
20344506725
20344506726
20344506727
20344506728
20344506729
20344506730
20344506731
20344506732
20344506733
20344506734
20344506735
20344506736
20344506737
20344506738
20344506739
20344506740
20344506741
20344506742
20344506743
20344506744
20344506745
20344506746
20344506747
20344506748
20344506749
20344506750
20344506751
20344506752
20344506753
20344506754
20344506755
20344506756
20344506757
20344506758
20344506759
20344506760
20344506761
20344506762
20344506763
20344506764
20344506765
20344506766
20344506767
20344506768
20344506769
20344506770
20344506771
20344506772
20344506773
20344506774
20344506775
20344506776
20344506777
20344506778
20344506779
20344506780
20344506781
20344506782
20344506783
20344506784
20344506785
20344506786
20344506787
20344506788
15006202839
15006202840
15006202841
15006202842
15006202843
15006202844
15006202845
15006202846
15006202847
15006202848
15006202849
15006202850
15006202851
15006202852
15006202853
15006202854
15006202855
15006202856
15006202857
15006202858
15006202859
15006202860
15006202861
15006202862
15006202863
15006202864
15006202865
15006202866
15006202867
15006202868
15006202869
15006202870
15006202871
15006202872
15006202873
15006202874
15006202875
15006202876
15006202877
15006202878
15006202879
15006202880
15006202881
15006202882
15006202883
15006202884
15006202885
15006202886
15006202887
15006202888
15006202889
15006202890
15006202891
15006202892
15006202893
15006202894
15006202895
15006202896
15006202897
15006202898
15006202899
15006202900
15006202901
15006202902
15006202903
15006202904
15006202905
15006202906
15006202907
15006202908
15006202909
15006202910
15006202911
15006202912
15006202913
15006202914
15006202915
15006202916
15006202917
15006202918
15006202919
15006202920
15006202921
15006202922
15006202923
15006202924
15006202925
15006202926
15006202927
15006202928
15006202929
15006202930
15006202931
15006202932
15006202933
15006202934
15006202935
15006202936
15006202937
15006202938
14895262211
14895262212
14895262213
14895262214
14895262215
14895262216
14895262217
14895262218
14895262219
14895262220
14895262221
14895262222
14895262223
14895262224
14895262225
14895262226
14895262227
14895262228
14895262229
14895262230
14895262231
14895262232
14895262233
14895262234
14895262235
14895262236
14895262237
14895262238
14895262239
14895262240
14895262241
14895262242
14895262243
14895262244
14895262245
14895262246
14895262247
14895262248
14895262249
14895262250
14895262251
14895262252
14895262253
14895262254
14895262255
14895262256
14895262257
14895262258
14895262259
14895262260
14895262261
14895262262
14895262263
14895262264
14895262265
14895262266
14895262267
14895262268
14895262269
14895262270
14895262271
14895262272
14895262273
14895262274
14895262275
14895262276
14895262277
14895262278
14895262279
14895262280
14895262281
14895262282
14895262283
14895262284
14895262285
14895262286
14895262287
14895262288
14895262289
14895262290
14895262291
14895262292
14895262293
14895262294
14895262295
14895262296
14895262297
14895262298
14895262299
14895262300
14895262301
14895262302
14895262303
14895262304
14895262305
14895262306
14895262307
14895262308
14895262309
14895262310
23467999000
23467999001
23467999002
23467999003
23467999004
23467999005
23467999006
23467999007
23467999008
23467999009
23467999010
23467999011
23467999012
23467999013
23467999014
23467999015
23467999016
23467999017
23467999018
23467999019
23467999020
23467999021
23467999022
23467999023
23467999024
23467999025
23467999026
23467999027
23467999028
23467999029
23467999030
23467999031
23467999032
23467999033
23467999034
23467999035
23467999036
23467999037
23467999038
23467999039
23467999040
23467999041
23467999042
23467999043
23467999044
23467999045
23467999046
23467999047
23467999048
23467999049
23467999050
23467999051
23467999052
23467999053
23467999054
23467999055
23467999056
23467999057
23467999058
23467999059
23467999060
23467999061
23467999062
23467999063
23467999064
23467999065
23467999066
23467999067
23467999068
23467999069
23467999070
23467999071
23467999072
23467999073
23467999074
23467999075
23467999076
23467999077
23467999078
23467999079
23467999080
23467999081
23467999082
23467999083
23467999084
23467999085
23467999086
23467999087
23467999088
23467999089
23467999090
23467999091
23467999092
23467999093
23467999094
23467999095
23467999096
23467999097
23467999098
23467999099
16822013118
16822013119
16822013120
16822013121
16822013122
16822013123
16822013124
16822013125
16822013126
16822013127
16822013128
16822013129
16822013130
16822013131
16822013132
16822013133
16822013134
16822013135
16822013136
16822013137
16822013138
16822013139
16822013140
16822013141
16822013142
16822013143
16822013144
16822013145
16822013146
16822013147
16822013148
16822013149
16822013150
16822013151
16822013152
16822013153
16822013154
16822013155
16822013156
16822013157
16822013158
16822013159
16822013160
16822013161
16822013162
16822013163
16822013164
16822013165
16822013166
16822013167
16822013168
16822013169
16822013170
16822013171
16822013172
16822013173
16822013174
16822013175
16822013176
16822013177
16822013178
16822013179
16822013180
16822013181
16822013182
16822013183
16822013184
16822013185
16822013186
16822013187
16822013188
16822013189
16822013190
16822013191
16822013192
16822013193
16822013194
16822013195
16822013196
16822013197
16822013198
16822013199
16822013200
16822013201
16822013202
16822013203
16822013204
16822013205
16822013206
16822013207
16822013208
16822013209
16822013210
16822013211
16822013212
16822013213
16822013214
16822013215
16822013216
16822013217
27770303288
27770303289
27770303290
27770303291
27770303292
27770303293
27770303294
27770303295
27770303296
27770303297
27770303298
27770303299
27770303300
27770303301
27770303302
27770303303
27770303304
27770303305
27770303306
27770303307
27770303308
27770303309
27770303310
27770303311
27770303312
27770303313
27770303314
27770303315
27770303316
27770303317
27770303318
27770303319
27770303320
27770303321
27770303322
27770303323
27770303324
27770303325
27770303326
27770303327
27770303328
27770303329
27770303330
27770303331
27770303332
27770303333
27770303334
27770303335
27770303336
27770303337
27770303338
27770303339
27770303340
27770303341
27770303342
27770303343
27770303344
27770303345
27770303346
27770303347
27770303348
27770303349
27770303350
27770303351
27770303352
27770303353
27770303354
27770303355
27770303356
27770303357
27770303358
27770303359
27770303360
27770303361
27770303362
27770303363
27770303364
27770303365
27770303366
27770303367
27770303368
27770303369
27770303370
27770303371
27770303372
27770303373
27770303374
27770303375
27770303376
27770303377
27770303378
27770303379
27770303380
27770303381
27770303382
27770303383
27770303384
27770303385
27770303386
27770303387
16715849383
16715849384
16715849385
16715849386
16715849387
16715849388
16715849389
16715849390
16715849391
16715849392
16715849393
16715849394
16715849395
16715849396
16715849397
16715849398
16715849399
16715849400
16715849401
16715849402
16715849403
16715849404
16715849405
16715849406
16715849407
16715849408
16715849409
16715849410
16715849411
16715849412
16715849413
16715849414
16715849415
16715849416
16715849417
16715849418
16715849419
16715849420
16715849421
16715849422
16715849423
16715849424
16715849425
16715849426
16715849427
16715849428
16715849429
16715849430
16715849431
16715849432
16715849433
16715849434
16715849435
16715849436
16715849437
16715849438
16715849439
16715849440
16715849441
16715849442
16715849443
16715849444
16715849445
16715849446
16715849447
16715849448
16715849449
16715849450
16715849451
16715849452
16715849453
16715849454
16715849455
16715849456
16715849457
16715849458
16715849459
16715849460
16715849461
16715849462
16715849463
16715849464
16715849465
16715849466
16715849467
16715849468
16715849469
16715849470
16715849471
16715849472
16715849473
16715849474
16715849475
16715849476
16715849477
16715849478
16715849479
16715849480
16715849481
16715849482
25270055886
25270055887
25270055888
25270055889
25270055890
25270055891
25270055892
25270055893
25270055894
25270055895
25270055896
25270055897
25270055898
25270055899
25270055900
25270055901
25270055902
25270055903
25270055904
25270055905
25270055906
25270055907
25270055908
25270055909
25270055910
25270055911
25270055912
25270055913
25270055914
25270055915
25270055916
25270055917
25270055918
25270055919
25270055920
25270055921
25270055922
25270055923
25270055924
25270055925
25270055926
25270055927
25270055928
25270055929
25270055930
25270055931
25270055932
25270055933
25270055934
25270055935
25270055936
25270055937
25270055938
25270055939
25270055940
25270055941
25270055942
25270055943
25270055944
25270055945
25270055946
25270055947
25270055948
25270055949
25270055950
25270055951
25270055952
25270055953
25270055954
25270055955
25270055956
25270055957
25270055958
25270055959
25270055960
25270055961
25270055962
25270055963
25270055964
25270055965
25270055966
25270055967
25270055968
25270055969
25270055970
25270055971
25270055972
25270055973
25270055974
25270055975
25270055976
25270055977
25270055978
25270055979
25270055980
25270055981
25270055982
25270055983
25270055984
25270055985
22698666706
22698666707
22698666708
22698666709
22698666710
22698666711
22698666712
22698666713
22698666714
22698666715
22698666716
22698666717
22698666718
22698666719
22698666720
22698666721
22698666722
22698666723
22698666724
22698666725
22698666726
22698666727
22698666728
22698666729
22698666730
22698666731
22698666732
22698666733
22698666734
22698666735
22698666736
22698666737
22698666738
22698666739
22698666740
22698666741
22698666742
22698666743
22698666744
22698666745
22698666746
22698666747
22698666748
22698666749
22698666750
22698666751
22698666752
22698666753
22698666754
22698666755
22698666756
22698666757
22698666758
22698666759
22698666760
22698666761
22698666762
22698666763
22698666764
22698666765
22698666766
22698666767
22698666768
22698666769
22698666770
22698666771
22698666772
22698666773
22698666774
22698666775
22698666776
22698666777
22698666778
22698666779
22698666780
22698666781
22698666782
22698666783
22698666784
22698666785
22698666786
22698666787
22698666788
22698666789
22698666790
22698666791
22698666792
22698666793
22698666794
22698666795
22698666796
22698666797
22698666798
22698666799
22698666800
22698666801
22698666802
22698666803
22698666804
22698666805
16609989720
16609989721
20412817131
20412817132
22595653630
22595653631
24703830476
24703830477
21155124309
21155124310
19844776967
19844776968
28050424044
28050424045
16403932113
16403932114
27747261516
27747261517
15103156504
15103156505
16116214056
16116214057
15030167433
15030167434
27552790570
27552790571
20317126557
20317126558
20098454221
20098454222
15376254513
15376254514
20610473416
20610473417
15276313204
15276313205
23156870462
23156870463
16006036778
16006036779
18733999570
18733999571
16741195121
16741195122
20048039715
20048039716
14915819507
14915819508
29481563844
29481563845
20925097718
20925097719
29504131243
29504131244
14857529401
14857529402
25169323363
25169323364
19903466045
19903466046
16196953637
16196953638
26724413073
26724413074
25277913010
25277913011
22115762588
22115762589
22652385301
22652385302
25927908728
25927908729
22394892111
22394892112
16711857765
16711857766
22130227948
22130227949
21178235136
21178235137
25262555195
25262555196
16105027099
16105027100
16826687983
16826687984
25220496335
25220496336
19923533484
19923533485
26635001819
26635001820
15896948601
15896948602
14927611194
14927611195
17400181545
17400181546
20226743968
20226743969
18367222346
18367222347
22119878157
22119878158
27826430590
27826430591
28011111331
28011111332
14966599007
14966599008
15760713002
15760713003
27239772811
27239772812
19986632991
19986632992
15199957432
15199957433
15511572270
15511572271
18955639085
18955639086
16134605064
16134605065
14758264420
14758264421
25839080281
25839080282
18024415573
18024415574
16753399315
16753399316
23024225584
23024225585
26109903173
26109903174
28276122623
28276122624
22110634758
22110634759
20819143196
20819143197
26081251056
26081251057
26597073265
26597073266
15103644410
15103644411
23817511381
23817511382
20966834001
20966834002
16116754414
16116754415
28432829778
28432829779
17654156478
17654156479
28161538222
28161538223
16249958930
16249958931
24242741392
24242741393
24241103257
24241103258
26954571785
26954571786
14860282374
14860282375
16757870884
16757870885
23051791065
23051791066
26281132094
26281132095
25644946156
25644946157
23383792323
23383792324
20091457251
20091457252
29130604823
29130604824
16104493736
16104493737
18493221852
18493221853
16059426300
16059426301
16102449710
16102449711
19343753686
19343753687
15782765013
15782765014
15706025169
15706025170
26030823846
26030823847
23081983104
23081983105
27588242311
27588242312
23648081216
23648081217
23372042529
23372042530
20851625054
20851625055
15350347368
16288518993
14816970435
20604796851
14815204533
20990787989
21143279458
16744596871
27860293206
29081253588
24986300920
22220805262
20584939157
16293805981
27194347648
20895056527
22912092167
20891273093
16017084634
15383743625
25280813222
22532217551
28890660107
26504173048
19429172607
18114917673
21603935168
26010579006
14770323668
15389653957
21312352338
24743237744
15160193495
18806836417
15877045694
15536850724
17803965167
25574172818
23718448835
23074000549
29163874637
15884203981
28015668535
25212281913
24320212870
16404918929
16697551779
15376765465
16551686377
27833750111
21649119309
26011791357
17405644679
18961756926
21042475320
22940204020
20755783704
28232583906
28606428083
23005835490
20108400916
28876076150
26329096200
19318122040
20209250616
16201084390
22906073690
17795158700
19031488633
28515874476
15181896990
27254060392
20245206159
23781086356
20672343426
23844988152
25162029515
28767850564
27479157542
23016539587
19261792319
22093622630
21113339171
17108160609
19908980244
23281222416
17078494725
21230690379
22751798434
16780804550
20866046681
23231711240
28413990938
16531275659
22643762689
24822478145
16969161823
18816574029
16609643785
16238000204
26954852686
25206635916
15306698372
24825818875
22262112730
23727057165
25033187920
16644795366
15877509804
21363842502
15349150810
20864255713
21235028684
27913473711
25116899942
20877606440
25594842918
20052062169
17225012011
16039949393
21824615386
14952588917
27355072809
23780286311
26393310719
25653569575
17481166911
16895735213
17912296980
16650054397
28525952494
20342260050
21624909818
15823728219
23402619137
22310865179
16289911380
19874267780
16836480185
18308404574
15838564594
21914803944
14811386960
26503242846
18189318449
21737806348
18219619416
21838551271
16483660185
21831077401
19979069914
22866947490
26421966880
16845083060
23410791091
28858833058
18606997431
16274365080
19609453974
15513829946
28604550628
16977278442
18791637223
16221396529
15655587130
16354523388
15076240085
15315217776
15213299807
16471278003
17755776646
15863794409
22378381929
21103930885
28112122251
21010376552
15677113898
25481453860
17451546982
24645530961
21149878585
20310287880
21346766372
23200951769
22173947074
23953249749
16213375351
27530884461
21879606529
15209362220
22760559319
15493109168
19061485313
19347757843
18292247948
21543706305
26338180507
29224476620
19246225572
19892876764
16084025673
15321294450
25133800089
21365467464
25002807521
19874710987
25027481250
27607420817
22408431941
16138079886
27337733418
25234078258
22285762355
17829938507
17012388155
22375635771
24173723509
15545964936
17698332790
21426439024
20298207539
16639426590
15566243456
17917636872
16673325628
29475344505
25789889007
23399982683
17329608156
25862527161
15840334928
17059605794
22321002984
19357989205
28109283062
21913171966
16348543415
15738369022
17569343790
16008249684
17274997224
21624795080
18280610989
16282197497
28281054272
22187924536
26893304411
17513300796
24923870506
27232079752
17535450201
20773395649
15463639868
27668555027
20298260928
28497093277
23630036655
16608615963
19475642085
27469658067
16821221917
27254683874
15012120689
21480461018
23818738381
18582004089
15433874168
29339030442
15086048370
20831741229
15342464208
16301305852
15180753076
18149247677
27278150351
18080177943
20552940104
20280448102
14961858532
24448859692
28404056342
18903501334
14953647458
20731886019
15007239108
23528727573
20959858110
14866195089
18071568021
18780994278
14830900019
15817703417
27505690233
19238180174
26587814741
29496716178
25897611658
17353614841
16834954553
16855458106
21640306934
20718363492
20186991820
17569755129
16627288548
28041305487
15628625686
18297448302
21718103095
25495081695
17346806384
21010520054
15907339619
16072690829
16978660196
20775646128
25405220120
15338508390
28928277222
19808413379
25657254256
16288639888
18188775903
29174118015
16237603527
17355887866
21589827328
19379982680
22590565818
16514717214
29210701585
18037063635
16795658301
23654431247
28249692850
14913749867
19967523891
24168837832
20467780317
22284860781
20936101201
15665285161
19449857445
20757033945
15532423150
16911520378
17653383978
15643791039
19407590184
15398077566
16241094865
17591615138
17152174137
25386196413
23732350578
24675665968
16374397999
19526418175
17266826461
25808831291
21433276347
20548097397
19520509466
21644268611
16703468368
25012906179
26160458740
27806366522
14773786947
27080881689
14993787584
21772117689
27031121203
21478391295
21218630009
17330535504
14889252228
29247005025
16069312076
21782143300
19550135679
24761901328
21289355421
28135869730
24364638238
17084171810
19406306708
27893786775
26303337745
20344077238
22242988042
24899210037
17945280438
15737764940
16465900859
19005871147
19939929301
19993411084
22469874278
28230972246
24223596805
26964857094
18760456404
28383839487
19356618497
16444733897
14826868817
17033111789
26722938710
22106036394
17000964164
25336427713
26562340216
26110490140
25758821558
15736404720
17590760598
24198810178
28245640889
22366712175
29349287103
16016165774
18603597866
27211950452
29019703749
17874828887
18223477858
23315985479
16958621285
27931285173
15988774819
23604809379
26786658080
16067284866
25191215430
18287026759
22342254586
17059040165
21182085750
20729735504
25897425999
15842245683
25475273717
24301195774
22843138544
19341984584
25380045361
29174512993
26119798531
16828607906
17412968710
18265990810
26653763803
28634484963
15134670593
16499720073
17298933087
23284017387
16514051352
28591994108
19209499663
17101035973
16716536905
20244298542
22678393211
26574367149
20733429052
22897158058
15410260617
17459837121
18201190040
26192885980
15444993518
25669199002
27536229153
23310514356
26717989462
18140728311
18792546898
17625536112
16861476719
14863254866
14821875489
15187839627
22915089960
27908565135
17539036968
22255610793
24375097090
19523818425
22400492758
21512078619
23914683364
25797008383
21236365756
15343690197
17406851206
15201150198
16940963808
29362631426
23286740103
15998929990
16161738838
25491547710
17466782641
24128925967
19817660126
16624441807
19926215610
15242393518
15606521898
15674099874
25349120947
26677949917
16219087547
24276782042
21760791319
20933986827
23102179785
16137231378
17566694758
15092250858
21650224114
16097513721
19459187366
27143969800
23247471382
19244326998
14973665778
23888155610
15663002982
22656368743
15798911523
18937090605
21972867735
21670974580
16580450189
22990468968
20070443930
25270235362
18562028439
19812478646
25385202723
16113133249
20376615488
19351396973
19005805030
21566108738
17098074041
18377338317
26801545180
15998192531
27754106851
22485916058
18291669154
15458156710
22124871249
21550139143
16284817876
26481686109
21137839581
16195042352
17336889114
17249695466
21883717414
26077588787
20313596837
21579097525
24095338831
23324726267
26632542601
22542472252
22906279727
17429326306
29033855381
18367360932
25555670134
24313988062
28899863966
22720536956
26893222293
16445410129
20877093709
18176331327
27370556257
23381835405
25776772733
26606593169
15230229982
18351974338
19082593667
15973527503
21123596328
15576589825
15528953162
22786525978
19840212420
25157296009
18417069588
28688510496
25837561523
17146703004
24359278273
20542626532
20695830092
25263862636
28670842478
24299153157
16135923941
25593912548
16695884690
22699662567
16442636616
15476802830
15770041641
24498580546
22231132707
19781806473
23374394038
24395502025
23963301251
22747073475
19372425091
19288495740
28711393972
15865814890
23674487746
23359554653
17503388894
22784864693
21433438185
26362417381
23527145671
16734806300
18958521641
15658786512
16315921045
22496752024
28053462308
28207521633
23779162867
21515566408
18465016454
22077215399
18929086600
22479897051
18701411521
21794036549
26796993035
15848092466
16392115967
16383848583
27420734306
15903222217
26250977549
28579649020
20655715966
25908940346
17999386685
15163364633
21090447039
16388599703
28122069994
26360182014
18003581710
24852842046
19299435399
17108127854
25960682078
18425656313
18863576191
24993210744
20172952017
26717774471
22532313082
20179756233
27211907218
27608697103
27259216917
22062043538
21938952026
29286636855
18555610515
27424426578
18697914644
15849224230
16085365375
15712579718
18835256054
23735119392
21991271453
22436860526
17194435740
18829364805
27439378644
21716646057
27425802970
23693625649
17174754344
29368231400
16962828947
28495635367
21157925460
17126222168
18339257126
21951989646
14808297888
27287992511
15813227089
14955087991
16925515600
14974972094
27040955324
16868450210
22693013434
24325846447
27013275203
25944184388
15569861079
18161671579
23353025500
25074504598
15296311259
15776976518
22951768697
20587761168
17465387398
22524414817
16148633432
22143283622
15092795227
21543450251
26605200630
20423104189
16697839106
20863101756
28543608153
22958869846
26641734891
21017907596
25169868277
25264132674
24776346526
29215572981
22153865074
25503710448
20745410626
27619944461
16686492249
18642029496
29312074520
18405030665
19787298253
15782598365
19101541954
21115466289
24186458566
21391099094
16114514626
22711502394
20034528076
16167876043
15749849122
29009623607
17390883227
22688648922
27821357690
29241831786
28840954880
26958617861
27644882628
26096797265
27448762376
22986941735
26056898686
15724385344
14941262898
17556623967
27037840594
20031763680
15784188532
23184468842
16444233999
25929653609
28642424318
24789739299
15912444565
17137979554
15291927475
21246965444
15868593187
18339616972
16436283770
21956851683
21613204204
15098064802
21267191251
17494967300
17195528094
29149506827
19863158211
24779772079
20198908579
18822410881
25369938720
24207541535
25944068780
27990027451
16435787933
18348617238
15262038281
28563722847
26103312202
18622871639
16875150179
15471466235
17125491544
15353255899
24660675870
25499923328
29143845274
29045739880
29250305411
16661962640
27385561120
27049696545
16435684917
24270382409
26395535566
18252285587
22974992304
16595578974
16683291579
23039396679
16055463760
19929833421
16092878087
16371989561
24743206297
22909500979
15956585886
20399592055
25035289326
23998481090
28938025736
16422975782
28444813267
24190920508
27608731481
15668452473
23409446626
28836651452
20715547518
15114403187
16709307052
15570379323
15628144774
22937565962
24168783891
16870880359
17226711665
20327211758
20955929246
15553513869
19416551925
28985136596
28914632651
15250530523
24528555736
23925540326
15676304905
18510634725
22611711055
29006513349
27798610061
18923235313
25789203443
27975235942
16171827717
25658414870
15487688284
22126202410
26948560067
17444905293
27735934039
29384403324
29215622717
22588635797
29004605298
22250336715
19997254176
20734652577
21781375445
17098126784
16165732300
19970755360
16597401941
19101629687
15251437177
20088302172
22160715876
26821068026
22024124353
27117374005
16497246172
23367245891
25940682145
17843225173
26007481706
22182762665
26121141504
22839702684
26407638016
29320701438
27932804612
15794883948
16942529188
17920178975
24041758155
21387297787
22489791197
28759235098
19080631111
23161243651
23115821537
27358786272
22269996954
27229705382
20019300828
20167585623
24836002183
16939666380
19756329142
22325552345
27045683556
15552315460
14865351435
26188633075
27145042756
28946102330
27552177966
15557665303
25816069509
18953434433
19959770117
16586375569
16801572034
26840659549
28232249687
15389104628
15026619685
24789719014
24625439726
16678993254
22460398175
18524464352
16598960888
18516661851
16744135181
18386017508
27893691684
15726284710
25930431515
29428217039
21468896916
28148422720
16409488679
15030553983
16455532681
21220320313
25808073399
17274407160
15837959818
27626839824
18320870060
22242266789
27504357972
26275876368
26764349435
16644178274
27512095233
19213337339
15375932754
17179585851
27913433729
26249719780
22375257930
29224610231
15348223026
20682207432
21774163221
19702457682
16596033907
25111496967
29455964107
22694095691
16035756207
26208711383
16464999667
29366913221
24888053149
24161455153
28099094243
23996817061
26527467364
15451094375
18237222506
19362230395
28371400294
28494056497
17776741535
21922728158
23638073515
17020008798
16698363279
20274475997
20154446360
20307075297
28955285062
29075483600
29508184070
19747085230
17110621607
22283352392
15469522380
23185853731
20616478501
19037051699
14800185370
15132405267
15592902411
23667826822
16129633925
25610197247
28176815396
16872039775
26082426893
26168634676
29510497355
26152100395
23544937287
25032487728
28955988050
21354345059
26239139735
15150068635
16777924043
16536159649
20337940449
16595270536
29299884544
18264526183
26346192006
15279829713
19782559707
24898054179
24408563102
23354043067
17180532464
19762313200
17311030635
26480345454
16452584781
19482687802
18415932344
27445426958
18101174243
26971139620
18060295395
20551183927
24193499526
25327985584
22105748831
25575514069
17241009924
17241009925
17241009926
26918155823
27884642009
27345419596
24982915207
16986788160
27780143398
21971261178
19608367661
25298328413
14769122963
17158850688
27070203158
26182101917
17717668767
14783292714
25372772859
19280755750
16015989181
18129642779
15774482283
15255359110
29338829440
21043129763
15353732501
15150780485
17340583916
15607077616
24073656947
24841139709
19829430049
28699732273
27311849413
16413837017
29168895107
21263613763
16004386935
15226984344
25170504782
28289647178
28299355877
17787799226
25612905243
23996194361
24768154423
22464365303
16439374437
22931770187
28029166393
17015495632
19706855533
25313747606
20784191939
15050142109
15596363250
19677827541
16057386354
23232738966
19527278290
15979337799
28718164464
25345644837
15136015698
15989005786
29204947284
19955575969
23133763363
23134875484
29384004203
27559615916
15755480400
28352502986
27726837832
28742706740
18019472338
16928449980
19911153999
25618723323
20518834420
19930860559
15337212432
19892153195
15102711079
28863994576
26324176789
17596019409
15031104050
21236618247
17177643893
29033800865
26258209238
19270679966
29322996117
22418918812
20913324798
26346973850
15259013095
26270518122
16397572374
20993309533
24080716456
25521621980
16910232824
25994106743
14877603124
20648321461
18217228365
17632867263
19950248622
14805538823
18604653900
25837745178
28092280387
25532272206
20925220190
23644641876
19055798987
20787192060
16733257635
27392316770
23116730773
22260005497
14992366260
18760226401
26543760058
28783826743
20253812352
16556087889
23044837384
21372847168
24709151093
18937005408
25762271923
23834412786
16889620900
26425500492
22644289371
16771076050
15493785558
17383243488
24734675540
22065948808
27615281667
14868678347
20270731095
20315592330
15305470204
16119888722
16661577129
15274744263
28564940258
22193380514
21560076375
25336320026
21467762758
18782672632
17264233036
16743833078
18426097380
20734332429
18685645372
26734302109
25051429965
24830715828
15110726184
28320794112
26170475806
17566108623
20624121219
16658525302
26940147985
29481952783
29196963472
27499030605
22865527841
20869876786
21905537444
22566400693
21558044714
25362921521
16461853931
20191107021
14816460847
29261001811
24899226691
28422018824
21670869246
29505712820
18210728590
26068843898
28179228333
26215350706
28040391997
27571004760
24777849597
15372950857
23957674642
15220827728
21216167518
19053965868
17933399066
19907425124
17080287736
24231034671
17105025773
20576657455
16103788931
23886556002
16820647525
15794493595
18994007925
23127174802
16556197937
24385543679
20488064768
20724357991
18458703190
16854531802
23166524427
26514123694
20812482276
16336825686
25995587157
16497567797
14848259107
14788066815
23834235699
22783107540
29194128510
26248099292
24241046099
28343403825
15802980164
16674418223
25708514504
23928917053
23253434518
22096020260
15924892206
27809307937
19224227397
17910528418
25466016628
27730514095
19101417050
15714090404
22512535929
22742304294
15098922481
15230331088
27962810511
16272001526
15625272929
20137954322
16237124742
24645295807
15160300347
24402645564
19249318368
24932012796
16887616199
20962365570
26971856497
15235664014
24685839838
15033948036
20354247948
15963468104
22750447287
24846484884
23525845503
14923869125
15815395807
15411639216
17390507144
25246583415
15084121243
22828740308
15582955261
23482156467
15549870689
29386540578
21501997871
15294566911
16694191697
16189777979
18181910696
15369165751
17807810417
17795319037
28744388383
22790872699
17561683462
25618844965
27078359556
27058976140
15477236409
27488112238
20314717311
17716294764
16951849802
16579325162
17280996928
27961318709
22840018405
22136345960
14957819530
20496219647
18545815462
17178367319
25636295066
26274314572
22847403898
17072937516
20716013882
22844460920
26521963310
27739345995
23332201213
27470320643
29380766367
28925565791
22087128361
16958791692
16792179601
18939511551
17939934526
21931979842
18579399722
27241887012
15281470208
29039228681
26339409669
15657134511
21063846690
22888470609
18688808853
15532030132
24341485562
27869770913
15919807658
18203197855
15198494363
16215952208
25235692157
24573764871
16001178660
17003120993
28725644915
14858259402
25798867778
17437791573
26376277418
23387379648
23208565977
21865663075
26178203133
28442437049
15105976451
23890086739
15679076568
27514744481
16172230749
15163833792
22742155419
15307301135
16489019285
14806197983
18154807219
16983117663
25073182750
15907527451
15449017935
23637812173
28190746560
29037238792
19121411611
17851854960
20251303836
28084518639
25885259903
23366338272
15298657388
24639425622
15072224150
25588910887
28270988420
24855258069
19431343645
29495669569
21800219310
17178829660
24438148455
20363040224
23193222515
26934841586
18813107181
22498430452
21147490120
19546595745
18515272316
23191837824
17357684332
25906176444
21796548126
16900194392
23735917986
15566225340
26825438042
16833838566
22290982121
16230999959
14928927608
16545381517
24890252634
15797775398
24658569020
21530012610
26124113049
24357586947
17149880893
15011831944
26859357785
24864483404
19009494789
16922165170
16987962399
19265422213
18208115004
18154403276
19979848274
17215403671
27681426718
29165737387
20868821015
16783096171
25491472549
19204669093
17589859471
29360641887
16379004217
14910590491
22426163782
26427340634
26131273793
24919465079
21961866841
21187452941
16041428927
23817700712
24047398625
15603201837
23325705003
18939745690
21791315572
27335469594
16383029302
25651874973
29351356446
20318647169
25578304958
24938824582
25572294603
25532726869
15619481223
16437826406
17774945093
15891216290
20792559032
16806284939
15106910546
17319661998
21493609729
16237905499
18966351717
22427676206
17027046398
16937913308
15120182794
29503947322
19250509712
15537036103
25419542953
16274114249
15953113785
20832004458
23964199132
16630406382
24505307047
25159233172
17535292331
22386508112
23807369358
17745048536
21231514341
17786575662
27430342593
20132769001
19222344991
24476045728
22029531237
26712928227
26166296599
15396780217
28666140953
23781535359
25828606912
15405967166
23233891248
15685850619
25412449161
17481266983
22006861972
15425611948
24685776706
14998218371
25097745528
14965415379
18861001261
26258203247
22817445643
27187545907
18852221017
19448932141
29123089219
14975330150
17070507399
15061904156
15892189097
28943542886
27352041606
25996090653
23748974586
16561493291
15216193129
18045935746
16838250510
20360246558
19267876656
16773309491
16397977470
14824546177
14861916070
16995980986
20504566023
16013540018
24401424227
23944959200
19073381475
26865046587
28798419809
23264233448
16008354710
26063322596
29426111330
25630611313
16464226032
22090292641
16207079876
19946942916
17514476372
16548079844
26638563836
16273571138
16609543940
27991311944
17942690238
27055412497
16215644789
23157421281
18370431634
27352432400
17968921885
16892097729
24182163711
25663605202
16853121504
27825099045
28015825365
29075174113
27504063637
23159554890
15324504231
27824748581
27861416041
21157356624
15149312184
23952806541
26857250563
29228592374
17265748493
28661548992
19917338183
16073453337
20292342618
15153488850
20427516445
29015237522
25312339856
15093462701
25109802700
15191860400
21627047554
24513740183
17338855453
20784444375
26845687871
19844678055
16959838705
15144805761
28221347011
27401584431
15087959616
15540583952
26132830231
25741384827
15369717437
26170447946
16176693275
15938252693
16415462020
24885887735
27155226605
16905329778
29438584789
14945882959
23176403251
29398090447
24653587678
15877936784
15967805808
26561382510
22626984362
20900361896
23287573354
16638121768
23082666506
17516322928
21655981854
15771880089
24660011061
15777254051
25496788026
16174683045
28280890940
15142723147
15684305085
26934729643
26865629605
18033052303
16291740416
15120114140
21745811440
24101906969
18557644836
17597049761
21607585607
22202384727
20361882264
29406866332
16636910249
16108755687
20169659272
19631126485
26480784318
24011239253
22687695373
17009597278
19069720959
16267339308
15803964587
22910104432
22387009102
16607823643
17658247847
15283852818
17830009353
16062397994
17154716328
17102818909
20778703521
18846802920
15113776946
17805859504
16599810639
27563425045
16558909526
29443145191
15480878999
16893983002
16718527026
22003130202
25911432843
23152225690
22466028731
26332922221
15355062961
20362594805
24156291698
15515630663
25738755132
20222588349
22452445275
16915916243
15296070295
28542592074
20196180680
29175489958
19668406394
18993939690
25656675981
25892488937
21998884937
21305605268
15973147182
25224552722
17086816331
16461577081
16408218587
22030766666
19428471801
16520943892
18284013453
27560852095
27153304685
16461767699
28561860988
18348372587
24476014242
24294996443
27594320771
18593985546
16154682183
26492609673
28733862314
25254737544
15292070528
20112718399
14889192043
29307957304
26451300908
17657711490
22211408133
27578011351
20320243060
17307646277
16005661140
17519974423
28347049725
26230527767
15857192072
15060719156
24556186314
26883168985
22555728518
26218951228
28881713778
21652663062
18451262110
24373378744
29473733102
23639330518
25776352620
14986134596
17404832357
25823185644
25992385709
15736633717
15557307295
19222887834
29002943291
27187265001
14819531028
16872225719
27663563378
19798276403
17481140149
22527879040
18689759717
23837060234
15126089563
15629886383
15568069989
24101025130
27458542049
24368382476
15645806127
16024257789
25989954793
28935944222
21492512248
25145700047
24723612879
22949920774
20695538632
24499192726
16233427082
28416262451
21872795640
28559659392
16065512372
27043804811
18891974114
16431350161
21856645713
28392721056
19140577346
18822243820
24104031894
18126479204
16153378429
18299560229
16691133598
25912736321
26973124354
25617542165
19560974896
27382681292
20437051962
24769743868
18083517785
28045155180
27521899038
18576935906
29257475732
16953785420
17581849789
28746989106
16811557206
16883816297
16001763419
25755087921
24563214319
16460710765
28042494723
16436438521
25271020378
16359372954
23972167217
15743293421
15177885038
14964529905
15703681055
27011348600
24827381500
19764991190
16134478152
25847195294
17516284870
28553578812
15017658184
19505277467
25698555186
20316973935
15995061752
28330745387
21121733394
16681409691
19436446176
23991803022
20499394219
16151206985
28513414942
18939434893
28256157336
27899873043
23801046067
17810152875
26324144598
20575560969
22631922492
26743498909
27500207410
26928029194
21245428349
19566940073
27214915308
27067807779
22164288268
22642299429
25357157251
28733610293
19009666762
28144593136
16132681817
16401466069
22971417092
22563037624
17648639853
20387342227
17945327074
28030424261
16397147811
14762864854
23454222687
16453879928
25997617544
16518791344
22308630805
20344218732
20763732366
18183841042
15055492182
27322256582
28784101427
16253689964
28232791539
17131814835
23614073447
23771562999
15396263145
16741514470
28025179778
21483705067
14879971665
29079995694
21657404608
25585626463
24486631858
26811727994
25966853322
14898284541
23083916141
28130302534
15113113719
28084902454
18674593420
17334351122
24079028811
23117663568
16078913584
14839800220
21695996630
16019572061
23449062814
22400934175
14807900834
26215116821
16625572835
15179147561
17946456055
15868021687
25321607244
23528794625
23786385801
24315820973
16021259377
17176947134
28308918042
24684843937
28749326418
25476400106
27823373976
16519349511
25390179963
15326399275
29406790549
17061900944
20866924917
23010503266
29387080533
15480529667
28980789798
15424256281
15051353992
22884441216
15302466262
17424431189
23246117528
29141363378
15931338081
19105664137
18512111883
22694045166
28281372037
15963771581
23802125967
16555454095
25118960885
27073747392
15267975981
18455980806
26523452239
16632513216
23325992350
18231015030
25748144708
28693625525
23321917581
15748743184
26049329563
17197917734
18591004312
27153144828
27722090374
14888344175
21277324841
23929644728
28788599773
16610393638
23579789021
17449770227
15020767019
26811301267
16413672842
24999330243
23467889716
22519123972
24666582530
28261000771
26903922137
15558672981
27418716992
24356294147
23270715378
19818775414
14835221824
20996087167
18498961491
23134152238
22250784408
26430617332
25006400666
17042783759
23920487156
22233877117
25466611293
29323417236
19869161251
26977926671
18275694525
20385939978
18206380765
16933917812
17405358092
19138684750
17881279087
15905273328
26135247424
24833738792
25984460655
27543625793
25443103362
22410616945
23270981317
26245810878
19664572262
23465271957
19331135046
20058937949
27831934410
23462993752
20254231680
21704789276
14913914895
22075965045
24208688107
19358810358
17167256019
22786305869
26130643063
16291427287
15344250799
24045649417
28232819852
15877040182
17891801385
24111970818
26869615996
20045344108
29468591571
15752146123
16566625655
21998717556
20454452740
25138815347
15333425141
17014673525
14826232675
26805379702
28462713843
23037043467
25074876548
20114925346
24243919202
25072708215
22493033112
23153623055
29284222160
15387678735
16743934955
23713008108
21038968091
16598472460
22891714200
15424940303
26257831318
24228536642
14858593817
26050569595
19452676986
29330949984
15338783394
29077184875
25028081432
16342377244
27134546724
20689729714
19154749830
29456356251
16795018304
25404962613
17423074954
20304214561
27927256980
19032161165
27524335784
25274080892
24306373834
20398895020
15651234616
15311362891
15175830128
20399486202
25724628614
18520674504
28881776722
15082165773
15689586054
20317276825
14917129233
15603248018
15228726579
15502729160
16608876766
28498182810
27280726135
14898298507
23833921037
23495412806
23373383782
19816930059
29091655297
29154713129
22598188447
26846992812
21976243426
18877923059
23863683246
26997509973
27063481974
15422635994
17226621887
21491048037
26023274875
22125319789
21326735495
26461367673
27938016093
23414946697
16916305273
15360397961
23045355205
17134864234
28447760275
21052827485
29360255223
18549109458
21844871875
25897151099
24574338330
15458949790
16844381952
29099915843
19244076208
21215093312
15536956592
15508496002
16449715785
15003500434
15662456393
15345477289
16203241017
28011102519
24915407761
18590752373
15171845142
16399918304
27141665910
20457041616
24736502637
23573793544
17137384338
17425175982
20742563438
26696430853
15836956639
29374593493
23969843089
29326022631
23054649006
25315491620
20261711363
17612347472
20705415808
27934942403
23811664540
25016010365
29118708462
23289405740
17733862495
27627408396
26015091162
17176917170
19470532863
22180338122
24206996844
14775344235
19847062587
21288027817
15905261660
27696648577
16516444089
28088570434
18083923460
16086539607
17466535742
28753348161
15542541892
23548205791
16862217730
20043344971
27776831746
17431071733
29232728912
16571580835
24114858143
15728763104
29086683371
26620622558
23694111527
22461164501
26284540544
16745950606
25640777924
27938501880
28356215179
16238696305
17500630039
15203463739
28042692698
25013329164
20457124894
15791844245
17010121951
21231562760
28220666796
16388086566
15321579587
21413393098
18878317487
14978082998
24818740134
29007792298
17531614189
25965190342
16659220360
14809276799
24824859367
19994550382
15213649190
16914325141
19239997799
23669607288
27288299656
17467480411
24370125595
16425970290
19116943319
16620973107
23459408479
23306106006
23232229368
20681464721
28529683029
20938004822
21444885955
16457516623
19680814951
24873564210
26731074624
27771280453
15828976989
23311707663
21404794001
25063373873
19675468830
20110760918
28422633327
19666370662
16424188502
15707324912
22665808579
20404093487
26448591668
29340488888
29243644101
16059260979
22057837804
23244009152
27479461516
19665806337
26004105704
24628908104
25260057575
26460133760
17504147528
28807656143
15896986998
15561632717
16981062507
29200661942
27267251523
24553395107
23806823775
24410120996
14849189261
16014252412
20844285434
16711534944
28680172024
28699011422
24393422215
25342423927
24142654993
25857027971
15458093686
22754699051
21778791086
28091834508
21102566676
20945996122
23926768600
15779420809
25098233293
20207059577
28097333296
19921047847
25850369690
14847975297
15826088668
21540158137
18435792000
24323338675
28880570075
20946595505
27246223783
20100448049
21181622057
16915483567
18647458646
20281729621
14800056653
23872375228
16101130364
21587492628
16785655946
18192256219
16073070535
17822239589
15918157794
15146714497
17247245408
24571999009
17572167576
27738101756
26643373634
29273634675
27592615393
23863427806
20998936272
20444766480
18730756432
29002869350
28425677912
14913984838
19129609424
14811541663
17944555073
29316991527
19458994404
17790718331
17760628086
27706100680
20207489802
27679195037
25623607815
16660010438
29095301497
17755682686
20428142895
22551622485
20310990259
21650742786
16779806162
25099313370
16535028923
27416553151
24171697249
18027902632
23452286639
19821341121
22938466585
23849554376
18869868367
18926576949
20390477105
27023956944
27654144548
17907479086
16645341912
15829928557
28212405346
16112344625
14954563208
16565818622
15264966187
20361908747
16050555307
19162786296
21393177147
23152222035
25603621524
24876889946
15925679682
17291164161
27561642919
26042516366
21465933961
25169372324
17970622332
20535233391
28177806940
26000503435
28931173674
15560123958
25717777058
28904169397
28631754682
20460339270
16875374959
21613272061
25894102976
27749677747
24351885961
17131411058
16154629271
17053897235
14924694756
22095193025
15692151363
26624921439
18542860920
20253727330
17182800701
26627417418
18880423178
23243100245
15049616155
25121205980
23608240375
21584334121
16329169838
21723517096
19483140542
14778062510
29137639040
29123821631
17386403559
16535424810
29165790279
23324713424
24450087666
21556524307
26551194263
25699041766
28377095110
23658898267
29260291167
19590672497
14897654336
22512821188
15726898525
16451864376
16697836705
17823701345
18458705570
27694990729
25401389064
15449659254
23149945618
24172672231
27194983929
21605665321
18435813033
17438410362
28304611324
17118182812
22747616608
16845109128
17521546558
26490378621
28434923492
18674922468
27190007476
21372575243
15751348691
21037412835
22371409453
27003355335
16422701915
23460671488
27851357046
15573407279
17027110555
17106296495
16660498831
27283064256
19205201930
23408375262
18495388360
24448301354
27812048506
23791396097
19875877493
15421221554
17260578840
28816629710
18406998080
15179385191
20943675895
22534040939
20972537776
29391863942
15576740570
21881881780
23122091314
18613977552
15993933976
15346702312
20775546000
24421400549
27331928902
21409777707
16654586771
21075609145
27149478425
16037085314
26531901855
15989009860
27293313597
22922169454
21834891959
24848539897
16244698611
16163301795
20847870756
28121438239
29010902792
17033677826
19359073915
19407216895
15124932649
18171457094
21091640344
21961334620
18086864672
15841218345
26086360666
27297468115
19113535884
24734944707
16598492222
18912142102
17081772957
24920733504
27414311488
24197450212
15923043710
22350423442
19591304545
24373943171
18830805844
15991011432
23019569068
15613618779
22279350115
15997962914
16527198121
16816558090
16126598753
22647212041
23572120695
22938036867
25929063648
16396707836
16812561788
19429666987
17498441234
19478127193
16438260096
15424931768
26276116595
24590037148
18844873865
16709006256
27042047997
14771687040
14915812655
16874143559
20500977043
27830983842
25913055702
17167771745
19741396021
16959668446
23584977864
22733178957
15747878390
22372136595
27040462391
26024256699
23837373152
26614457188
19803436714
24816274666
22527048065
16828651617
15295803372
26871510933
26674543654
17678581925
16444610847
15964612358
21329212031
25400411132
16922812323
23867097443
21222085370
15273540380
15103787489
23480994278
20823581448
25313347271
24842820350
16636956382
15921555197
25004750170
16066234066
25784816429
15611995020
16379976125
24836846448
23628105460
23108337730
17666314799
14985254062
21953167025
25135963402
25941581809
27441462945
26181993867
24918386012
23488623072
23544470587
19110578265
27049553238
14780181754
19527615019
26710236226
22957115878
27288774494
21156892878
26250910404
17229856847
26408707395
15487273613
15291553132
17031782100
16916641517
17547892919
20249296471
26682796108
28093291215
17990162276
21876398688
23284294506
23538596555
25514889735
23788066493
24233277238
15746335110
22056123497
21286989973
19360564391
20227114477
27559581500
20061592717
15928713515
20019047813
22823215201
23900397349
21426754860
21324207926
17731760205
23807132511
29417047310
23362481830
19023786510
15903033237
21324874280
21995459232
23208506698
20702663961
19909478626
29311575873
19773773920
16788413558
26237497600
29005928860
16457183179
15545453189
16888096978
18251112290
23711389932
18961162897
16684311269
15477444044
25094862503
25193438688
18242701938
22657572648
24129661834
16357569846
22075675603
26226600838
17575979354
18891156984
26306229935
24103098925
28389293349
21015082827
18125713255
25716990712
18292224720
26386809284
29271413592
23786690384
18788375508
16003775826
16723566978
27530279645
29147883511
15107271824
16112314981
18046923551
14899819746
29184707003
27024059804
23425632497
23306188485
24383588402
23977791111
23099324509
15902555154
15799014029
21484816322
18555835527
16701707502
14944069828
19877187388
18765562469
16925475664
15130034604
17092381393
15516842614
19087224776
21960189909
16452858508
18115086459
26669208869
27228747956
19187441109
22556445476
24829916648
19915610601
17104967481
16523835909
21572303580
23153628883
17275674720
16722892422
15395716439
25133859489
14964248737
21431286312
19669388164
16912448076
23692570072
21009774852
18732642508
19994176882
15976081235
16195208167
25035984394
18552267710
25385188203
24685832986
17042130177
23209761913
25064934467
24254356837
22106981745
28568719422
16171133035
27328212387
15944697658
27825764524
22641441832
22553845619
28165401846
19568333753
25404127083
23017549005
16148249562
24095134867
21065797704
23794973635
25162403361
15739838906
25512155415
15344771406
16556485209
14950450189
14829978887
21420807628
19452902954
20051292069
16965877156
23586701692
20118739345
24496174635
23305818747
17871188421
18691312703
15954844605
25678437674
17184597268
24897094535
21524088924
23437754672
17183653852
19694593562
27150651515
19345856839
19488816390
28912655821
20885191282
25850168512
19930725225
25368404046
17451913183
21063610631
15425078625
17028570876
16662002694
28192663621
22101446421
18209060444
25144647178
25290589787
21749158564
20829674218
14954648325
24182707565
16339499790
20885997079
28677610960
16613914787
19137798530
15113463730
19299449845
26780545354
18669620661
14912187859
22981992190
26859959151
19441213065
28770203968
17123876459
15387562614
25417642780
15513931589
24927769686
16687928640
15835814458
16891224906
24024532618
19281594078
28040492443
23348165240
27363678599
26529096256
14832857833
21048969246
16225364450
21386154427
20565362326
23990125873
28822209625
14785219870
17441547533
26343157878
16894891348
28525058056
15772671545
27576524714
21018641295
24214618742
23503486640
18275115075
17741042788
23962177916
24694769559
21380817892
22967303835
25004836542
20122548065
28692230273
24676238017
15601087141
21677186101
23185178326
21476768268
26553119765
28910002417
20364723358
18064481666
21326914914
24864734384
22571009001
18154701722
24628506541
19934582136
26560205179
19484733499
19393711069
21070783103
15426454724
24344400588
15018661765
21070051923
21748876126
28046776702
28298449386
25326193758
21152244018
21652358581
15813322010
14813362920
28939769165
20204531702
26984048758
16446120052
23293541911
28179757314
20223503584
16292782471
16312853083
23641129154
23296027792
22377147917
22992500211
18474529311
16349204399
15322265441
28953568949
16786601397
15251780895
26177568246
15463155508
21158715883
18972666063
25877851788
22979832211
22417551614
16381756774
18469044941
27740721108
20263443677
16662655494
16070859427
18288886740
16604463700
17440843762
27016696977
15480136653
28312271639
16759319089
28030077650
19336990327
26372414792
26933186198
18161275089
15163188768
20305141974
24145548770
24222967057
26796435821
26498580644
26726209832
18583549700
15245438247
16205021936
16108213920
15879422296
17353256860
27111951999
18679040684
15081647907
15588787944
28230847880
19169072155
24051950741
27979844083
22910886931
28545349537
28521664053
27632047776
25926241989
18368210476
15214518561
22221240569
25310473369
16546549598
15048489355
22278573866
22941832589
22917651409
27243361881
25113039349
27064652662
21448039796
17120102575
24895608782
25336834342
16703568417
27655914655
23929495839
16055475841
14833106602
17092525919
21511179991
16438312211
26665403445
25685573625
25728634013
25891309148
25088591439
18411392294
26620935917
28629819412
15222723734
20408232940
27751691119
14893077465
23835430054
16412700765
28435299644
27460745514
17379918598
26919621220
26974282620
16347032242
23461255469
26125842334
15167884321
27462448396
23938504907
28542427240
26737906343
21204978991
20597636638
19251001253
18411680683
26799110976
26389409741
19068349663
29376831329
17244332406
19541572266
19681619412
26287282667
18419753708
23296362601
23633338607
23654069018
18860781799
19195727946
22068596665
27530748016
22621623926
25095282459
20224970431
29513596230
16749870813
23730210840
23286894419
23619362291
19199126705
18486446590
20208800169
15252782992
27121868050
18218418245
15993386009
17741478711
24411707503
24917397086
18252364158
22402846982
15625944571
20393413737
17310365877
25963966800
21963502433
21957795453
16602344629
27024862217
16123718546
21640644777
22227966745
25193367712
28561721105
21298917600
17244657773
16705635392
15986091817
16006716781
27106957881
27972103691
19186097357
18024440253
26468202031
18883224874
19070008009
14993021535
19892607764
23513730244
20764546923
15939691996
20525779909
25400794349
15135164319
17847469463
26345581593
16112768834
23161493674
24137815393
21392694004
26359735857
20500751120
18173919091
21884850702
15315624786
16737796112
23162390766
14904767281
23031102291
22968782504
26860875886
22058688695
25681440390
23614239130
15303952400
25393116394
26473000727
15523952881
20025045594
15281330839
24567107840
17328753024
16345018502
22475367272
26982307852
22207987906
16973682772
22880469112
17156190398
15022008046
26622263693
17696079944
15480661376
15119258065
19207942612
23081088724
24681896525
29222686099
28854153584
16176464632
18929624868
18346181408
23309183733
19267590472
28177748796
28212026218
15095202268
16401762800
28494898104
18260666825
21211039700
25279002423
19597617610
16763182965
26744833441
18841318821
20918938471
19917679195
19781623838
28466980142
17344197043
16942834768
15706058735
16931529445
23400303617
22571920678
27417518975
16677173209
16149276891
20711034245
22960350737
25069916392
23555844256
22858367573
27322510916
17108605711
16938608902
22312953918
23211815897
18900194187
18564012690
16430548422
21912518090
18922952240
15114912332
20192364193
22983783385
16206558173
28594043758
27953957674
27955736424
22268587923
15506484004
23075946945
25893763431
25553543188
29160189829
18407970398
24684877517
21051773633
14900397341
24845091074
18234709324
15917212369
16600730919
16417575376
22625408898
14822500554
19143817888
25341421914
16233077228
15293668797
28467328153
24074760993
29378143536
22005998442
16692272886
23924026970
27266239664
17683302573
19940130213
15343890356
15540614480
17231113294
15581126826
17129687214
28819995687
19037648324
18700180804
16431138210
16164798877
20629752132
20055997803
23624522480
23889713227
22072602479
22172520569
26015067101
18691014014
26916137089
15286608766
29003694393
28956175720
21103658739
21236530783
19907582575
15561007204
26345730756
19243643328
20699651467
17781676672
15065561319
17547848559
26828016788
24595452953
16473282668
21768249916
24346016503
20056201220
22402082978
19719497736
27779909326
20653145731
28708936015
20900083193
18013552226
21718330696
15677789409
25001544411
26726645141
15861261541
22691489523
26903996830
16924610069
22477288869
15303419899
25553744537
20806107484
16143325683
24191821456
15126081302
23943958135
25880637669
15903962047
19936108240
15750428637
20021136411
27384560139
15228822125
21771502347
20688547678
24515899942
21913566409
18161657042
15880327044
27939746487
20189481644
28096137506
16612109707
24866437746
21449194258
16146359395
25924924713
29179413265
28253466361
14835684524
20163924686
15086717856
16365378410
18437306985
18829897138
26826130310
15930310053
21961277798
15119275813
18142429767
16427421340
19796260276
17236915251
20821732481
26637240560
15491794714
22875615578
29039195433
16313335958
15381948657
27937805996
25127945582
25019776649
20120235528
29091769912
21512239004
27959424444
24441039547
22256383380
15060196511
15983011087
16540115103
15323913771
19345765163
26063993037
27245115848
27802131312
25285055941
15832389489
15902022624
23283379273
17254413042
28479890600
19168581298
27606836432
21120492020
15104371786
23889512276
19267156997
16701551811
16197776242
26145208942
14971485263
16521991914
18021836935
29368895495
19821877376
15106259920
17813580566
17399369133
25543756483
16613252961
18543062308
16140465314
16644121379
24351559716
15686953635
24780220472
18465195180
15523873035
15753198366
27649280893
29097997193
21462105366
16031512500
19244656082
25997086251
16855782082
19910136517
20769557297
24175570309
16236567411
26298310655
27234437154
18065812427
26178980410
23370530033
28840947894
15424640858
16625633298
15638021205
19665870560
16275608972
16482005908
17507612940
18058293661
21664323004
27780687614
26355648580
26057461286
20215918938
25810303206
16154798080
18064377619
28474954172
15857073499
16481133276
22182384963
16335758693
27917111599
21989357866
20879684279
27867550453
21971946333
25351999788
15038208151
15905777013
23131662350
17908724011
24934384080
22131571055
20782471355
24044861573
16731756397
16080040109
25925017123
27491085708
14931412956
16858893740
25827469443
28738123744
15385772138
18758428990
21707296754
19743189820
25759057858
20357470116
26463529789
17075389442
24778157647
16338268567
18319474767
22986118860
20384327477
16204822664
15500693505
16980751150
23951918606
15354382547
24950058228
24305788597
26287210664
16950168177
15709085171
20711656980
15196606706
29089561993
23119655808
16110146766
25954581113
24126709364
22805374935
19005643867
28670612342
28628558820
21289043827
23749538167
29042384942
28003578845
22220501964
25700692647
27659283525
16715236772
25853692159
16970851990
17252877217
27127500342
22675394986
23968440632
27472031944
16251431605
26847607378
28094874196
20963818872
21284195242
19775913073
28693520883
17297861967
24793191485
27989523563
26617333993
15539694098
21776703861
17850951283
28887127835
20432844104
28714838096
16509036880
22559287668
24669929947
21443002796
17620919810
16579967633
29318927642
25136071819
24290309983
28089591789
14766086840
18962725828
20924565007
19942569565
21895825964
17553184655
22326035378
15791302009
19830064516
23366389579
25999674097
24437933058
18834070204
27828152832
28641680175
17064065252
23311893128
15993241095
20989548971
15447801902
21506296188
15023719058
24530431730
15344566538
26086765693
22987641396
20643524347
15567261637
21102910114
28525127855
25885936019
27405284041
19289797353
16925648736
29209105873
26740327125
22227684013
23753150558
24169979696
26862265411
28833709689
14844688061
26216660119
26484702787
24401966293
27339213711
26606348227
16870418869
27494528056
17104926586
22447845630
18950871745
17865181633
21505289680
15829830361
27941334148
15073234815
24722302329
20297708787
19547874075
21545248853
24120444205
22240505359
16482681877
17255411370
15973572211
15113413291
23239932260
24105626154
27256434817
19037776905
29179782733
28111659721
18106894853
27296317689
21190456157
19003563677
16092020729
16320483000
23122193833
16240626365
22123306844
15832350853
21247309822
22545621883
21230182354
25346273628
20454143951
27707692290
21340448933
28196804220
21719633656
23028898031
27751160362
29064869117
20260179014
18450939380
26168122827
18616835763
16388269418
26536878114
17084244040
15742412324
20586527010
28273989812
25429241444
19788933346
20561949383
16459551895
23613196678
24344438827
15277001111
27580226515
27872737553
25701501068
21950494701
21596510904
17034498972
14804065553
17366768865
24175683735
23438486482
16582568715
25279974857
27124007373
19194461309
25386843958
20438390091
17117046665
15363129013
28695176234
22294380395
21466109254
24184958260
29277088685
24623384141
20925619055
22044291358
18702586752
16213619156
15689022203
15375055242
23013696628
27904473923
19637661873
27567180565
21490779777
27567991717
17507086410
17598295089
15554925841
25762218901
16803914724
15086636269
22085540408
17972033706
19285607602
23141410385
21597979691
15234343131
15392791688
22412784148
21393934295
28707176700
17837777119
19550994530
15755336579
25393808460
16275482763
29436332553
20259838062
16821898192
19504017362
20004786844
17800814564
18969933682
23875183649
24263596491
19527864351
16446475156
25298325985
27209636090
22493548518
17623563252
15102279689
24756361451
24332278896
18981006447
24465500512
24815228103
17787550234
21099689025
21590999710
16788875859
19884977810
27990392168
21617325928
18896005067
24850421211
22110886003
16431293771
20356335615
16369803896
27234806285
14830557262
27783763560
21378317738
25092988477
19445123203
18112478047
14955905818
17313353623
22058724172
23973978398
24588001031
29432472912
25110199032
25331445980
22945822464
24169969148
22950478844
15213467375
14794492506
23925111084
16665374310
21126543768
26848458171
26648444523
17292557011
25261477998
16841797366
14771506604
19492803785
21776596451
24233235819
15739979702
21999888574
19664821464
15922894141
23018568956
28864099686
19551490424
18263051668
16417379016
25115126773
21348668076
28405186322
16086525065
15039321036
20335303034
23036717324
22603385095
25544727460
16797975573
20128284536
28014913949
19794893037
15292865662
29003210612
24961479532
20361402087
15832233318
26121972903
16347167174
22390006410
21150197385
18630440564
21089887287
19983638501
14912212896
16923284911
23625958919
19544671828
17166623348
15932095282
23951241608
28591124398
19517297631
15802973683
24189953336
28569459114
23944610324
15454265871
17782430639
19141314673
17361912553
14770539498
19312737774
16633744546
24746977667
16791402805
26322342155
28840214220
28673869414
25146934676
14847781433
26318444059
27869151739
26461994829
15623175008
20746462509
25608659450
16506992788
15067534800
16181256231
28832240251
14819487903
26705903034
20640308859
28598597178
28437929630
23329476522
27808068959
22268143848
15464001006
15276218402
16456716982
24190849500
16880670741
16258771572
24343187377
21528737947
19238462496
17086546342
19366882255
28935735008
16683831195
17642510489
25149073635
18386564352
27103814459
24158906880
19563264437
25643301941
17895476059
17385711792
15026900214
19131424184
18207021201
27155282895
17094542325
16900403550
22269404750
25031922970
21283048690
15422043521
14782515757
16595597669
21057936573
23179305208
16707122064
28729461536
27773627229
16819543970
19049402194
14859091885
22888537636
17736593312
16106670339
17061795809
22138292350
15961396059
22272819324
20019829058
28061626355
29432337095
17207931460
26316905318
27692792368
16081399135
27755154556
14958144867
15824503547
26607230455
19038234797
16682990269
26803178004
15403310720
20313364746
25358292244
19450369500
15313563111
17160620437
16314263669
23412201479
17484613253
28585018155
19308808259
21100157242
20376848703
23926586557
19299195499
23758341577
15783367262
15215938218
21549083853
16643387308
15632774505
24485241154
28526317506
14931900911
26985879426
27846516115
21789452158
26647520567
20518858132
26639930344
18495976573
16912090649
17287514926
24794892822
23378326389
26048629393
27442931540
26172366589
21350447956
29420251605
19834859183
17877493191
29139230350
17054307410
17325609445
17441357208
24625874004
15512891841
16799715344
26766652063
15969151029
25469956702
22851000720
26040418729
17330281031
15212068136
26673232333
24737445001
27421304523
16705560041
17053246839
28582847334
16595756231
27216827198
17817928848
20345185932
17120436995
21564707028
25522610475
27847852571
24618643908
16129707874
20414526005
21058170764
24867209251
27017080145
14860477615
24270859219
24926677706
24215442626
19042402158
28697008504
22537637857
17065070630
22977175483
24451566669
14862921815
26505652058
15767895257
18295827468
16582882495
18935682943
22339650743
14922278655
20277678674
16819507778
25643150733
16949031991
18985164822
19462070147
25761467936
20043915130
19004575020
15387267956
21425220240
16766210281
16148148404
26624988517
23097054623
16050871584
25734598311
26288603979
28662776667
15060081771
16017280368
25067017667
26237818064
15729820547
14883956915
25407570442
23668744531
22956707967
15140538277
16339538974
15795775989
26068825663
15292026006
23442229821
29482409769
20045217880
21451501536
25674088495
17827767698
16645393515
15268977290
20014811773
24906384409
17080024471
28345735473
23079090645
16007289004
19643783801
15408102245
21346385492
29172594161
16143989732
21282267437
26878545763
21607270707
26301464906
28880673917
16115412239
18016053693
16044757061
15718066012
27113696420
24206402090
15310051805
22475012254
23814560269
20268599969
25947530227
19991965610
22235445408
21347248068
21677168124
27410581968
27707952816
16884889357
15360805292
22596946347
27555898653
16852880735
29239366031
23846357435
29348802263
24368973294
14764802050
27355125991
20966650896
17050986752
21504164324
22169272635
19113415322
23842695624
23831486270
19711054623
16162215948
18768037139
28310451211
24120858222
15077682324
26486152295
28056745140
26313151079
23379989490
17133789187
17142338307
20295765886
15689878553
25269986652
17761708332
16436271365
27070376600
21079804573
23583369923
20024224639
18117872733
17367664977
21606407433
15652668773
18151991088
29423590665
17071213893
28972973402
19557560990
16163138951
15535344395
17403545062
29062260639
28995139162
27967559157
14768297735
16958752382
19952040544
15503575139
20313764169
26592271645
21707388089
15066613970
20211686738
27321168692
18517717723
27261940920
16074545770
18527654541
16718116957
28517009752
27939022031
21051250897
20186376307
25298204034
17778093217
21565706322
18281363709
15675390204
24149961884
16743471065
22285110149
28021960745
16886338360
17122230643
27164393839
23444489471
25970907021
16444905161
23417680890
15454992214
16194847920
19976055478
20709852924
23008841782
20324046093
16324012411
16949134870
20331020750
22476820761
26486259717
15001767964
21875286015
18655449773
18876443596
27809874189
26469801817
27812623418
23583788581
15833961116
17640952519
28537985613
28730312706
24910984613
17916018046
22556043491
27721812122
23160318382
14964500405
16880633199
20718390519
17001347343
17399516561
23201155312
27910227579
16755593794
18888821914
18185496281
21889085768
25101902335
26511876937
28503232564
23303079151
20818041900
19885357598
28631841909
17728913445
15008330198
26609579158
23487744286
17172312179
28064648269
15065346098
27768104908
27655113363
15640805555
17118799470
26428631205
19180203990
18286714519
27845589366
28407937830
23653247262
27528022624
15398226635
16609066732
27970884120
18593524527
22561365084
28353546007
15674052298
18463108972
27440078911
15535639154
25810425064
16248584648
26810194265
14943468683
21239228959
26373123414
28783817493
18449129232
26200282451
19246249673
23300302162
23618777284
16426303327
22941178576
24259057549
15483029776
25880516308
25637008293
15450288963
17009058667
24062902803
20234225065
24487806922
27560729530
26121484296
28321137566
16450381217
28329456812
27207934536
19992983448
28281137343
16711018905
19062178178
18640781174
19589815694
17457764172
17183822591
27314286778
14937034721
21784699676
20050315887
15972187471